2026-04-18T00:30:18.579+0530 [DEBUG] [org.gradle.launcher.daemon.bootstrap.DaemonMain] Assuming the daemon was started with following jvm opts: [-XX:MaxMetaspaceSize=384m, -XX:+HeapDumpOnOutOfMemoryError, -Xms256m, -Xmx512m, -Dfile.encoding=UTF-8, -Duser.country=US, -Duser.language=en, -Duser.variant]
2026-04-18T00:30:18.699+0530 [DEBUG] [org.gradle.internal.remote.internal.inet.InetAddresses] Adding IP addresses for network interface vethbfa64f3
2026-04-18T00:30:18.700+0530 [DEBUG] [org.gradle.internal.remote.internal.inet.InetAddresses] Is this a loopback interface? false
2026-04-18T00:30:18.700+0530 [DEBUG] [org.gradle.internal.remote.internal.inet.InetAddresses] Adding remote address /fe80:0:0:0:4c0c:96ff:feaa:e2f%vethbfa64f3
2026-04-18T00:30:18.700+0530 [DEBUG] [org.gradle.internal.remote.internal.inet.InetAddresses] Adding IP addresses for network interface vethea49a75
2026-04-18T00:30:18.701+0530 [DEBUG] [org.gradle.internal.remote.internal.inet.InetAddresses] Is this a loopback interface? false
2026-04-18T00:30:18.701+0530 [DEBUG] [org.gradle.internal.remote.internal.inet.InetAddresses] Adding remote address /fe80:0:0:0:54fc:75ff:fe63:8d89%vethea49a75
2026-04-18T00:30:18.701+0530 [DEBUG] [org.gradle.internal.remote.internal.inet.InetAddresses] Adding IP addresses for network interface veth5f1fd71
2026-04-18T00:30:18.701+0530 [DEBUG] [org.gradle.internal.remote.internal.inet.InetAddresses] Is this a loopback interface? false
2026-04-18T00:30:18.702+0530 [DEBUG] [org.gradle.internal.remote.internal.inet.InetAddresses] Adding remote address /fe80:0:0:0:e416:50ff:fe06:4de2%veth5f1fd71
2026-04-18T00:30:18.702+0530 [DEBUG] [org.gradle.internal.remote.internal.inet.InetAddresses] Adding IP addresses for network interface veth1a0e8cc
2026-04-18T00:30:18.702+0530 [DEBUG] [org.gradle.internal.remote.internal.inet.InetAddresses] Is this a loopback interface? false
2026-04-18T00:30:18.702+0530 [DEBUG] [org.gradle.internal.remote.internal.inet.InetAddresses] Adding remote address /fe80:0:0:0:b070:7fff:fe1d:a2d7%veth1a0e8cc
2026-04-18T00:30:18.702+0530 [DEBUG] [org.gradle.internal.remote.internal.inet.InetAddresses] Adding IP addresses for network interface br-9c9d1d14ca12
2026-04-18T00:30:18.703+0530 [DEBUG] [org.gradle.internal.remote.internal.inet.InetAddresses] Is this a loopback interface? false
2026-04-18T00:30:18.703+0530 [DEBUG] [org.gradle.internal.remote.internal.inet.InetAddresses] Adding remote address /fe80:0:0:0:b4de:e7ff:fe6e:7e43%br-9c9d1d14ca12
2026-04-18T00:30:18.703+0530 [DEBUG] [org.gradle.internal.remote.internal.inet.InetAddresses] Adding remote address /172.19.0.1
2026-04-18T00:30:18.704+0530 [DEBUG] [org.gradle.internal.remote.internal.inet.InetAddresses] Adding IP addresses for network interface br-82fe0e401357
2026-04-18T00:30:18.704+0530 [DEBUG] [org.gradle.internal.remote.internal.inet.InetAddresses] Is this a loopback interface? false
2026-04-18T00:30:18.704+0530 [DEBUG] [org.gradle.internal.remote.internal.inet.InetAddresses] Adding remote address /172.18.0.1
2026-04-18T00:30:18.704+0530 [DEBUG] [org.gradle.internal.remote.internal.inet.InetAddresses] Adding IP addresses for network interface docker0
2026-04-18T00:30:18.705+0530 [DEBUG] [org.gradle.internal.remote.internal.inet.InetAddresses] Is this a loopback interface? false
2026-04-18T00:30:18.705+0530 [DEBUG] [org.gradle.internal.remote.internal.inet.InetAddresses] Adding remote address /fe80:0:0:0:7052:60ff:fe92:a28b%docker0
2026-04-18T00:30:18.705+0530 [DEBUG] [org.gradle.internal.remote.internal.inet.InetAddresses] Adding remote address /172.17.0.1
2026-04-18T00:30:18.705+0530 [DEBUG] [org.gradle.internal.remote.internal.inet.InetAddresses] Adding IP addresses for network interface wlp0s20f3
2026-04-18T00:30:18.705+0530 [DEBUG] [org.gradle.internal.remote.internal.inet.InetAddresses] Is this a loopback interface? false
2026-04-18T00:30:18.706+0530 [DEBUG] [org.gradle.internal.remote.internal.inet.InetAddresses] Adding remote address /2402:d000:8108:353e:8444:31b7:6847:17d8%wlp0s20f3
2026-04-18T00:30:18.706+0530 [DEBUG] [org.gradle.internal.remote.internal.inet.InetAddresses] Adding remote address /2402:d000:8108:353e:7696:b436:d845:f80d%wlp0s20f3
2026-04-18T00:30:18.706+0530 [DEBUG] [org.gradle.internal.remote.internal.inet.InetAddresses] Adding remote address /fe80:0:0:0:2e9e:f29a:f848:317a%wlp0s20f3
2026-04-18T00:30:18.706+0530 [DEBUG] [org.gradle.internal.remote.internal.inet.InetAddresses] Adding remote address /192.168.1.18
2026-04-18T00:30:18.706+0530 [DEBUG] [org.gradle.internal.remote.internal.inet.InetAddresses] Adding IP addresses for network interface lo
2026-04-18T00:30:18.706+0530 [DEBUG] [org.gradle.internal.remote.internal.inet.InetAddresses] Is this a loopback interface? true
2026-04-18T00:30:18.706+0530 [DEBUG] [org.gradle.internal.remote.internal.inet.InetAddresses] Adding loopback address /0:0:0:0:0:0:0:1%lo
2026-04-18T00:30:18.707+0530 [DEBUG] [org.gradle.internal.remote.internal.inet.InetAddresses] Adding loopback address /127.0.0.1
2026-04-18T00:30:18.770+0530 [INFO] [org.gradle.launcher.daemon.server.Daemon] start() called on daemon - DefaultDaemonContext[uid=bb7e8095-3a97-4917-a9da-e62e239e2c37,javaHome=/home/intervest/.jdks/temurin-21.0.10,javaVersion=21,javaVendor=Eclipse Adoptium,daemonRegistryDir=/home/intervest/Desktop/IIT/cloud/cw1/cc-cw-group-03/search_service/daemon,pid=303917,idleTimeout=10800000,priority=NORMAL,applyInstrumentationAgent=true,nativeServicesMode=ENABLED,daemonOpts=-XX:MaxMetaspaceSize=384m,-XX:+HeapDumpOnOutOfMemoryError,-Xms256m,-Xmx512m,-Dfile.encoding=UTF-8,-Duser.country=US,-Duser.language=en,-Duser.variant]
2026-04-18T00:30:18.783+0530 [DEBUG] [org.gradle.internal.remote.internal.inet.TcpIncomingConnector] Listening on [710e502e-9680-4521-aa75-ed7da72a27e1 port:36845, addresses:[localhost/127.0.0.1]].
2026-04-18T00:30:18.808+0530 [DEBUG] [org.gradle.launcher.daemon.server.Daemon] Daemon starting at: Sat Apr 18 00:30:18 IST 2026, with address: [710e502e-9680-4521-aa75-ed7da72a27e1 port:36845, addresses:[localhost/127.0.0.1]]
2026-04-18T00:30:18.808+0530 [INFO] [org.gradle.launcher.daemon.server.DaemonRegistryUpdater] Advertising the daemon address to the clients: [710e502e-9680-4521-aa75-ed7da72a27e1 port:36845, addresses:[localhost/127.0.0.1]]
2026-04-18T00:30:18.809+0530 [DEBUG] [org.gradle.launcher.daemon.server.DaemonRegistryUpdater] Advertised daemon context: DefaultDaemonContext[uid=bb7e8095-3a97-4917-a9da-e62e239e2c37,javaHome=/home/intervest/.jdks/temurin-21.0.10,javaVersion=21,javaVendor=Eclipse Adoptium,daemonRegistryDir=/home/intervest/Desktop/IIT/cloud/cw1/cc-cw-group-03/search_service/daemon,pid=303917,idleTimeout=10800000,priority=NORMAL,applyInstrumentationAgent=true,nativeServicesMode=ENABLED,daemonOpts=-XX:MaxMetaspaceSize=384m,-XX:+HeapDumpOnOutOfMemoryError,-Xms256m,-Xmx512m,-Dfile.encoding=UTF-8,-Duser.country=US,-Duser.language=en,-Duser.variant]
2026-04-18T00:30:18.810+0530 [DEBUG] [org.gradle.launcher.daemon.registry.PersistentDaemonRegistry] Storing daemon address: [710e502e-9680-4521-aa75-ed7da72a27e1 port:36845, addresses:[localhost/127.0.0.1]], context: DefaultDaemonContext[uid=bb7e8095-3a97-4917-a9da-e62e239e2c37,javaHome=/home/intervest/.jdks/temurin-21.0.10,javaVersion=21,javaVendor=Eclipse Adoptium,daemonRegistryDir=/home/intervest/Desktop/IIT/cloud/cw1/cc-cw-group-03/search_service/daemon,pid=303917,idleTimeout=10800000,priority=NORMAL,applyInstrumentationAgent=true,nativeServicesMode=ENABLED,daemonOpts=-XX:MaxMetaspaceSize=384m,-XX:+HeapDumpOnOutOfMemoryError,-Xms256m,-Xmx512m,-Dfile.encoding=UTF-8,-Duser.country=US,-Duser.language=en,-Duser.variant]
2026-04-18T00:30:18.824+0530 [DEBUG] [org.gradle.cache.internal.DefaultFileLockManager] Waiting to acquire exclusive lock on daemon addresses registry.
2026-04-18T00:30:18.830+0530 [DEBUG] [org.gradle.cache.internal.DefaultFileLockManager] Lock acquired on daemon addresses registry.
2026-04-18T00:30:18.840+0530 [DEBUG] [org.gradle.cache.internal.DefaultFileLockManager] Releasing lock on daemon addresses registry.
2026-04-18T00:30:18.841+0530 [LIFECYCLE] [org.gradle.launcher.daemon.server.Daemon] Daemon server started.
2026-04-18T00:30:18.843+0530 [DEBUG] [org.gradle.launcher.daemon.bootstrap.DaemonStartupCommunication] Completed writing the daemon greeting. Closing streams...
2026-04-18T00:30:18.854+0530 [DEBUG] [org.gradle.internal.remote.internal.inet.TcpIncomingConnector] Accepted connection from /127.0.0.1:51636 to /127.0.0.1:36845.
2026-04-18T00:30:18.858+0530 [DEBUG] [org.gradle.launcher.daemon.server.Daemon] stopOnExpiration() called on daemon
2026-04-18T00:30:18.860+0530 [DEBUG] [org.gradle.launcher.daemon.server.Daemon] awaitExpiration() called on daemon
2026-04-18T00:30:18.861+0530 [DEBUG] [org.gradle.launcher.daemon.server.DaemonStateCoordinator] daemon is running. Sleeping until state changes.
2026-04-18T00:30:18.916+0530 [DEBUG] [org.gradle.launcher.daemon.server.SynchronizedDispatchConnection] thread 32: received class org.gradle.launcher.daemon.protocol.Build
2026-04-18T00:30:18.917+0530 [DEBUG] [org.gradle.launcher.daemon.server.DefaultDaemonConnection] thread 32: Received non-IO message from client: Build{id=8126becd-5c9a-4376-a89b-ab9cbb20c365, currentDir=/home/intervest/Desktop/IIT/cloud/cw1/cc-cw-group-03/vote_service}
2026-04-18T00:30:18.917+0530 [INFO] [org.gradle.launcher.daemon.server.DefaultIncomingConnectionHandler] Received command: Build{id=8126becd-5c9a-4376-a89b-ab9cbb20c365, currentDir=/home/intervest/Desktop/IIT/cloud/cw1/cc-cw-group-03/vote_service}.
2026-04-18T00:30:18.917+0530 [DEBUG] [org.gradle.launcher.daemon.server.DefaultIncomingConnectionHandler] Starting executing command: Build{id=8126becd-5c9a-4376-a89b-ab9cbb20c365, currentDir=/home/intervest/Desktop/IIT/cloud/cw1/cc-cw-group-03/vote_service} with connection: socket connection from /127.0.0.1:36845 to /127.0.0.1:51636.
2026-04-18T00:30:18.922+0530 [DEBUG] [org.gradle.launcher.daemon.server.DaemonStateCoordinator] Command execution: started DaemonCommandExecution[command = Build{id=8126becd-5c9a-4376-a89b-ab9cbb20c365, currentDir=/home/intervest/Desktop/IIT/cloud/cw1/cc-cw-group-03/vote_service}, connection = DefaultDaemonConnection: socket connection from /127.0.0.1:36845 to /127.0.0.1:51636] after 0.0024333333333333334 minutes of idle
2026-04-18T00:30:18.922+0530 [INFO] [org.gradle.launcher.daemon.server.DaemonRegistryUpdater] Marking the daemon as busy, address: [710e502e-9680-4521-aa75-ed7da72a27e1 port:36845, addresses:[localhost/127.0.0.1]]
2026-04-18T00:30:18.922+0530 [DEBUG] [org.gradle.launcher.daemon.registry.PersistentDaemonRegistry] Marking busy by address: [710e502e-9680-4521-aa75-ed7da72a27e1 port:36845, addresses:[localhost/127.0.0.1]]
2026-04-18T00:30:18.923+0530 [DEBUG] [org.gradle.cache.internal.DefaultFileLockManager] Waiting to acquire exclusive lock on daemon addresses registry.
2026-04-18T00:30:18.924+0530 [DEBUG] [org.gradle.cache.internal.DefaultFileLockManager] Lock acquired on daemon addresses registry.
2026-04-18T00:30:18.925+0530 [DEBUG] [org.gradle.cache.internal.DefaultFileLockManager] Releasing lock on daemon addresses registry.
2026-04-18T00:30:18.926+0530 [DEBUG] [org.gradle.launcher.daemon.server.DaemonStateCoordinator] resetting idle timer
2026-04-18T00:30:18.926+0530 [DEBUG] [org.gradle.launcher.daemon.server.DaemonStateCoordinator] daemon is running. Sleeping until state changes.
2026-04-18T00:30:18.927+0530 [INFO] [org.gradle.launcher.daemon.server.exec.StartBuildOrRespondWithBusy] Daemon is about to start building Build{id=8126becd-5c9a-4376-a89b-ab9cbb20c365, currentDir=/home/intervest/Desktop/IIT/cloud/cw1/cc-cw-group-03/vote_service}. Dispatching build started information...
2026-04-18T00:30:18.927+0530 [DEBUG] [org.gradle.launcher.daemon.server.SynchronizedDispatchConnection] thread 34: dispatching org.gradle.launcher.daemon.protocol.BuildStarted@7e4954d1
2026-04-18T00:30:18.930+0530 [DEBUG] [org.gradle.launcher.daemon.server.exec.EstablishBuildEnvironment] Configuring env variables: [PATH, XAUTHORITY, INVOCATION_ID, LC_MEASUREMENT, XMODIFIERS, LC_TELEPHONE, GDMSESSION, XDG_DATA_DIRS, LC_TIME, GTK_IM_MODULE, DBUS_SESSION_BUS_ADDRESS, XDG_CURRENT_DESKTOP, JOURNAL_STREAM, LC_PAPER, USERNAME, SESSION_MANAGER, LOGNAME, PWD, MANAGERPID, IM_CONFIG_PHASE, GJS_DEBUG_TOPICS, SHELL, LC_ADDRESS, GIO_LAUNCHED_DESKTOP_FILE, GNOME_DESKTOP_SESSION_ID, GTK_MODULES, SYSTEMD_EXEC_PID, XDG_SESSION_DESKTOP, SSH_AGENT_LAUNCHER, SHLVL, LC_IDENTIFICATION, LC_MONETARY, QT_IM_MODULE, XDG_CONFIG_DIRS, LANG, XDG_SESSION_TYPE, DISPLAY, LC_NAME, _, XDG_SESSION_CLASS, GTK3_MODULES, GPG_AGENT_INFO, DESKTOP_SESSION, USER, XDG_MENU_PREFIX, GIO_LAUNCHED_DESKTOP_FILE_PID, WINDOWPATH, QT_ACCESSIBILITY, GJS_DEBUG_OUTPUT, LC_NUMERIC, SSH_AUTH_SOCK, GNOME_SHELL_SESSION_MODE, XDG_RUNTIME_DIR, HOME]
2026-04-18T00:30:18.937+0530 [DEBUG] [org.gradle.launcher.daemon.server.exec.LogToClient] About to start relaying all logs to the client via the connection.
2026-04-18T00:30:18.937+0530 [INFO] [org.gradle.launcher.daemon.server.exec.LogToClient] The client will now receive all logging from the daemon (pid: 303917). The daemon log file: /home/intervest/Desktop/IIT/cloud/cw1/cc-cw-group-03/search_service/daemon/9.3.1/daemon-303917.out.log
2026-04-18T00:30:18.940+0530 [INFO] [org.gradle.launcher.daemon.server.exec.LogAndCheckHealth] Starting build in new daemon [memory: 512 MiB]
2026-04-18T00:30:18.945+0530 [DEBUG] [org.gradle.launcher.daemon.server.exec.ExecuteBuild] The daemon has started executing the build.
2026-04-18T00:30:18.946+0530 [DEBUG] [org.gradle.launcher.daemon.server.exec.ExecuteBuild] Executing build with daemon context: DefaultDaemonContext[uid=bb7e8095-3a97-4917-a9da-e62e239e2c37,javaHome=/home/intervest/.jdks/temurin-21.0.10,javaVersion=21,javaVendor=Eclipse Adoptium,daemonRegistryDir=/home/intervest/Desktop/IIT/cloud/cw1/cc-cw-group-03/search_service/daemon,pid=303917,idleTimeout=10800000,priority=NORMAL,applyInstrumentationAgent=true,nativeServicesMode=ENABLED,daemonOpts=-XX:MaxMetaspaceSize=384m,-XX:+HeapDumpOnOutOfMemoryError,-Xms256m,-Xmx512m,-Dfile.encoding=UTF-8,-Duser.country=US,-Duser.language=en,-Duser.variant]

[Incubating] Problems report is available at: file:///home/intervest/Desktop/IIT/cloud/cw1/cc-cw-group-03/vote_service/build/reports/problems/problems-report.html

Deprecated Gradle features were used in this build, making it incompatible with Gradle 10.

You can use '--warning-mode all' to show the individual deprecation warnings and determine if they come from your own scripts or plugins.

For more on this, please refer to https://docs.gradle.org/9.3.1/userguide/command_line_interface.html#sec:command_line_warnings in the Gradle documentation.

BUILD SUCCESSFUL in 13s
2026-04-18T00:30:29.378+0530 [DEBUG] [org.gradle.launcher.daemon.server.exec.ExecuteBuild] The daemon has finished executing the build.
2026-04-18T00:30:29.385+0530 [DEBUG] [org.gradle.launcher.daemon.server.DaemonStateCoordinator] daemon is running. Sleeping until state changes.
2026-04-18T00:30:29.386+0530 [DEBUG] [org.gradle.launcher.daemon.server.DaemonStateCoordinator] Command execution: finished waiting for DaemonCommandExecution[command = Build{id=8126becd-5c9a-4376-a89b-ab9cbb20c365, currentDir=/home/intervest/Desktop/IIT/cloud/cw1/cc-cw-group-03/vote_service}, connection = DefaultDaemonConnection: socket connection from /127.0.0.1:36845 to /127.0.0.1:51636]. Result org.gradle.launcher.daemon.server.DaemonStateCoordinator@5bdaf214 with state Busy
2026-04-18T00:30:29.386+0530 [DEBUG] [org.gradle.launcher.daemon.server.DaemonStateCoordinator] Command execution: completed DaemonCommandExecution[command = Build{id=8126becd-5c9a-4376-a89b-ab9cbb20c365, currentDir=/home/intervest/Desktop/IIT/cloud/cw1/cc-cw-group-03/vote_service}, connection = DefaultDaemonConnection: socket connection from /127.0.0.1:36845 to /127.0.0.1:51636]
2026-04-18T00:30:29.386+0530 [DEBUG] [org.gradle.launcher.daemon.server.DaemonStateCoordinator] resetting idle timer
2026-04-18T00:30:29.387+0530 [INFO] [org.gradle.launcher.daemon.server.DaemonRegistryUpdater] Marking the daemon as idle, address: [710e502e-9680-4521-aa75-ed7da72a27e1 port:36845, addresses:[localhost/127.0.0.1]]
2026-04-18T00:30:29.387+0530 [DEBUG] [org.gradle.launcher.daemon.registry.PersistentDaemonRegistry] Marking busy by address: [710e502e-9680-4521-aa75-ed7da72a27e1 port:36845, addresses:[localhost/127.0.0.1]]
2026-04-18T00:30:29.387+0530 [DEBUG] [org.gradle.cache.internal.DefaultFileLockManager] Waiting to acquire exclusive lock on daemon addresses registry.
2026-04-18T00:30:29.388+0530 [DEBUG] [org.gradle.cache.internal.DefaultFileLockManager] Lock acquired on daemon addresses registry.
2026-04-18T00:30:29.389+0530 [DEBUG] [org.gradle.cache.internal.DefaultFileLockManager] Releasing lock on daemon addresses registry.
2026-04-18T00:30:29.389+0530 [DEBUG] [org.gradle.launcher.daemon.server.DaemonStateCoordinator] daemon is running. Sleeping until state changes.
2026-04-18T00:30:29.389+0530 [DEBUG] [org.gradle.launcher.daemon.server.exec.ReturnResult] Daemon is dispatching the build result: Success[value=org.gradle.launcher.exec.BuildActionResult@2f4b473c]
2026-04-18T00:30:29.390+0530 [DEBUG] [org.gradle.launcher.daemon.server.SynchronizedDispatchConnection] thread 31: dispatching Success[value=org.gradle.launcher.exec.BuildActionResult@2f4b473c]
2026-04-18T00:30:29.391+0530 [DEBUG] [org.gradle.launcher.daemon.server.SynchronizedDispatchConnection] thread 32: received class org.gradle.launcher.daemon.protocol.CloseInput
2026-04-18T00:30:29.392+0530 [DEBUG] [org.gradle.launcher.daemon.server.DefaultDaemonConnection] thread 32: Received IO message from client: org.gradle.launcher.daemon.protocol.CloseInput@422869dc
2026-04-18T00:30:29.392+0530 [DEBUG] [org.gradle.launcher.daemon.server.exec.CleanUpVirtualFileSystemAfterBuild] Cleaning virtual file system after build finished
2026-04-18T00:30:29.392+0530 [DEBUG] [org.gradle.launcher.daemon.server.SynchronizedDispatchConnection] thread 32: received class org.gradle.launcher.daemon.protocol.Finished
2026-04-18T00:30:29.393+0530 [DEBUG] [org.gradle.launcher.daemon.server.DefaultDaemonConnection] thread 32: Received non-IO message from client: org.gradle.launcher.daemon.protocol.Finished@9228a78
2026-04-18T00:30:29.393+0530 [DEBUG] [org.gradle.launcher.daemon.server.DefaultIncomingConnectionHandler] Finishing executing command: Build{id=8126becd-5c9a-4376-a89b-ab9cbb20c365, currentDir=/home/intervest/Desktop/IIT/cloud/cw1/cc-cw-group-03/vote_service}
2026-04-18T00:30:29.393+0530 [DEBUG] [org.gradle.launcher.daemon.server.DefaultIncomingConnectionHandler] Received finished message: org.gradle.launcher.daemon.protocol.Finished@9228a78
2026-04-18T00:30:29.393+0530 [DEBUG] [org.gradle.launcher.daemon.server.SynchronizedDispatchConnection] thread 31: stopping connection
2026-04-18T00:30:29.395+0530 [DEBUG] [org.gradle.internal.remote.internal.inet.SocketConnection] Discarding EOFException: java.io.EOFException
2026-04-18T00:30:29.395+0530 [DEBUG] [org.gradle.launcher.daemon.server.SynchronizedDispatchConnection] thread 32: received null
2026-04-18T00:30:29.395+0530 [DEBUG] [org.gradle.launcher.daemon.server.DefaultDaemonConnection] thread 32: Received end-of-input from client.
2026-04-18T00:30:29.395+0530 [DEBUG] [org.gradle.launcher.daemon.server.SynchronizedDispatchConnection] thread 31: stopping connection
2026-04-18T00:30:38.860+0530 [DEBUG] [org.gradle.launcher.daemon.server.Daemon] Starting periodic daemon health check.
2026-04-18T00:30:38.860+0530 [DEBUG] [org.gradle.cache.internal.DefaultFileLockManager] Waiting to acquire shared lock on daemon addresses registry.
2026-04-18T00:30:38.861+0530 [DEBUG] [org.gradle.cache.internal.DefaultFileLockManager] Lock acquired on daemon addresses registry.
2026-04-18T00:30:38.861+0530 [DEBUG] [org.gradle.cache.internal.DefaultFileLockManager] Releasing lock on daemon addresses registry.
2026-04-18T00:30:38.862+0530 [DEBUG] [org.gradle.cache.internal.DefaultFileLockManager] Waiting to acquire shared lock on daemon addresses registry.
2026-04-18T00:30:38.863+0530 [DEBUG] [org.gradle.cache.internal.DefaultFileLockManager] Lock acquired on daemon addresses registry.
2026-04-18T00:30:38.863+0530 [DEBUG] [org.gradle.cache.internal.DefaultFileLockManager] Releasing lock on daemon addresses registry.
2026-04-18T00:30:38.863+0530 [DEBUG] [org.gradle.launcher.daemon.server.Daemon] Finished periodic daemon health check.
2026-04-18T00:30:48.859+0530 [DEBUG] [org.gradle.launcher.daemon.server.Daemon] Starting periodic daemon health check.
2026-04-18T00:30:48.860+0530 [DEBUG] [org.gradle.cache.internal.DefaultFileLockManager] Waiting to acquire shared lock on daemon addresses registry.
2026-04-18T00:30:48.860+0530 [DEBUG] [org.gradle.cache.internal.DefaultFileLockManager] Lock acquired on daemon addresses registry.
2026-04-18T00:30:48.860+0530 [DEBUG] [org.gradle.cache.internal.DefaultFileLockManager] Releasing lock on daemon addresses registry.
2026-04-18T00:30:48.861+0530 [DEBUG] [org.gradle.cache.internal.DefaultFileLockManager] Waiting to acquire shared lock on daemon addresses registry.
2026-04-18T00:30:48.861+0530 [DEBUG] [org.gradle.cache.internal.DefaultFileLockManager] Lock acquired on daemon addresses registry.
2026-04-18T00:30:48.861+0530 [DEBUG] [org.gradle.cache.internal.DefaultFileLockManager] Releasing lock on daemon addresses registry.
2026-04-18T00:30:48.862+0530 [DEBUG] [org.gradle.launcher.daemon.server.Daemon] Finished periodic daemon health check.
2026-04-18T00:30:58.860+0530 [DEBUG] [org.gradle.launcher.daemon.server.Daemon] Starting periodic daemon health check.
2026-04-18T00:30:58.860+0530 [DEBUG] [org.gradle.cache.internal.DefaultFileLockManager] Waiting to acquire shared lock on daemon addresses registry.
2026-04-18T00:30:58.861+0530 [DEBUG] [org.gradle.cache.internal.DefaultFileLockManager] Lock acquired on daemon addresses registry.
2026-04-18T00:30:58.861+0530 [DEBUG] [org.gradle.cache.internal.DefaultFileLockManager] Releasing lock on daemon addresses registry.
2026-04-18T00:30:58.861+0530 [DEBUG] [org.gradle.cache.internal.DefaultFileLockManager] Waiting to acquire shared lock on daemon addresses registry.
2026-04-18T00:30:58.862+0530 [DEBUG] [org.gradle.cache.internal.DefaultFileLockManager] Lock acquired on daemon addresses registry.
2026-04-18T00:30:58.862+0530 [DEBUG] [org.gradle.cache.internal.DefaultFileLockManager] Releasing lock on daemon addresses registry.
2026-04-18T00:30:58.862+0530 [DEBUG] [org.gradle.launcher.daemon.server.Daemon] Finished periodic daemon health check.
2026-04-18T00:31:08.860+0530 [DEBUG] [org.gradle.launcher.daemon.server.Daemon] Starting periodic daemon health check.
2026-04-18T00:31:08.860+0530 [DEBUG] [org.gradle.cache.internal.DefaultFileLockManager] Waiting to acquire shared lock on daemon addresses registry.
2026-04-18T00:31:08.860+0530 [DEBUG] [org.gradle.cache.internal.DefaultFileLockManager] Lock acquired on daemon addresses registry.
2026-04-18T00:31:08.860+0530 [DEBUG] [org.gradle.cache.internal.DefaultFileLockManager] Releasing lock on daemon addresses registry.
2026-04-18T00:31:08.861+0530 [DEBUG] [org.gradle.cache.internal.DefaultFileLockManager] Waiting to acquire shared lock on daemon addresses registry.
2026-04-18T00:31:08.861+0530 [DEBUG] [org.gradle.cache.internal.DefaultFileLockManager] Lock acquired on daemon addresses registry.
2026-04-18T00:31:08.861+0530 [DEBUG] [org.gradle.cache.internal.DefaultFileLockManager] Releasing lock on daemon addresses registry.
2026-04-18T00:31:08.861+0530 [DEBUG] [org.gradle.launcher.daemon.server.Daemon] Finished periodic daemon health check.
2026-04-18T00:31:18.860+0530 [DEBUG] [org.gradle.launcher.daemon.server.Daemon] Starting periodic daemon health check.
2026-04-18T00:31:18.860+0530 [DEBUG] [org.gradle.cache.internal.DefaultFileLockManager] Waiting to acquire shared lock on daemon addresses registry.
2026-04-18T00:31:18.860+0530 [DEBUG] [org.gradle.cache.internal.DefaultFileLockManager] Lock acquired on daemon addresses registry.
2026-04-18T00:31:18.860+0530 [DEBUG] [org.gradle.cache.internal.DefaultFileLockManager] Releasing lock on daemon addresses registry.
2026-04-18T00:31:18.861+0530 [DEBUG] [org.gradle.cache.internal.DefaultFileLockManager] Waiting to acquire shared lock on daemon addresses registry.
2026-04-18T00:31:18.861+0530 [DEBUG] [org.gradle.cache.internal.DefaultFileLockManager] Lock acquired on daemon addresses registry.
2026-04-18T00:31:18.861+0530 [DEBUG] [org.gradle.cache.internal.DefaultFileLockManager] Releasing lock on daemon addresses registry.
2026-04-18T00:31:18.861+0530 [DEBUG] [org.gradle.launcher.daemon.server.Daemon] Finished periodic daemon health check.
2026-04-18T00:31:28.860+0530 [DEBUG] [org.gradle.launcher.daemon.server.Daemon] Starting periodic daemon health check.
2026-04-18T00:31:28.860+0530 [DEBUG] [org.gradle.cache.internal.DefaultFileLockManager] Waiting to acquire shared lock on daemon addresses registry.
2026-04-18T00:31:28.860+0530 [DEBUG] [org.gradle.cache.internal.DefaultFileLockManager] Lock acquired on daemon addresses registry.
2026-04-18T00:31:28.860+0530 [DEBUG] [org.gradle.cache.internal.DefaultFileLockManager] Releasing lock on daemon addresses registry.
2026-04-18T00:31:28.861+0530 [DEBUG] [org.gradle.cache.internal.DefaultFileLockManager] Waiting to acquire shared lock on daemon addresses registry.
2026-04-18T00:31:28.861+0530 [DEBUG] [org.gradle.cache.internal.DefaultFileLockManager] Lock acquired on daemon addresses registry.
2026-04-18T00:31:28.861+0530 [DEBUG] [org.gradle.cache.internal.DefaultFileLockManager] Releasing lock on daemon addresses registry.
2026-04-18T00:31:28.861+0530 [DEBUG] [org.gradle.launcher.daemon.server.Daemon] Finished periodic daemon health check.
2026-04-18T00:31:38.860+0530 [DEBUG] [org.gradle.launcher.daemon.server.Daemon] Starting periodic daemon health check.
2026-04-18T00:31:38.860+0530 [DEBUG] [org.gradle.cache.internal.DefaultFileLockManager] Waiting to acquire shared lock on daemon addresses registry.
2026-04-18T00:31:38.860+0530 [DEBUG] [org.gradle.cache.internal.DefaultFileLockManager] Lock acquired on daemon addresses registry.
2026-04-18T00:31:38.860+0530 [DEBUG] [org.gradle.cache.internal.DefaultFileLockManager] Releasing lock on daemon addresses registry.
2026-04-18T00:31:38.861+0530 [DEBUG] [org.gradle.cache.internal.DefaultFileLockManager] Waiting to acquire shared lock on daemon addresses registry.
2026-04-18T00:31:38.861+0530 [DEBUG] [org.gradle.cache.internal.DefaultFileLockManager] Lock acquired on daemon addresses registry.
2026-04-18T00:31:38.861+0530 [DEBUG] [org.gradle.cache.internal.DefaultFileLockManager] Releasing lock on daemon addresses registry.
2026-04-18T00:31:38.861+0530 [DEBUG] [org.gradle.launcher.daemon.server.Daemon] Finished periodic daemon health check.
2026-04-18T00:31:48.860+0530 [DEBUG] [org.gradle.launcher.daemon.server.Daemon] Starting periodic daemon health check.
2026-04-18T00:31:48.860+0530 [DEBUG] [org.gradle.cache.internal.DefaultFileLockManager] Waiting to acquire shared lock on daemon addresses registry.
2026-04-18T00:31:48.860+0530 [DEBUG] [org.gradle.cache.internal.DefaultFileLockManager] Lock acquired on daemon addresses registry.
2026-04-18T00:31:48.861+0530 [DEBUG] [org.gradle.cache.internal.DefaultFileLockManager] Releasing lock on daemon addresses registry.
2026-04-18T00:31:48.861+0530 [DEBUG] [org.gradle.cache.internal.DefaultFileLockManager] Waiting to acquire shared lock on daemon addresses registry.
2026-04-18T00:31:48.861+0530 [DEBUG] [org.gradle.cache.internal.DefaultFileLockManager] Lock acquired on daemon addresses registry.
2026-04-18T00:31:48.861+0530 [DEBUG] [org.gradle.cache.internal.DefaultFileLockManager] Releasing lock on daemon addresses registry.
2026-04-18T00:31:48.861+0530 [DEBUG] [org.gradle.launcher.daemon.server.Daemon] Finished periodic daemon health check.
2026-04-18T00:31:58.860+0530 [DEBUG] [org.gradle.launcher.daemon.server.Daemon] Starting periodic daemon health check.
2026-04-18T00:31:58.860+0530 [DEBUG] [org.gradle.cache.internal.DefaultFileLockManager] Waiting to acquire shared lock on daemon addresses registry.
2026-04-18T00:31:58.860+0530 [DEBUG] [org.gradle.cache.internal.DefaultFileLockManager] Lock acquired on daemon addresses registry.
2026-04-18T00:31:58.860+0530 [DEBUG] [org.gradle.cache.internal.DefaultFileLockManager] Releasing lock on daemon addresses registry.
2026-04-18T00:31:58.861+0530 [DEBUG] [org.gradle.cache.internal.DefaultFileLockManager] Waiting to acquire shared lock on daemon addresses registry.
2026-04-18T00:31:58.861+0530 [DEBUG] [org.gradle.cache.internal.DefaultFileLockManager] Lock acquired on daemon addresses registry.
2026-04-18T00:31:58.861+0530 [DEBUG] [org.gradle.cache.internal.DefaultFileLockManager] Releasing lock on daemon addresses registry.
2026-04-18T00:31:58.861+0530 [DEBUG] [org.gradle.launcher.daemon.server.Daemon] Finished periodic daemon health check.
2026-04-18T00:32:08.860+0530 [DEBUG] [org.gradle.launcher.daemon.server.Daemon] Starting periodic daemon health check.
2026-04-18T00:32:08.860+0530 [DEBUG] [org.gradle.cache.internal.DefaultFileLockManager] Waiting to acquire shared lock on daemon addresses registry.
2026-04-18T00:32:08.860+0530 [DEBUG] [org.gradle.cache.internal.DefaultFileLockManager] Lock acquired on daemon addresses registry.
2026-04-18T00:32:08.860+0530 [DEBUG] [org.gradle.cache.internal.DefaultFileLockManager] Releasing lock on daemon addresses registry.
2026-04-18T00:32:08.861+0530 [DEBUG] [org.gradle.cache.internal.DefaultFileLockManager] Waiting to acquire shared lock on daemon addresses registry.
2026-04-18T00:32:08.861+0530 [DEBUG] [org.gradle.cache.internal.DefaultFileLockManager] Lock acquired on daemon addresses registry.
2026-04-18T00:32:08.861+0530 [DEBUG] [org.gradle.cache.internal.DefaultFileLockManager] Releasing lock on daemon addresses registry.
2026-04-18T00:32:08.861+0530 [DEBUG] [org.gradle.launcher.daemon.server.Daemon] Finished periodic daemon health check.
2026-04-18T00:32:18.860+0530 [DEBUG] [org.gradle.launcher.daemon.server.Daemon] Starting periodic daemon health check.
2026-04-18T00:32:18.860+0530 [DEBUG] [org.gradle.cache.internal.DefaultFileLockManager] Waiting to acquire shared lock on daemon addresses registry.
2026-04-18T00:32:18.860+0530 [DEBUG] [org.gradle.cache.internal.DefaultFileLockManager] Lock acquired on daemon addresses registry.
2026-04-18T00:32:18.860+0530 [DEBUG] [org.gradle.cache.internal.DefaultFileLockManager] Releasing lock on daemon addresses registry.
2026-04-18T00:32:18.861+0530 [DEBUG] [org.gradle.cache.internal.DefaultFileLockManager] Waiting to acquire shared lock on daemon addresses registry.
2026-04-18T00:32:18.861+0530 [DEBUG] [org.gradle.cache.internal.DefaultFileLockManager] Lock acquired on daemon addresses registry.
2026-04-18T00:32:18.861+0530 [DEBUG] [org.gradle.cache.internal.DefaultFileLockManager] Releasing lock on daemon addresses registry.
2026-04-18T00:32:18.861+0530 [DEBUG] [org.gradle.launcher.daemon.server.Daemon] Finished periodic daemon health check.
2026-04-18T00:32:28.860+0530 [DEBUG] [org.gradle.launcher.daemon.server.Daemon] Starting periodic daemon health check.
2026-04-18T00:32:28.860+0530 [DEBUG] [org.gradle.cache.internal.DefaultFileLockManager] Waiting to acquire shared lock on daemon addresses registry.
2026-04-18T00:32:28.860+0530 [DEBUG] [org.gradle.cache.internal.DefaultFileLockManager] Lock acquired on daemon addresses registry.
2026-04-18T00:32:28.861+0530 [DEBUG] [org.gradle.cache.internal.DefaultFileLockManager] Releasing lock on daemon addresses registry.
2026-04-18T00:32:28.861+0530 [DEBUG] [org.gradle.cache.internal.DefaultFileLockManager] Waiting to acquire shared lock on daemon addresses registry.
2026-04-18T00:32:28.861+0530 [DEBUG] [org.gradle.cache.internal.DefaultFileLockManager] Lock acquired on daemon addresses registry.
2026-04-18T00:32:28.861+0530 [DEBUG] [org.gradle.cache.internal.DefaultFileLockManager] Releasing lock on daemon addresses registry.
2026-04-18T00:32:28.861+0530 [DEBUG] [org.gradle.launcher.daemon.server.Daemon] Finished periodic daemon health check.
2026-04-18T00:32:38.860+0530 [DEBUG] [org.gradle.launcher.daemon.server.Daemon] Starting periodic daemon health check.
2026-04-18T00:32:38.860+0530 [DEBUG] [org.gradle.cache.internal.DefaultFileLockManager] Waiting to acquire shared lock on daemon addresses registry.
2026-04-18T00:32:38.860+0530 [DEBUG] [org.gradle.cache.internal.DefaultFileLockManager] Lock acquired on daemon addresses registry.
2026-04-18T00:32:38.860+0530 [DEBUG] [org.gradle.cache.internal.DefaultFileLockManager] Releasing lock on daemon addresses registry.
2026-04-18T00:32:38.861+0530 [DEBUG] [org.gradle.cache.internal.DefaultFileLockManager] Waiting to acquire shared lock on daemon addresses registry.
2026-04-18T00:32:38.861+0530 [DEBUG] [org.gradle.cache.internal.DefaultFileLockManager] Lock acquired on daemon addresses registry.
2026-04-18T00:32:38.861+0530 [DEBUG] [org.gradle.cache.internal.DefaultFileLockManager] Releasing lock on daemon addresses registry.
2026-04-18T00:32:38.861+0530 [DEBUG] [org.gradle.launcher.daemon.server.Daemon] Finished periodic daemon health check.
2026-04-18T00:32:48.860+0530 [DEBUG] [org.gradle.launcher.daemon.server.Daemon] Starting periodic daemon health check.
2026-04-18T00:32:48.860+0530 [DEBUG] [org.gradle.cache.internal.DefaultFileLockManager] Waiting to acquire shared lock on daemon addresses registry.
2026-04-18T00:32:48.860+0530 [DEBUG] [org.gradle.cache.internal.DefaultFileLockManager] Lock acquired on daemon addresses registry.
2026-04-18T00:32:48.860+0530 [DEBUG] [org.gradle.cache.internal.DefaultFileLockManager] Releasing lock on daemon addresses registry.
2026-04-18T00:32:48.860+0530 [DEBUG] [org.gradle.cache.internal.DefaultFileLockManager] Waiting to acquire shared lock on daemon addresses registry.
2026-04-18T00:32:48.861+0530 [DEBUG] [org.gradle.cache.internal.DefaultFileLockManager] Lock acquired on daemon addresses registry.
2026-04-18T00:32:48.861+0530 [DEBUG] [org.gradle.cache.internal.DefaultFileLockManager] Releasing lock on daemon addresses registry.
2026-04-18T00:32:48.861+0530 [DEBUG] [org.gradle.launcher.daemon.server.Daemon] Finished periodic daemon health check.
2026-04-18T00:32:58.860+0530 [DEBUG] [org.gradle.launcher.daemon.server.Daemon] Starting periodic daemon health check.
2026-04-18T00:32:58.860+0530 [DEBUG] [org.gradle.cache.internal.DefaultFileLockManager] Waiting to acquire shared lock on daemon addresses registry.
2026-04-18T00:32:58.860+0530 [DEBUG] [org.gradle.cache.internal.DefaultFileLockManager] Lock acquired on daemon addresses registry.
2026-04-18T00:32:58.860+0530 [DEBUG] [org.gradle.cache.internal.DefaultFileLockManager] Releasing lock on daemon addresses registry.
2026-04-18T00:32:58.861+0530 [DEBUG] [org.gradle.cache.internal.DefaultFileLockManager] Waiting to acquire shared lock on daemon addresses registry.
2026-04-18T00:32:58.861+0530 [DEBUG] [org.gradle.cache.internal.DefaultFileLockManager] Lock acquired on daemon addresses registry.
2026-04-18T00:32:58.861+0530 [DEBUG] [org.gradle.cache.internal.DefaultFileLockManager] Releasing lock on daemon addresses registry.
2026-04-18T00:32:58.861+0530 [DEBUG] [org.gradle.launcher.daemon.server.Daemon] Finished periodic daemon health check.
2026-04-18T00:33:08.860+0530 [DEBUG] [org.gradle.launcher.daemon.server.Daemon] Starting periodic daemon health check.
2026-04-18T00:33:08.860+0530 [DEBUG] [org.gradle.cache.internal.DefaultFileLockManager] Waiting to acquire shared lock on daemon addresses registry.
2026-04-18T00:33:08.860+0530 [DEBUG] [org.gradle.cache.internal.DefaultFileLockManager] Lock acquired on daemon addresses registry.
2026-04-18T00:33:08.860+0530 [DEBUG] [org.gradle.cache.internal.DefaultFileLockManager] Releasing lock on daemon addresses registry.
2026-04-18T00:33:08.860+0530 [DEBUG] [org.gradle.cache.internal.DefaultFileLockManager] Waiting to acquire shared lock on daemon addresses registry.
2026-04-18T00:33:08.860+0530 [DEBUG] [org.gradle.cache.internal.DefaultFileLockManager] Lock acquired on daemon addresses registry.
2026-04-18T00:33:08.860+0530 [DEBUG] [org.gradle.cache.internal.DefaultFileLockManager] Releasing lock on daemon addresses registry.
2026-04-18T00:33:08.861+0530 [DEBUG] [org.gradle.launcher.daemon.server.Daemon] Finished periodic daemon health check.
2026-04-18T00:33:18.860+0530 [DEBUG] [org.gradle.launcher.daemon.server.Daemon] Starting periodic daemon health check.
2026-04-18T00:33:18.860+0530 [DEBUG] [org.gradle.cache.internal.DefaultFileLockManager] Waiting to acquire shared lock on daemon addresses registry.
2026-04-18T00:33:18.860+0530 [DEBUG] [org.gradle.cache.internal.DefaultFileLockManager] Lock acquired on daemon addresses registry.
2026-04-18T00:33:18.860+0530 [DEBUG] [org.gradle.cache.internal.DefaultFileLockManager] Releasing lock on daemon addresses registry.
2026-04-18T00:33:18.860+0530 [DEBUG] [org.gradle.cache.internal.DefaultFileLockManager] Waiting to acquire shared lock on daemon addresses registry.
2026-04-18T00:33:18.860+0530 [DEBUG] [org.gradle.cache.internal.DefaultFileLockManager] Lock acquired on daemon addresses registry.
2026-04-18T00:33:18.860+0530 [DEBUG] [org.gradle.cache.internal.DefaultFileLockManager] Releasing lock on daemon addresses registry.
2026-04-18T00:33:18.860+0530 [DEBUG] [org.gradle.launcher.daemon.server.Daemon] Finished periodic daemon health check.
2026-04-18T00:33:28.860+0530 [DEBUG] [org.gradle.launcher.daemon.server.Daemon] Starting periodic daemon health check.
2026-04-18T00:33:28.860+0530 [DEBUG] [org.gradle.cache.internal.DefaultFileLockManager] Waiting to acquire shared lock on daemon addresses registry.
2026-04-18T00:33:28.860+0530 [DEBUG] [org.gradle.cache.internal.DefaultFileLockManager] Lock acquired on daemon addresses registry.
2026-04-18T00:33:28.860+0530 [DEBUG] [org.gradle.cache.internal.DefaultFileLockManager] Releasing lock on daemon addresses registry.
2026-04-18T00:33:28.860+0530 [DEBUG] [org.gradle.cache.internal.DefaultFileLockManager] Waiting to acquire shared lock on daemon addresses registry.
2026-04-18T00:33:28.860+0530 [DEBUG] [org.gradle.cache.internal.DefaultFileLockManager] Lock acquired on daemon addresses registry.
2026-04-18T00:33:28.860+0530 [DEBUG] [org.gradle.cache.internal.DefaultFileLockManager] Releasing lock on daemon addresses registry.
2026-04-18T00:33:28.860+0530 [DEBUG] [org.gradle.launcher.daemon.server.Daemon] Finished periodic daemon health check.
2026-04-18T00:33:38.860+0530 [DEBUG] [org.gradle.launcher.daemon.server.Daemon] Starting periodic daemon health check.
2026-04-18T00:33:38.860+0530 [DEBUG] [org.gradle.cache.internal.DefaultFileLockManager] Waiting to acquire shared lock on daemon addresses registry.
2026-04-18T00:33:38.860+0530 [DEBUG] [org.gradle.cache.internal.DefaultFileLockManager] Lock acquired on daemon addresses registry.
2026-04-18T00:33:38.860+0530 [DEBUG] [org.gradle.cache.internal.DefaultFileLockManager] Releasing lock on daemon addresses registry.
2026-04-18T00:33:38.860+0530 [DEBUG] [org.gradle.cache.internal.DefaultFileLockManager] Waiting to acquire shared lock on daemon addresses registry.
2026-04-18T00:33:38.860+0530 [DEBUG] [org.gradle.cache.internal.DefaultFileLockManager] Lock acquired on daemon addresses registry.
2026-04-18T00:33:38.860+0530 [DEBUG] [org.gradle.cache.internal.DefaultFileLockManager] Releasing lock on daemon addresses registry.
2026-04-18T00:33:38.860+0530 [DEBUG] [org.gradle.launcher.daemon.server.Daemon] Finished periodic daemon health check.
2026-04-18T00:33:48.860+0530 [DEBUG] [org.gradle.launcher.daemon.server.Daemon] Starting periodic daemon health check.
2026-04-18T00:33:48.860+0530 [DEBUG] [org.gradle.cache.internal.DefaultFileLockManager] Waiting to acquire shared lock on daemon addresses registry.
2026-04-18T00:33:48.860+0530 [DEBUG] [org.gradle.cache.internal.DefaultFileLockManager] Lock acquired on daemon addresses registry.
2026-04-18T00:33:48.860+0530 [DEBUG] [org.gradle.cache.internal.DefaultFileLockManager] Releasing lock on daemon addresses registry.
2026-04-18T00:33:48.860+0530 [DEBUG] [org.gradle.cache.internal.DefaultFileLockManager] Waiting to acquire shared lock on daemon addresses registry.
2026-04-18T00:33:48.860+0530 [DEBUG] [org.gradle.cache.internal.DefaultFileLockManager] Lock acquired on daemon addresses registry.
2026-04-18T00:33:48.860+0530 [DEBUG] [org.gradle.cache.internal.DefaultFileLockManager] Releasing lock on daemon addresses registry.
2026-04-18T00:33:48.860+0530 [DEBUG] [org.gradle.launcher.daemon.server.Daemon] Finished periodic daemon health check.
2026-04-18T00:33:58.860+0530 [DEBUG] [org.gradle.launcher.daemon.server.Daemon] Starting periodic daemon health check.
2026-04-18T00:33:58.860+0530 [DEBUG] [org.gradle.cache.internal.DefaultFileLockManager] Waiting to acquire shared lock on daemon addresses registry.
2026-04-18T00:33:58.860+0530 [DEBUG] [org.gradle.cache.internal.DefaultFileLockManager] Lock acquired on daemon addresses registry.
2026-04-18T00:33:58.860+0530 [DEBUG] [org.gradle.cache.internal.DefaultFileLockManager] Releasing lock on daemon addresses registry.
2026-04-18T00:33:58.860+0530 [DEBUG] [org.gradle.cache.internal.DefaultFileLockManager] Waiting to acquire shared lock on daemon addresses registry.
2026-04-18T00:33:58.860+0530 [DEBUG] [org.gradle.cache.internal.DefaultFileLockManager] Lock acquired on daemon addresses registry.
2026-04-18T00:33:58.861+0530 [DEBUG] [org.gradle.cache.internal.DefaultFileLockManager] Releasing lock on daemon addresses registry.
2026-04-18T00:33:58.861+0530 [DEBUG] [org.gradle.launcher.daemon.server.Daemon] Finished periodic daemon health check.
2026-04-18T00:34:08.860+0530 [DEBUG] [org.gradle.launcher.daemon.server.Daemon] Starting periodic daemon health check.
2026-04-18T00:34:08.860+0530 [DEBUG] [org.gradle.cache.internal.DefaultFileLockManager] Waiting to acquire shared lock on daemon addresses registry.
2026-04-18T00:34:08.860+0530 [DEBUG] [org.gradle.cache.internal.DefaultFileLockManager] Lock acquired on daemon addresses registry.
2026-04-18T00:34:08.860+0530 [DEBUG] [org.gradle.cache.internal.DefaultFileLockManager] Releasing lock on daemon addresses registry.
2026-04-18T00:34:08.860+0530 [DEBUG] [org.gradle.cache.internal.DefaultFileLockManager] Waiting to acquire shared lock on daemon addresses registry.
2026-04-18T00:34:08.860+0530 [DEBUG] [org.gradle.cache.internal.DefaultFileLockManager] Lock acquired on daemon addresses registry.
2026-04-18T00:34:08.860+0530 [DEBUG] [org.gradle.cache.internal.DefaultFileLockManager] Releasing lock on daemon addresses registry.
2026-04-18T00:34:08.861+0530 [DEBUG] [org.gradle.launcher.daemon.server.Daemon] Finished periodic daemon health check.
2026-04-18T00:34:18.860+0530 [DEBUG] [org.gradle.launcher.daemon.server.Daemon] Starting periodic daemon health check.
2026-04-18T00:34:18.860+0530 [DEBUG] [org.gradle.cache.internal.DefaultFileLockManager] Waiting to acquire shared lock on daemon addresses registry.
2026-04-18T00:34:18.860+0530 [DEBUG] [org.gradle.cache.internal.DefaultFileLockManager] Lock acquired on daemon addresses registry.
2026-04-18T00:34:18.860+0530 [DEBUG] [org.gradle.cache.internal.DefaultFileLockManager] Releasing lock on daemon addresses registry.
2026-04-18T00:34:18.860+0530 [DEBUG] [org.gradle.cache.internal.DefaultFileLockManager] Waiting to acquire shared lock on daemon addresses registry.
2026-04-18T00:34:18.860+0530 [DEBUG] [org.gradle.cache.internal.DefaultFileLockManager] Lock acquired on daemon addresses registry.
2026-04-18T00:34:18.860+0530 [DEBUG] [org.gradle.cache.internal.DefaultFileLockManager] Releasing lock on daemon addresses registry.
2026-04-18T00:34:18.860+0530 [DEBUG] [org.gradle.launcher.daemon.server.Daemon] Finished periodic daemon health check.
2026-04-18T00:34:28.860+0530 [DEBUG] [org.gradle.launcher.daemon.server.Daemon] Starting periodic daemon health check.
2026-04-18T00:34:28.860+0530 [DEBUG] [org.gradle.cache.internal.DefaultFileLockManager] Waiting to acquire shared lock on daemon addresses registry.
2026-04-18T00:34:28.860+0530 [DEBUG] [org.gradle.cache.internal.DefaultFileLockManager] Lock acquired on daemon addresses registry.
2026-04-18T00:34:28.860+0530 [DEBUG] [org.gradle.cache.internal.DefaultFileLockManager] Releasing lock on daemon addresses registry.
2026-04-18T00:34:28.860+0530 [DEBUG] [org.gradle.cache.internal.DefaultFileLockManager] Waiting to acquire shared lock on daemon addresses registry.
2026-04-18T00:34:28.860+0530 [DEBUG] [org.gradle.cache.internal.DefaultFileLockManager] Lock acquired on daemon addresses registry.
2026-04-18T00:34:28.860+0530 [DEBUG] [org.gradle.cache.internal.DefaultFileLockManager] Releasing lock on daemon addresses registry.
2026-04-18T00:34:28.861+0530 [DEBUG] [org.gradle.launcher.daemon.server.Daemon] Finished periodic daemon health check.
2026-04-18T00:34:38.860+0530 [DEBUG] [org.gradle.launcher.daemon.server.Daemon] Starting periodic daemon health check.
2026-04-18T00:34:38.860+0530 [DEBUG] [org.gradle.cache.internal.DefaultFileLockManager] Waiting to acquire shared lock on daemon addresses registry.
2026-04-18T00:34:38.860+0530 [DEBUG] [org.gradle.cache.internal.DefaultFileLockManager] Lock acquired on daemon addresses registry.
2026-04-18T00:34:38.860+0530 [DEBUG] [org.gradle.cache.internal.DefaultFileLockManager] Releasing lock on daemon addresses registry.
2026-04-18T00:34:38.860+0530 [DEBUG] [org.gradle.cache.internal.DefaultFileLockManager] Waiting to acquire shared lock on daemon addresses registry.
2026-04-18T00:34:38.860+0530 [DEBUG] [org.gradle.cache.internal.DefaultFileLockManager] Lock acquired on daemon addresses registry.
2026-04-18T00:34:38.860+0530 [DEBUG] [org.gradle.cache.internal.DefaultFileLockManager] Releasing lock on daemon addresses registry.
2026-04-18T00:34:38.860+0530 [DEBUG] [org.gradle.launcher.daemon.server.Daemon] Finished periodic daemon health check.
2026-04-18T00:34:48.860+0530 [DEBUG] [org.gradle.launcher.daemon.server.Daemon] Starting periodic daemon health check.
2026-04-18T00:34:48.860+0530 [DEBUG] [org.gradle.cache.internal.DefaultFileLockManager] Waiting to acquire shared lock on daemon addresses registry.
2026-04-18T00:34:48.860+0530 [DEBUG] [org.gradle.cache.internal.DefaultFileLockManager] Lock acquired on daemon addresses registry.
2026-04-18T00:34:48.860+0530 [DEBUG] [org.gradle.cache.internal.DefaultFileLockManager] Releasing lock on daemon addresses registry.
2026-04-18T00:34:48.860+0530 [DEBUG] [org.gradle.cache.internal.DefaultFileLockManager] Waiting to acquire shared lock on daemon addresses registry.
2026-04-18T00:34:48.860+0530 [DEBUG] [org.gradle.cache.internal.DefaultFileLockManager] Lock acquired on daemon addresses registry.
2026-04-18T00:34:48.860+0530 [DEBUG] [org.gradle.cache.internal.DefaultFileLockManager] Releasing lock on daemon addresses registry.
2026-04-18T00:34:48.860+0530 [DEBUG] [org.gradle.launcher.daemon.server.Daemon] Finished periodic daemon health check.
2026-04-18T00:34:58.860+0530 [DEBUG] [org.gradle.launcher.daemon.server.Daemon] Starting periodic daemon health check.
2026-04-18T00:34:58.860+0530 [DEBUG] [org.gradle.cache.internal.DefaultFileLockManager] Waiting to acquire shared lock on daemon addresses registry.
2026-04-18T00:34:58.860+0530 [DEBUG] [org.gradle.cache.internal.DefaultFileLockManager] Lock acquired on daemon addresses registry.
2026-04-18T00:34:58.860+0530 [DEBUG] [org.gradle.cache.internal.DefaultFileLockManager] Releasing lock on daemon addresses registry.
2026-04-18T00:34:58.860+0530 [DEBUG] [org.gradle.cache.internal.DefaultFileLockManager] Waiting to acquire shared lock on daemon addresses registry.
2026-04-18T00:34:58.860+0530 [DEBUG] [org.gradle.cache.internal.DefaultFileLockManager] Lock acquired on daemon addresses registry.
2026-04-18T00:34:58.860+0530 [DEBUG] [org.gradle.cache.internal.DefaultFileLockManager] Releasing lock on daemon addresses registry.
2026-04-18T00:34:58.860+0530 [DEBUG] [org.gradle.launcher.daemon.server.Daemon] Finished periodic daemon health check.
2026-04-18T00:35:08.860+0530 [DEBUG] [org.gradle.launcher.daemon.server.Daemon] Starting periodic daemon health check.
2026-04-18T00:35:08.860+0530 [DEBUG] [org.gradle.cache.internal.DefaultFileLockManager] Waiting to acquire shared lock on daemon addresses registry.
2026-04-18T00:35:08.860+0530 [DEBUG] [org.gradle.cache.internal.DefaultFileLockManager] Lock acquired on daemon addresses registry.
2026-04-18T00:35:08.860+0530 [DEBUG] [org.gradle.cache.internal.DefaultFileLockManager] Releasing lock on daemon addresses registry.
2026-04-18T00:35:08.860+0530 [DEBUG] [org.gradle.cache.internal.DefaultFileLockManager] Waiting to acquire shared lock on daemon addresses registry.
2026-04-18T00:35:08.860+0530 [DEBUG] [org.gradle.cache.internal.DefaultFileLockManager] Lock acquired on daemon addresses registry.
2026-04-18T00:35:08.860+0530 [DEBUG] [org.gradle.cache.internal.DefaultFileLockManager] Releasing lock on daemon addresses registry.
2026-04-18T00:35:08.860+0530 [DEBUG] [org.gradle.launcher.daemon.server.Daemon] Finished periodic daemon health check.
2026-04-18T00:35:18.860+0530 [DEBUG] [org.gradle.launcher.daemon.server.Daemon] Starting periodic daemon health check.
2026-04-18T00:35:18.860+0530 [DEBUG] [org.gradle.cache.internal.DefaultFileLockManager] Waiting to acquire shared lock on daemon addresses registry.
2026-04-18T00:35:18.860+0530 [DEBUG] [org.gradle.cache.internal.DefaultFileLockManager] Lock acquired on daemon addresses registry.
2026-04-18T00:35:18.860+0530 [DEBUG] [org.gradle.cache.internal.DefaultFileLockManager] Releasing lock on daemon addresses registry.
2026-04-18T00:35:18.860+0530 [DEBUG] [org.gradle.cache.internal.DefaultFileLockManager] Waiting to acquire shared lock on daemon addresses registry.
2026-04-18T00:35:18.860+0530 [DEBUG] [org.gradle.cache.internal.DefaultFileLockManager] Lock acquired on daemon addresses registry.
2026-04-18T00:35:18.860+0530 [DEBUG] [org.gradle.cache.internal.DefaultFileLockManager] Releasing lock on daemon addresses registry.
2026-04-18T00:35:18.860+0530 [DEBUG] [org.gradle.launcher.daemon.server.Daemon] Finished periodic daemon health check.
2026-04-18T00:35:28.860+0530 [DEBUG] [org.gradle.launcher.daemon.server.Daemon] Starting periodic daemon health check.
2026-04-18T00:35:28.860+0530 [DEBUG] [org.gradle.cache.internal.DefaultFileLockManager] Waiting to acquire shared lock on daemon addresses registry.
2026-04-18T00:35:28.860+0530 [DEBUG] [org.gradle.cache.internal.DefaultFileLockManager] Lock acquired on daemon addresses registry.
2026-04-18T00:35:28.860+0530 [DEBUG] [org.gradle.cache.internal.DefaultFileLockManager] Releasing lock on daemon addresses registry.
2026-04-18T00:35:28.860+0530 [DEBUG] [org.gradle.cache.internal.DefaultFileLockManager] Waiting to acquire shared lock on daemon addresses registry.
2026-04-18T00:35:28.860+0530 [DEBUG] [org.gradle.cache.internal.DefaultFileLockManager] Lock acquired on daemon addresses registry.
2026-04-18T00:35:28.860+0530 [DEBUG] [org.gradle.cache.internal.DefaultFileLockManager] Releasing lock on daemon addresses registry.
2026-04-18T00:35:28.860+0530 [DEBUG] [org.gradle.launcher.daemon.server.Daemon] Finished periodic daemon health check.
2026-04-18T00:35:38.860+0530 [DEBUG] [org.gradle.launcher.daemon.server.Daemon] Starting periodic daemon health check.
2026-04-18T00:35:38.860+0530 [DEBUG] [org.gradle.cache.internal.DefaultFileLockManager] Waiting to acquire shared lock on daemon addresses registry.
2026-04-18T00:35:38.860+0530 [DEBUG] [org.gradle.cache.internal.DefaultFileLockManager] Lock acquired on daemon addresses registry.
2026-04-18T00:35:38.860+0530 [DEBUG] [org.gradle.cache.internal.DefaultFileLockManager] Releasing lock on daemon addresses registry.
2026-04-18T00:35:38.860+0530 [DEBUG] [org.gradle.cache.internal.DefaultFileLockManager] Waiting to acquire shared lock on daemon addresses registry.
2026-04-18T00:35:38.860+0530 [DEBUG] [org.gradle.cache.internal.DefaultFileLockManager] Lock acquired on daemon addresses registry.
2026-04-18T00:35:38.861+0530 [DEBUG] [org.gradle.cache.internal.DefaultFileLockManager] Releasing lock on daemon addresses registry.
2026-04-18T00:35:38.861+0530 [DEBUG] [org.gradle.launcher.daemon.server.Daemon] Finished periodic daemon health check.
2026-04-18T00:35:48.860+0530 [DEBUG] [org.gradle.launcher.daemon.server.Daemon] Starting periodic daemon health check.
2026-04-18T00:35:48.860+0530 [DEBUG] [org.gradle.cache.internal.DefaultFileLockManager] Waiting to acquire shared lock on daemon addresses registry.
2026-04-18T00:35:48.860+0530 [DEBUG] [org.gradle.cache.internal.DefaultFileLockManager] Lock acquired on daemon addresses registry.
2026-04-18T00:35:48.860+0530 [DEBUG] [org.gradle.cache.internal.DefaultFileLockManager] Releasing lock on daemon addresses registry.
2026-04-18T00:35:48.860+0530 [DEBUG] [org.gradle.cache.internal.DefaultFileLockManager] Waiting to acquire shared lock on daemon addresses registry.
2026-04-18T00:35:48.860+0530 [DEBUG] [org.gradle.cache.internal.DefaultFileLockManager] Lock acquired on daemon addresses registry.
2026-04-18T00:35:48.860+0530 [DEBUG] [org.gradle.cache.internal.DefaultFileLockManager] Releasing lock on daemon addresses registry.
2026-04-18T00:35:48.860+0530 [DEBUG] [org.gradle.launcher.daemon.server.Daemon] Finished periodic daemon health check.
2026-04-18T00:35:58.860+0530 [DEBUG] [org.gradle.launcher.daemon.server.Daemon] Starting periodic daemon health check.
2026-04-18T00:35:58.860+0530 [DEBUG] [org.gradle.cache.internal.DefaultFileLockManager] Waiting to acquire shared lock on daemon addresses registry.
2026-04-18T00:35:58.860+0530 [DEBUG] [org.gradle.cache.internal.DefaultFileLockManager] Lock acquired on daemon addresses registry.
2026-04-18T00:35:58.860+0530 [DEBUG] [org.gradle.cache.internal.DefaultFileLockManager] Releasing lock on daemon addresses registry.
2026-04-18T00:35:58.860+0530 [DEBUG] [org.gradle.cache.internal.DefaultFileLockManager] Waiting to acquire shared lock on daemon addresses registry.
2026-04-18T00:35:58.860+0530 [DEBUG] [org.gradle.cache.internal.DefaultFileLockManager] Lock acquired on daemon addresses registry.
2026-04-18T00:35:58.860+0530 [DEBUG] [org.gradle.cache.internal.DefaultFileLockManager] Releasing lock on daemon addresses registry.
2026-04-18T00:35:58.861+0530 [DEBUG] [org.gradle.launcher.daemon.server.Daemon] Finished periodic daemon health check.
2026-04-18T00:36:08.860+0530 [DEBUG] [org.gradle.launcher.daemon.server.Daemon] Starting periodic daemon health check.
2026-04-18T00:36:08.860+0530 [DEBUG] [org.gradle.cache.internal.DefaultFileLockManager] Waiting to acquire shared lock on daemon addresses registry.
2026-04-18T00:36:08.860+0530 [DEBUG] [org.gradle.cache.internal.DefaultFileLockManager] Lock acquired on daemon addresses registry.
2026-04-18T00:36:08.860+0530 [DEBUG] [org.gradle.cache.internal.DefaultFileLockManager] Releasing lock on daemon addresses registry.
2026-04-18T00:36:08.860+0530 [DEBUG] [org.gradle.cache.internal.DefaultFileLockManager] Waiting to acquire shared lock on daemon addresses registry.
2026-04-18T00:36:08.860+0530 [DEBUG] [org.gradle.cache.internal.DefaultFileLockManager] Lock acquired on daemon addresses registry.
2026-04-18T00:36:08.860+0530 [DEBUG] [org.gradle.cache.internal.DefaultFileLockManager] Releasing lock on daemon addresses registry.
2026-04-18T00:36:08.861+0530 [DEBUG] [org.gradle.launcher.daemon.server.Daemon] Finished periodic daemon health check.
2026-04-18T00:36:18.860+0530 [DEBUG] [org.gradle.launcher.daemon.server.Daemon] Starting periodic daemon health check.
2026-04-18T00:36:18.860+0530 [DEBUG] [org.gradle.cache.internal.DefaultFileLockManager] Waiting to acquire shared lock on daemon addresses registry.
2026-04-18T00:36:18.860+0530 [DEBUG] [org.gradle.cache.internal.DefaultFileLockManager] Lock acquired on daemon addresses registry.
2026-04-18T00:36:18.860+0530 [DEBUG] [org.gradle.cache.internal.DefaultFileLockManager] Releasing lock on daemon addresses registry.
2026-04-18T00:36:18.860+0530 [DEBUG] [org.gradle.cache.internal.DefaultFileLockManager] Waiting to acquire shared lock on daemon addresses registry.
2026-04-18T00:36:18.861+0530 [DEBUG] [org.gradle.cache.internal.DefaultFileLockManager] Lock acquired on daemon addresses registry.
2026-04-18T00:36:18.861+0530 [DEBUG] [org.gradle.cache.internal.DefaultFileLockManager] Releasing lock on daemon addresses registry.
2026-04-18T00:36:18.861+0530 [DEBUG] [org.gradle.launcher.daemon.server.Daemon] Finished periodic daemon health check.
2026-04-18T00:36:28.860+0530 [DEBUG] [org.gradle.launcher.daemon.server.Daemon] Starting periodic daemon health check.
2026-04-18T00:36:28.860+0530 [DEBUG] [org.gradle.cache.internal.DefaultFileLockManager] Waiting to acquire shared lock on daemon addresses registry.
2026-04-18T00:36:28.860+0530 [DEBUG] [org.gradle.cache.internal.DefaultFileLockManager] Lock acquired on daemon addresses registry.
2026-04-18T00:36:28.860+0530 [DEBUG] [org.gradle.cache.internal.DefaultFileLockManager] Releasing lock on daemon addresses registry.
2026-04-18T00:36:28.860+0530 [DEBUG] [org.gradle.cache.internal.DefaultFileLockManager] Waiting to acquire shared lock on daemon addresses registry.
2026-04-18T00:36:28.860+0530 [DEBUG] [org.gradle.cache.internal.DefaultFileLockManager] Lock acquired on daemon addresses registry.
2026-04-18T00:36:28.860+0530 [DEBUG] [org.gradle.cache.internal.DefaultFileLockManager] Releasing lock on daemon addresses registry.
2026-04-18T00:36:28.860+0530 [DEBUG] [org.gradle.launcher.daemon.server.Daemon] Finished periodic daemon health check.
2026-04-18T00:36:38.860+0530 [DEBUG] [org.gradle.launcher.daemon.server.Daemon] Starting periodic daemon health check.
2026-04-18T00:36:38.860+0530 [DEBUG] [org.gradle.cache.internal.DefaultFileLockManager] Waiting to acquire shared lock on daemon addresses registry.
2026-04-18T00:36:38.860+0530 [DEBUG] [org.gradle.cache.internal.DefaultFileLockManager] Lock acquired on daemon addresses registry.
2026-04-18T00:36:38.860+0530 [DEBUG] [org.gradle.cache.internal.DefaultFileLockManager] Releasing lock on daemon addresses registry.
2026-04-18T00:36:38.860+0530 [DEBUG] [org.gradle.cache.internal.DefaultFileLockManager] Waiting to acquire shared lock on daemon addresses registry.
2026-04-18T00:36:38.860+0530 [DEBUG] [org.gradle.cache.internal.DefaultFileLockManager] Lock acquired on daemon addresses registry.
2026-04-18T00:36:38.861+0530 [DEBUG] [org.gradle.cache.internal.DefaultFileLockManager] Releasing lock on daemon addresses registry.
2026-04-18T00:36:38.861+0530 [DEBUG] [org.gradle.launcher.daemon.server.Daemon] Finished periodic daemon health check.
2026-04-18T00:36:48.860+0530 [DEBUG] [org.gradle.launcher.daemon.server.Daemon] Starting periodic daemon health check.
2026-04-18T00:36:48.860+0530 [DEBUG] [org.gradle.cache.internal.DefaultFileLockManager] Waiting to acquire shared lock on daemon addresses registry.
2026-04-18T00:36:48.860+0530 [DEBUG] [org.gradle.cache.internal.DefaultFileLockManager] Lock acquired on daemon addresses registry.
2026-04-18T00:36:48.860+0530 [DEBUG] [org.gradle.cache.internal.DefaultFileLockManager] Releasing lock on daemon addresses registry.
2026-04-18T00:36:48.860+0530 [DEBUG] [org.gradle.cache.internal.DefaultFileLockManager] Waiting to acquire shared lock on daemon addresses registry.
2026-04-18T00:36:48.860+0530 [DEBUG] [org.gradle.cache.internal.DefaultFileLockManager] Lock acquired on daemon addresses registry.
2026-04-18T00:36:48.860+0530 [DEBUG] [org.gradle.cache.internal.DefaultFileLockManager] Releasing lock on daemon addresses registry.
2026-04-18T00:36:48.860+0530 [DEBUG] [org.gradle.launcher.daemon.server.Daemon] Finished periodic daemon health check.
2026-04-18T00:36:58.860+0530 [DEBUG] [org.gradle.launcher.daemon.server.Daemon] Starting periodic daemon health check.
2026-04-18T00:36:58.860+0530 [DEBUG] [org.gradle.cache.internal.DefaultFileLockManager] Waiting to acquire shared lock on daemon addresses registry.
2026-04-18T00:36:58.860+0530 [DEBUG] [org.gradle.cache.internal.DefaultFileLockManager] Lock acquired on daemon addresses registry.
2026-04-18T00:36:58.860+0530 [DEBUG] [org.gradle.cache.internal.DefaultFileLockManager] Releasing lock on daemon addresses registry.
2026-04-18T00:36:58.860+0530 [DEBUG] [org.gradle.cache.internal.DefaultFileLockManager] Waiting to acquire shared lock on daemon addresses registry.
2026-04-18T00:36:58.861+0530 [DEBUG] [org.gradle.cache.internal.DefaultFileLockManager] Lock acquired on daemon addresses registry.
2026-04-18T00:36:58.861+0530 [DEBUG] [org.gradle.cache.internal.DefaultFileLockManager] Releasing lock on daemon addresses registry.
2026-04-18T00:36:58.861+0530 [DEBUG] [org.gradle.launcher.daemon.server.Daemon] Finished periodic daemon health check.
2026-04-18T00:37:08.860+0530 [DEBUG] [org.gradle.launcher.daemon.server.Daemon] Starting periodic daemon health check.
2026-04-18T00:37:08.860+0530 [DEBUG] [org.gradle.cache.internal.DefaultFileLockManager] Waiting to acquire shared lock on daemon addresses registry.
2026-04-18T00:37:08.860+0530 [DEBUG] [org.gradle.cache.internal.DefaultFileLockManager] Lock acquired on daemon addresses registry.
2026-04-18T00:37:08.860+0530 [DEBUG] [org.gradle.cache.internal.DefaultFileLockManager] Releasing lock on daemon addresses registry.
2026-04-18T00:37:08.860+0530 [DEBUG] [org.gradle.cache.internal.DefaultFileLockManager] Waiting to acquire shared lock on daemon addresses registry.
2026-04-18T00:37:08.861+0530 [DEBUG] [org.gradle.cache.internal.DefaultFileLockManager] Lock acquired on daemon addresses registry.
2026-04-18T00:37:08.861+0530 [DEBUG] [org.gradle.cache.internal.DefaultFileLockManager] Releasing lock on daemon addresses registry.
2026-04-18T00:37:08.861+0530 [DEBUG] [org.gradle.launcher.daemon.server.Daemon] Finished periodic daemon health check.
2026-04-18T00:37:18.860+0530 [DEBUG] [org.gradle.launcher.daemon.server.Daemon] Starting periodic daemon health check.
2026-04-18T00:37:18.860+0530 [DEBUG] [org.gradle.cache.internal.DefaultFileLockManager] Waiting to acquire shared lock on daemon addresses registry.
2026-04-18T00:37:18.860+0530 [DEBUG] [org.gradle.cache.internal.DefaultFileLockManager] Lock acquired on daemon addresses registry.
2026-04-18T00:37:18.860+0530 [DEBUG] [org.gradle.cache.internal.DefaultFileLockManager] Releasing lock on daemon addresses registry.
2026-04-18T00:37:18.860+0530 [DEBUG] [org.gradle.cache.internal.DefaultFileLockManager] Waiting to acquire shared lock on daemon addresses registry.
2026-04-18T00:37:18.860+0530 [DEBUG] [org.gradle.cache.internal.DefaultFileLockManager] Lock acquired on daemon addresses registry.
2026-04-18T00:37:18.860+0530 [DEBUG] [org.gradle.cache.internal.DefaultFileLockManager] Releasing lock on daemon addresses registry.
2026-04-18T00:37:18.860+0530 [DEBUG] [org.gradle.launcher.daemon.server.Daemon] Finished periodic daemon health check.
2026-04-18T00:37:28.860+0530 [DEBUG] [org.gradle.launcher.daemon.server.Daemon] Starting periodic daemon health check.
2026-04-18T00:37:28.860+0530 [DEBUG] [org.gradle.cache.internal.DefaultFileLockManager] Waiting to acquire shared lock on daemon addresses registry.
2026-04-18T00:37:28.860+0530 [DEBUG] [org.gradle.cache.internal.DefaultFileLockManager] Lock acquired on daemon addresses registry.
2026-04-18T00:37:28.860+0530 [DEBUG] [org.gradle.cache.internal.DefaultFileLockManager] Releasing lock on daemon addresses registry.
2026-04-18T00:37:28.860+0530 [DEBUG] [org.gradle.cache.internal.DefaultFileLockManager] Waiting to acquire shared lock on daemon addresses registry.
2026-04-18T00:37:28.860+0530 [DEBUG] [org.gradle.cache.internal.DefaultFileLockManager] Lock acquired on daemon addresses registry.
2026-04-18T00:37:28.860+0530 [DEBUG] [org.gradle.cache.internal.DefaultFileLockManager] Releasing lock on daemon addresses registry.
2026-04-18T00:37:28.860+0530 [DEBUG] [org.gradle.launcher.daemon.server.Daemon] Finished periodic daemon health check.
2026-04-18T00:37:38.860+0530 [DEBUG] [org.gradle.launcher.daemon.server.Daemon] Starting periodic daemon health check.
2026-04-18T00:37:38.860+0530 [DEBUG] [org.gradle.cache.internal.DefaultFileLockManager] Waiting to acquire shared lock on daemon addresses registry.
2026-04-18T00:37:38.860+0530 [DEBUG] [org.gradle.cache.internal.DefaultFileLockManager] Lock acquired on daemon addresses registry.
2026-04-18T00:37:38.860+0530 [DEBUG] [org.gradle.cache.internal.DefaultFileLockManager] Releasing lock on daemon addresses registry.
2026-04-18T00:37:38.860+0530 [DEBUG] [org.gradle.cache.internal.DefaultFileLockManager] Waiting to acquire shared lock on daemon addresses registry.
2026-04-18T00:37:38.860+0530 [DEBUG] [org.gradle.cache.internal.DefaultFileLockManager] Lock acquired on daemon addresses registry.
2026-04-18T00:37:38.860+0530 [DEBUG] [org.gradle.cache.internal.DefaultFileLockManager] Releasing lock on daemon addresses registry.
2026-04-18T00:37:38.860+0530 [DEBUG] [org.gradle.launcher.daemon.server.Daemon] Finished periodic daemon health check.
2026-04-18T00:37:48.860+0530 [DEBUG] [org.gradle.launcher.daemon.server.Daemon] Starting periodic daemon health check.
2026-04-18T00:37:48.860+0530 [DEBUG] [org.gradle.cache.internal.DefaultFileLockManager] Waiting to acquire shared lock on daemon addresses registry.
2026-04-18T00:37:48.860+0530 [DEBUG] [org.gradle.cache.internal.DefaultFileLockManager] Lock acquired on daemon addresses registry.
2026-04-18T00:37:48.860+0530 [DEBUG] [org.gradle.cache.internal.DefaultFileLockManager] Releasing lock on daemon addresses registry.
2026-04-18T00:37:48.860+0530 [DEBUG] [org.gradle.cache.internal.DefaultFileLockManager] Waiting to acquire shared lock on daemon addresses registry.
2026-04-18T00:37:48.860+0530 [DEBUG] [org.gradle.cache.internal.DefaultFileLockManager] Lock acquired on daemon addresses registry.
2026-04-18T00:37:48.860+0530 [DEBUG] [org.gradle.cache.internal.DefaultFileLockManager] Releasing lock on daemon addresses registry.
2026-04-18T00:37:48.860+0530 [DEBUG] [org.gradle.launcher.daemon.server.Daemon] Finished periodic daemon health check.
2026-04-18T00:37:58.860+0530 [DEBUG] [org.gradle.launcher.daemon.server.Daemon] Starting periodic daemon health check.
2026-04-18T00:37:58.860+0530 [DEBUG] [org.gradle.cache.internal.DefaultFileLockManager] Waiting to acquire shared lock on daemon addresses registry.
2026-04-18T00:37:58.860+0530 [DEBUG] [org.gradle.cache.internal.DefaultFileLockManager] Lock acquired on daemon addresses registry.
2026-04-18T00:37:58.860+0530 [DEBUG] [org.gradle.cache.internal.DefaultFileLockManager] Releasing lock on daemon addresses registry.
2026-04-18T00:37:58.860+0530 [DEBUG] [org.gradle.cache.internal.DefaultFileLockManager] Waiting to acquire shared lock on daemon addresses registry.
2026-04-18T00:37:58.860+0530 [DEBUG] [org.gradle.cache.internal.DefaultFileLockManager] Lock acquired on daemon addresses registry.
2026-04-18T00:37:58.860+0530 [DEBUG] [org.gradle.cache.internal.DefaultFileLockManager] Releasing lock on daemon addresses registry.
2026-04-18T00:37:58.860+0530 [DEBUG] [org.gradle.launcher.daemon.server.Daemon] Finished periodic daemon health check.
2026-04-18T00:38:08.860+0530 [DEBUG] [org.gradle.launcher.daemon.server.Daemon] Starting periodic daemon health check.
2026-04-18T00:38:08.860+0530 [DEBUG] [org.gradle.cache.internal.DefaultFileLockManager] Waiting to acquire shared lock on daemon addresses registry.
2026-04-18T00:38:08.860+0530 [DEBUG] [org.gradle.cache.internal.DefaultFileLockManager] Lock acquired on daemon addresses registry.
2026-04-18T00:38:08.860+0530 [DEBUG] [org.gradle.cache.internal.DefaultFileLockManager] Releasing lock on daemon addresses registry.
2026-04-18T00:38:08.860+0530 [DEBUG] [org.gradle.cache.internal.DefaultFileLockManager] Waiting to acquire shared lock on daemon addresses registry.
2026-04-18T00:38:08.860+0530 [DEBUG] [org.gradle.cache.internal.DefaultFileLockManager] Lock acquired on daemon addresses registry.
2026-04-18T00:38:08.860+0530 [DEBUG] [org.gradle.cache.internal.DefaultFileLockManager] Releasing lock on daemon addresses registry.
2026-04-18T00:38:08.860+0530 [DEBUG] [org.gradle.launcher.daemon.server.Daemon] Finished periodic daemon health check.
2026-04-18T00:38:18.860+0530 [DEBUG] [org.gradle.launcher.daemon.server.Daemon] Starting periodic daemon health check.
2026-04-18T00:38:18.860+0530 [DEBUG] [org.gradle.cache.internal.DefaultFileLockManager] Waiting to acquire shared lock on daemon addresses registry.
2026-04-18T00:38:18.860+0530 [DEBUG] [org.gradle.cache.internal.DefaultFileLockManager] Lock acquired on daemon addresses registry.
2026-04-18T00:38:18.860+0530 [DEBUG] [org.gradle.cache.internal.DefaultFileLockManager] Releasing lock on daemon addresses registry.
2026-04-18T00:38:18.860+0530 [DEBUG] [org.gradle.cache.internal.DefaultFileLockManager] Waiting to acquire shared lock on daemon addresses registry.
2026-04-18T00:38:18.860+0530 [DEBUG] [org.gradle.cache.internal.DefaultFileLockManager] Lock acquired on daemon addresses registry.
2026-04-18T00:38:18.860+0530 [DEBUG] [org.gradle.cache.internal.DefaultFileLockManager] Releasing lock on daemon addresses registry.
2026-04-18T00:38:18.860+0530 [DEBUG] [org.gradle.launcher.daemon.server.Daemon] Finished periodic daemon health check.
2026-04-18T00:38:28.860+0530 [DEBUG] [org.gradle.launcher.daemon.server.Daemon] Starting periodic daemon health check.
2026-04-18T00:38:28.860+0530 [DEBUG] [org.gradle.cache.internal.DefaultFileLockManager] Waiting to acquire shared lock on daemon addresses registry.
2026-04-18T00:38:28.860+0530 [DEBUG] [org.gradle.cache.internal.DefaultFileLockManager] Lock acquired on daemon addresses registry.
2026-04-18T00:38:28.860+0530 [DEBUG] [org.gradle.cache.internal.DefaultFileLockManager] Releasing lock on daemon addresses registry.
2026-04-18T00:38:28.860+0530 [DEBUG] [org.gradle.cache.internal.DefaultFileLockManager] Waiting to acquire shared lock on daemon addresses registry.
2026-04-18T00:38:28.860+0530 [DEBUG] [org.gradle.cache.internal.DefaultFileLockManager] Lock acquired on daemon addresses registry.
2026-04-18T00:38:28.860+0530 [DEBUG] [org.gradle.cache.internal.DefaultFileLockManager] Releasing lock on daemon addresses registry.
2026-04-18T00:38:28.860+0530 [DEBUG] [org.gradle.launcher.daemon.server.Daemon] Finished periodic daemon health check.
2026-04-18T00:38:38.860+0530 [DEBUG] [org.gradle.launcher.daemon.server.Daemon] Starting periodic daemon health check.
2026-04-18T00:38:38.860+0530 [DEBUG] [org.gradle.cache.internal.DefaultFileLockManager] Waiting to acquire shared lock on daemon addresses registry.
2026-04-18T00:38:38.860+0530 [DEBUG] [org.gradle.cache.internal.DefaultFileLockManager] Lock acquired on daemon addresses registry.
2026-04-18T00:38:38.860+0530 [DEBUG] [org.gradle.cache.internal.DefaultFileLockManager] Releasing lock on daemon addresses registry.
2026-04-18T00:38:38.860+0530 [DEBUG] [org.gradle.cache.internal.DefaultFileLockManager] Waiting to acquire shared lock on daemon addresses registry.
2026-04-18T00:38:38.860+0530 [DEBUG] [org.gradle.cache.internal.DefaultFileLockManager] Lock acquired on daemon addresses registry.
2026-04-18T00:38:38.860+0530 [DEBUG] [org.gradle.cache.internal.DefaultFileLockManager] Releasing lock on daemon addresses registry.
2026-04-18T00:38:38.860+0530 [DEBUG] [org.gradle.launcher.daemon.server.Daemon] Finished periodic daemon health check.
2026-04-18T00:38:48.860+0530 [DEBUG] [org.gradle.launcher.daemon.server.Daemon] Starting periodic daemon health check.
2026-04-18T00:38:48.860+0530 [DEBUG] [org.gradle.cache.internal.DefaultFileLockManager] Waiting to acquire shared lock on daemon addresses registry.
2026-04-18T00:38:48.860+0530 [DEBUG] [org.gradle.cache.internal.DefaultFileLockManager] Lock acquired on daemon addresses registry.
2026-04-18T00:38:48.860+0530 [DEBUG] [org.gradle.cache.internal.DefaultFileLockManager] Releasing lock on daemon addresses registry.
2026-04-18T00:38:48.860+0530 [DEBUG] [org.gradle.cache.internal.DefaultFileLockManager] Waiting to acquire shared lock on daemon addresses registry.
2026-04-18T00:38:48.860+0530 [DEBUG] [org.gradle.cache.internal.DefaultFileLockManager] Lock acquired on daemon addresses registry.
2026-04-18T00:38:48.860+0530 [DEBUG] [org.gradle.cache.internal.DefaultFileLockManager] Releasing lock on daemon addresses registry.
2026-04-18T00:38:48.860+0530 [DEBUG] [org.gradle.launcher.daemon.server.Daemon] Finished periodic daemon health check.
2026-04-18T00:38:58.860+0530 [DEBUG] [org.gradle.launcher.daemon.server.Daemon] Starting periodic daemon health check.
2026-04-18T00:38:58.860+0530 [DEBUG] [org.gradle.cache.internal.DefaultFileLockManager] Waiting to acquire shared lock on daemon addresses registry.
2026-04-18T00:38:58.860+0530 [DEBUG] [org.gradle.cache.internal.DefaultFileLockManager] Lock acquired on daemon addresses registry.
2026-04-18T00:38:58.860+0530 [DEBUG] [org.gradle.cache.internal.DefaultFileLockManager] Releasing lock on daemon addresses registry.
2026-04-18T00:38:58.860+0530 [DEBUG] [org.gradle.cache.internal.DefaultFileLockManager] Waiting to acquire shared lock on daemon addresses registry.
2026-04-18T00:38:58.860+0530 [DEBUG] [org.gradle.cache.internal.DefaultFileLockManager] Lock acquired on daemon addresses registry.
2026-04-18T00:38:58.860+0530 [DEBUG] [org.gradle.cache.internal.DefaultFileLockManager] Releasing lock on daemon addresses registry.
2026-04-18T00:38:58.861+0530 [DEBUG] [org.gradle.launcher.daemon.server.Daemon] Finished periodic daemon health check.
2026-04-18T00:39:08.860+0530 [DEBUG] [org.gradle.launcher.daemon.server.Daemon] Starting periodic daemon health check.
2026-04-18T00:39:08.860+0530 [DEBUG] [org.gradle.cache.internal.DefaultFileLockManager] Waiting to acquire shared lock on daemon addresses registry.
2026-04-18T00:39:08.860+0530 [DEBUG] [org.gradle.cache.internal.DefaultFileLockManager] Lock acquired on daemon addresses registry.
2026-04-18T00:39:08.860+0530 [DEBUG] [org.gradle.cache.internal.DefaultFileLockManager] Releasing lock on daemon addresses registry.
2026-04-18T00:39:08.860+0530 [DEBUG] [org.gradle.cache.internal.DefaultFileLockManager] Waiting to acquire shared lock on daemon addresses registry.
2026-04-18T00:39:08.860+0530 [DEBUG] [org.gradle.cache.internal.DefaultFileLockManager] Lock acquired on daemon addresses registry.
2026-04-18T00:39:08.861+0530 [DEBUG] [org.gradle.cache.internal.DefaultFileLockManager] Releasing lock on daemon addresses registry.
2026-04-18T00:39:08.861+0530 [DEBUG] [org.gradle.launcher.daemon.server.Daemon] Finished periodic daemon health check.
2026-04-18T00:39:18.860+0530 [DEBUG] [org.gradle.launcher.daemon.server.Daemon] Starting periodic daemon health check.
2026-04-18T00:39:18.860+0530 [DEBUG] [org.gradle.cache.internal.DefaultFileLockManager] Waiting to acquire shared lock on daemon addresses registry.
2026-04-18T00:39:18.860+0530 [DEBUG] [org.gradle.cache.internal.DefaultFileLockManager] Lock acquired on daemon addresses registry.
2026-04-18T00:39:18.860+0530 [DEBUG] [org.gradle.cache.internal.DefaultFileLockManager] Releasing lock on daemon addresses registry.
2026-04-18T00:39:18.860+0530 [DEBUG] [org.gradle.cache.internal.DefaultFileLockManager] Waiting to acquire shared lock on daemon addresses registry.
2026-04-18T00:39:18.860+0530 [DEBUG] [org.gradle.cache.internal.DefaultFileLockManager] Lock acquired on daemon addresses registry.
2026-04-18T00:39:18.860+0530 [DEBUG] [org.gradle.cache.internal.DefaultFileLockManager] Releasing lock on daemon addresses registry.
2026-04-18T00:39:18.860+0530 [DEBUG] [org.gradle.launcher.daemon.server.Daemon] Finished periodic daemon health check.
2026-04-18T00:39:28.860+0530 [DEBUG] [org.gradle.launcher.daemon.server.Daemon] Starting periodic daemon health check.
2026-04-18T00:39:28.860+0530 [DEBUG] [org.gradle.cache.internal.DefaultFileLockManager] Waiting to acquire shared lock on daemon addresses registry.
2026-04-18T00:39:28.860+0530 [DEBUG] [org.gradle.cache.internal.DefaultFileLockManager] Lock acquired on daemon addresses registry.
2026-04-18T00:39:28.860+0530 [DEBUG] [org.gradle.cache.internal.DefaultFileLockManager] Releasing lock on daemon addresses registry.
2026-04-18T00:39:28.860+0530 [DEBUG] [org.gradle.cache.internal.DefaultFileLockManager] Waiting to acquire shared lock on daemon addresses registry.
2026-04-18T00:39:28.860+0530 [DEBUG] [org.gradle.cache.internal.DefaultFileLockManager] Lock acquired on daemon addresses registry.
2026-04-18T00:39:28.860+0530 [DEBUG] [org.gradle.cache.internal.DefaultFileLockManager] Releasing lock on daemon addresses registry.
2026-04-18T00:39:28.861+0530 [DEBUG] [org.gradle.launcher.daemon.server.Daemon] Finished periodic daemon health check.
2026-04-18T00:39:38.860+0530 [DEBUG] [org.gradle.launcher.daemon.server.Daemon] Starting periodic daemon health check.
2026-04-18T00:39:38.860+0530 [DEBUG] [org.gradle.cache.internal.DefaultFileLockManager] Waiting to acquire shared lock on daemon addresses registry.
2026-04-18T00:39:38.860+0530 [DEBUG] [org.gradle.cache.internal.DefaultFileLockManager] Lock acquired on daemon addresses registry.
2026-04-18T00:39:38.860+0530 [DEBUG] [org.gradle.cache.internal.DefaultFileLockManager] Releasing lock on daemon addresses registry.
2026-04-18T00:39:38.860+0530 [DEBUG] [org.gradle.cache.internal.DefaultFileLockManager] Waiting to acquire shared lock on daemon addresses registry.
2026-04-18T00:39:38.861+0530 [DEBUG] [org.gradle.cache.internal.DefaultFileLockManager] Lock acquired on daemon addresses registry.
2026-04-18T00:39:38.861+0530 [DEBUG] [org.gradle.cache.internal.DefaultFileLockManager] Releasing lock on daemon addresses registry.
2026-04-18T00:39:38.861+0530 [DEBUG] [org.gradle.launcher.daemon.server.Daemon] Finished periodic daemon health check.
2026-04-18T00:39:48.860+0530 [DEBUG] [org.gradle.launcher.daemon.server.Daemon] Starting periodic daemon health check.
2026-04-18T00:39:48.860+0530 [DEBUG] [org.gradle.cache.internal.DefaultFileLockManager] Waiting to acquire shared lock on daemon addresses registry.
2026-04-18T00:39:48.860+0530 [DEBUG] [org.gradle.cache.internal.DefaultFileLockManager] Lock acquired on daemon addresses registry.
2026-04-18T00:39:48.860+0530 [DEBUG] [org.gradle.cache.internal.DefaultFileLockManager] Releasing lock on daemon addresses registry.
2026-04-18T00:39:48.860+0530 [DEBUG] [org.gradle.cache.internal.DefaultFileLockManager] Waiting to acquire shared lock on daemon addresses registry.
2026-04-18T00:39:48.860+0530 [DEBUG] [org.gradle.cache.internal.DefaultFileLockManager] Lock acquired on daemon addresses registry.
2026-04-18T00:39:48.860+0530 [DEBUG] [org.gradle.cache.internal.DefaultFileLockManager] Releasing lock on daemon addresses registry.
2026-04-18T00:39:48.860+0530 [DEBUG] [org.gradle.launcher.daemon.server.Daemon] Finished periodic daemon health check.
2026-04-18T00:39:58.860+0530 [DEBUG] [org.gradle.launcher.daemon.server.Daemon] Starting periodic daemon health check.
2026-04-18T00:39:58.860+0530 [DEBUG] [org.gradle.cache.internal.DefaultFileLockManager] Waiting to acquire shared lock on daemon addresses registry.
2026-04-18T00:39:58.860+0530 [DEBUG] [org.gradle.cache.internal.DefaultFileLockManager] Lock acquired on daemon addresses registry.
2026-04-18T00:39:58.860+0530 [DEBUG] [org.gradle.cache.internal.DefaultFileLockManager] Releasing lock on daemon addresses registry.
2026-04-18T00:39:58.860+0530 [DEBUG] [org.gradle.cache.internal.DefaultFileLockManager] Waiting to acquire shared lock on daemon addresses registry.
2026-04-18T00:39:58.860+0530 [DEBUG] [org.gradle.cache.internal.DefaultFileLockManager] Lock acquired on daemon addresses registry.
2026-04-18T00:39:58.860+0530 [DEBUG] [org.gradle.cache.internal.DefaultFileLockManager] Releasing lock on daemon addresses registry.
2026-04-18T00:39:58.860+0530 [DEBUG] [org.gradle.launcher.daemon.server.Daemon] Finished periodic daemon health check.
2026-04-18T00:40:08.860+0530 [DEBUG] [org.gradle.launcher.daemon.server.Daemon] Starting periodic daemon health check.
2026-04-18T00:40:08.860+0530 [DEBUG] [org.gradle.cache.internal.DefaultFileLockManager] Waiting to acquire shared lock on daemon addresses registry.
2026-04-18T00:40:08.860+0530 [DEBUG] [org.gradle.cache.internal.DefaultFileLockManager] Lock acquired on daemon addresses registry.
2026-04-18T00:40:08.860+0530 [DEBUG] [org.gradle.cache.internal.DefaultFileLockManager] Releasing lock on daemon addresses registry.
2026-04-18T00:40:08.860+0530 [DEBUG] [org.gradle.cache.internal.DefaultFileLockManager] Waiting to acquire shared lock on daemon addresses registry.
2026-04-18T00:40:08.861+0530 [DEBUG] [org.gradle.cache.internal.DefaultFileLockManager] Lock acquired on daemon addresses registry.
2026-04-18T00:40:08.861+0530 [DEBUG] [org.gradle.cache.internal.DefaultFileLockManager] Releasing lock on daemon addresses registry.
2026-04-18T00:40:08.861+0530 [DEBUG] [org.gradle.launcher.daemon.server.Daemon] Finished periodic daemon health check.
2026-04-18T00:40:18.860+0530 [DEBUG] [org.gradle.launcher.daemon.server.Daemon] Starting periodic daemon health check.
2026-04-18T00:40:18.860+0530 [DEBUG] [org.gradle.cache.internal.DefaultFileLockManager] Waiting to acquire shared lock on daemon addresses registry.
2026-04-18T00:40:18.860+0530 [DEBUG] [org.gradle.cache.internal.DefaultFileLockManager] Lock acquired on daemon addresses registry.
2026-04-18T00:40:18.860+0530 [DEBUG] [org.gradle.cache.internal.DefaultFileLockManager] Releasing lock on daemon addresses registry.
2026-04-18T00:40:18.860+0530 [DEBUG] [org.gradle.cache.internal.DefaultFileLockManager] Waiting to acquire shared lock on daemon addresses registry.
2026-04-18T00:40:18.860+0530 [DEBUG] [org.gradle.cache.internal.DefaultFileLockManager] Lock acquired on daemon addresses registry.
2026-04-18T00:40:18.860+0530 [DEBUG] [org.gradle.cache.internal.DefaultFileLockManager] Releasing lock on daemon addresses registry.
2026-04-18T00:40:18.860+0530 [DEBUG] [org.gradle.launcher.daemon.server.Daemon] Finished periodic daemon health check.
2026-04-18T00:40:28.860+0530 [DEBUG] [org.gradle.launcher.daemon.server.Daemon] Starting periodic daemon health check.
2026-04-18T00:40:28.860+0530 [DEBUG] [org.gradle.cache.internal.DefaultFileLockManager] Waiting to acquire shared lock on daemon addresses registry.
2026-04-18T00:40:28.860+0530 [DEBUG] [org.gradle.cache.internal.DefaultFileLockManager] Lock acquired on daemon addresses registry.
2026-04-18T00:40:28.860+0530 [DEBUG] [org.gradle.cache.internal.DefaultFileLockManager] Releasing lock on daemon addresses registry.
2026-04-18T00:40:28.860+0530 [DEBUG] [org.gradle.cache.internal.DefaultFileLockManager] Waiting to acquire shared lock on daemon addresses registry.
2026-04-18T00:40:28.860+0530 [DEBUG] [org.gradle.cache.internal.DefaultFileLockManager] Lock acquired on daemon addresses registry.
2026-04-18T00:40:28.860+0530 [DEBUG] [org.gradle.cache.internal.DefaultFileLockManager] Releasing lock on daemon addresses registry.
2026-04-18T00:40:28.860+0530 [DEBUG] [org.gradle.launcher.daemon.server.Daemon] Finished periodic daemon health check.
2026-04-18T00:40:38.860+0530 [DEBUG] [org.gradle.launcher.daemon.server.Daemon] Starting periodic daemon health check.
2026-04-18T00:40:38.860+0530 [DEBUG] [org.gradle.cache.internal.DefaultFileLockManager] Waiting to acquire shared lock on daemon addresses registry.
2026-04-18T00:40:38.860+0530 [DEBUG] [org.gradle.cache.internal.DefaultFileLockManager] Lock acquired on daemon addresses registry.
2026-04-18T00:40:38.860+0530 [DEBUG] [org.gradle.cache.internal.DefaultFileLockManager] Releasing lock on daemon addresses registry.
2026-04-18T00:40:38.860+0530 [DEBUG] [org.gradle.cache.internal.DefaultFileLockManager] Waiting to acquire shared lock on daemon addresses registry.
2026-04-18T00:40:38.860+0530 [DEBUG] [org.gradle.cache.internal.DefaultFileLockManager] Lock acquired on daemon addresses registry.
2026-04-18T00:40:38.860+0530 [DEBUG] [org.gradle.cache.internal.DefaultFileLockManager] Releasing lock on daemon addresses registry.
2026-04-18T00:40:38.860+0530 [DEBUG] [org.gradle.launcher.daemon.server.Daemon] Finished periodic daemon health check.
2026-04-18T00:40:48.860+0530 [DEBUG] [org.gradle.launcher.daemon.server.Daemon] Starting periodic daemon health check.
2026-04-18T00:40:48.860+0530 [DEBUG] [org.gradle.cache.internal.DefaultFileLockManager] Waiting to acquire shared lock on daemon addresses registry.
2026-04-18T00:40:48.860+0530 [DEBUG] [org.gradle.cache.internal.DefaultFileLockManager] Lock acquired on daemon addresses registry.
2026-04-18T00:40:48.860+0530 [DEBUG] [org.gradle.cache.internal.DefaultFileLockManager] Releasing lock on daemon addresses registry.
2026-04-18T00:40:48.860+0530 [DEBUG] [org.gradle.cache.internal.DefaultFileLockManager] Waiting to acquire shared lock on daemon addresses registry.
2026-04-18T00:40:48.860+0530 [DEBUG] [org.gradle.cache.internal.DefaultFileLockManager] Lock acquired on daemon addresses registry.
2026-04-18T00:40:48.860+0530 [DEBUG] [org.gradle.cache.internal.DefaultFileLockManager] Releasing lock on daemon addresses registry.
2026-04-18T00:40:48.860+0530 [DEBUG] [org.gradle.launcher.daemon.server.Daemon] Finished periodic daemon health check.
2026-04-18T00:40:58.860+0530 [DEBUG] [org.gradle.launcher.daemon.server.Daemon] Starting periodic daemon health check.
2026-04-18T00:40:58.860+0530 [DEBUG] [org.gradle.cache.internal.DefaultFileLockManager] Waiting to acquire shared lock on daemon addresses registry.
2026-04-18T00:40:58.860+0530 [DEBUG] [org.gradle.cache.internal.DefaultFileLockManager] Lock acquired on daemon addresses registry.
2026-04-18T00:40:58.860+0530 [DEBUG] [org.gradle.cache.internal.DefaultFileLockManager] Releasing lock on daemon addresses registry.
2026-04-18T00:40:58.860+0530 [DEBUG] [org.gradle.cache.internal.DefaultFileLockManager] Waiting to acquire shared lock on daemon addresses registry.
2026-04-18T00:40:58.860+0530 [DEBUG] [org.gradle.cache.internal.DefaultFileLockManager] Lock acquired on daemon addresses registry.
2026-04-18T00:40:58.860+0530 [DEBUG] [org.gradle.cache.internal.DefaultFileLockManager] Releasing lock on daemon addresses registry.
2026-04-18T00:40:58.860+0530 [DEBUG] [org.gradle.launcher.daemon.server.Daemon] Finished periodic daemon health check.
2026-04-18T00:41:08.860+0530 [DEBUG] [org.gradle.launcher.daemon.server.Daemon] Starting periodic daemon health check.
2026-04-18T00:41:08.860+0530 [DEBUG] [org.gradle.cache.internal.DefaultFileLockManager] Waiting to acquire shared lock on daemon addresses registry.
2026-04-18T00:41:08.860+0530 [DEBUG] [org.gradle.cache.internal.DefaultFileLockManager] Lock acquired on daemon addresses registry.
2026-04-18T00:41:08.860+0530 [DEBUG] [org.gradle.cache.internal.DefaultFileLockManager] Releasing lock on daemon addresses registry.
2026-04-18T00:41:08.860+0530 [DEBUG] [org.gradle.cache.internal.DefaultFileLockManager] Waiting to acquire shared lock on daemon addresses registry.
2026-04-18T00:41:08.860+0530 [DEBUG] [org.gradle.cache.internal.DefaultFileLockManager] Lock acquired on daemon addresses registry.
2026-04-18T00:41:08.860+0530 [DEBUG] [org.gradle.cache.internal.DefaultFileLockManager] Releasing lock on daemon addresses registry.
2026-04-18T00:41:08.860+0530 [DEBUG] [org.gradle.launcher.daemon.server.Daemon] Finished periodic daemon health check.
2026-04-18T00:41:18.860+0530 [DEBUG] [org.gradle.launcher.daemon.server.Daemon] Starting periodic daemon health check.
2026-04-18T00:41:18.860+0530 [DEBUG] [org.gradle.cache.internal.DefaultFileLockManager] Waiting to acquire shared lock on daemon addresses registry.
2026-04-18T00:41:18.860+0530 [DEBUG] [org.gradle.cache.internal.DefaultFileLockManager] Lock acquired on daemon addresses registry.
2026-04-18T00:41:18.860+0530 [DEBUG] [org.gradle.cache.internal.DefaultFileLockManager] Releasing lock on daemon addresses registry.
2026-04-18T00:41:18.860+0530 [DEBUG] [org.gradle.cache.internal.DefaultFileLockManager] Waiting to acquire shared lock on daemon addresses registry.
2026-04-18T00:41:18.860+0530 [DEBUG] [org.gradle.cache.internal.DefaultFileLockManager] Lock acquired on daemon addresses registry.
2026-04-18T00:41:18.860+0530 [DEBUG] [org.gradle.cache.internal.DefaultFileLockManager] Releasing lock on daemon addresses registry.
2026-04-18T00:41:18.860+0530 [DEBUG] [org.gradle.launcher.daemon.server.Daemon] Finished periodic daemon health check.
2026-04-18T00:41:28.860+0530 [DEBUG] [org.gradle.launcher.daemon.server.Daemon] Starting periodic daemon health check.
2026-04-18T00:41:28.860+0530 [DEBUG] [org.gradle.cache.internal.DefaultFileLockManager] Waiting to acquire shared lock on daemon addresses registry.
2026-04-18T00:41:28.860+0530 [DEBUG] [org.gradle.cache.internal.DefaultFileLockManager] Lock acquired on daemon addresses registry.
2026-04-18T00:41:28.860+0530 [DEBUG] [org.gradle.cache.internal.DefaultFileLockManager] Releasing lock on daemon addresses registry.
2026-04-18T00:41:28.860+0530 [DEBUG] [org.gradle.cache.internal.DefaultFileLockManager] Waiting to acquire shared lock on daemon addresses registry.
2026-04-18T00:41:28.860+0530 [DEBUG] [org.gradle.cache.internal.DefaultFileLockManager] Lock acquired on daemon addresses registry.
2026-04-18T00:41:28.860+0530 [DEBUG] [org.gradle.cache.internal.DefaultFileLockManager] Releasing lock on daemon addresses registry.
2026-04-18T00:41:28.860+0530 [DEBUG] [org.gradle.launcher.daemon.server.Daemon] Finished periodic daemon health check.
2026-04-18T00:41:38.860+0530 [DEBUG] [org.gradle.launcher.daemon.server.Daemon] Starting periodic daemon health check.
2026-04-18T00:41:38.860+0530 [DEBUG] [org.gradle.cache.internal.DefaultFileLockManager] Waiting to acquire shared lock on daemon addresses registry.
2026-04-18T00:41:38.860+0530 [DEBUG] [org.gradle.cache.internal.DefaultFileLockManager] Lock acquired on daemon addresses registry.
2026-04-18T00:41:38.860+0530 [DEBUG] [org.gradle.cache.internal.DefaultFileLockManager] Releasing lock on daemon addresses registry.
2026-04-18T00:41:38.861+0530 [DEBUG] [org.gradle.cache.internal.DefaultFileLockManager] Waiting to acquire shared lock on daemon addresses registry.
2026-04-18T00:41:38.861+0530 [DEBUG] [org.gradle.cache.internal.DefaultFileLockManager] Lock acquired on daemon addresses registry.
2026-04-18T00:41:38.861+0530 [DEBUG] [org.gradle.cache.internal.DefaultFileLockManager] Releasing lock on daemon addresses registry.
2026-04-18T00:41:38.861+0530 [DEBUG] [org.gradle.launcher.daemon.server.Daemon] Finished periodic daemon health check.
2026-04-18T00:41:48.860+0530 [DEBUG] [org.gradle.launcher.daemon.server.Daemon] Starting periodic daemon health check.
2026-04-18T00:41:48.860+0530 [DEBUG] [org.gradle.cache.internal.DefaultFileLockManager] Waiting to acquire shared lock on daemon addresses registry.
2026-04-18T00:41:48.860+0530 [DEBUG] [org.gradle.cache.internal.DefaultFileLockManager] Lock acquired on daemon addresses registry.
2026-04-18T00:41:48.860+0530 [DEBUG] [org.gradle.cache.internal.DefaultFileLockManager] Releasing lock on daemon addresses registry.
2026-04-18T00:41:48.860+0530 [DEBUG] [org.gradle.cache.internal.DefaultFileLockManager] Waiting to acquire shared lock on daemon addresses registry.
2026-04-18T00:41:48.860+0530 [DEBUG] [org.gradle.cache.internal.DefaultFileLockManager] Lock acquired on daemon addresses registry.
2026-04-18T00:41:48.860+0530 [DEBUG] [org.gradle.cache.internal.DefaultFileLockManager] Releasing lock on daemon addresses registry.
2026-04-18T00:41:48.860+0530 [DEBUG] [org.gradle.launcher.daemon.server.Daemon] Finished periodic daemon health check.
2026-04-18T00:41:58.860+0530 [DEBUG] [org.gradle.launcher.daemon.server.Daemon] Starting periodic daemon health check.
2026-04-18T00:41:58.860+0530 [DEBUG] [org.gradle.cache.internal.DefaultFileLockManager] Waiting to acquire shared lock on daemon addresses registry.
2026-04-18T00:41:58.860+0530 [DEBUG] [org.gradle.cache.internal.DefaultFileLockManager] Lock acquired on daemon addresses registry.
2026-04-18T00:41:58.860+0530 [DEBUG] [org.gradle.cache.internal.DefaultFileLockManager] Releasing lock on daemon addresses registry.
2026-04-18T00:41:58.860+0530 [DEBUG] [org.gradle.cache.internal.DefaultFileLockManager] Waiting to acquire shared lock on daemon addresses registry.
2026-04-18T00:41:58.860+0530 [DEBUG] [org.gradle.cache.internal.DefaultFileLockManager] Lock acquired on daemon addresses registry.
2026-04-18T00:41:58.860+0530 [DEBUG] [org.gradle.cache.internal.DefaultFileLockManager] Releasing lock on daemon addresses registry.
2026-04-18T00:41:58.860+0530 [DEBUG] [org.gradle.launcher.daemon.server.Daemon] Finished periodic daemon health check.
2026-04-18T00:42:08.860+0530 [DEBUG] [org.gradle.launcher.daemon.server.Daemon] Starting periodic daemon health check.
2026-04-18T00:42:08.860+0530 [DEBUG] [org.gradle.cache.internal.DefaultFileLockManager] Waiting to acquire shared lock on daemon addresses registry.
2026-04-18T00:42:08.860+0530 [DEBUG] [org.gradle.cache.internal.DefaultFileLockManager] Lock acquired on daemon addresses registry.
2026-04-18T00:42:08.860+0530 [DEBUG] [org.gradle.cache.internal.DefaultFileLockManager] Releasing lock on daemon addresses registry.
2026-04-18T00:42:08.860+0530 [DEBUG] [org.gradle.cache.internal.DefaultFileLockManager] Waiting to acquire shared lock on daemon addresses registry.
2026-04-18T00:42:08.860+0530 [DEBUG] [org.gradle.cache.internal.DefaultFileLockManager] Lock acquired on daemon addresses registry.
2026-04-18T00:42:08.860+0530 [DEBUG] [org.gradle.cache.internal.DefaultFileLockManager] Releasing lock on daemon addresses registry.
2026-04-18T00:42:08.860+0530 [DEBUG] [org.gradle.launcher.daemon.server.Daemon] Finished periodic daemon health check.
2026-04-18T00:42:18.860+0530 [DEBUG] [org.gradle.launcher.daemon.server.Daemon] Starting periodic daemon health check.
2026-04-18T00:42:18.860+0530 [DEBUG] [org.gradle.cache.internal.DefaultFileLockManager] Waiting to acquire shared lock on daemon addresses registry.
2026-04-18T00:42:18.860+0530 [DEBUG] [org.gradle.cache.internal.DefaultFileLockManager] Lock acquired on daemon addresses registry.
2026-04-18T00:42:18.860+0530 [DEBUG] [org.gradle.cache.internal.DefaultFileLockManager] Releasing lock on daemon addresses registry.
2026-04-18T00:42:18.860+0530 [DEBUG] [org.gradle.cache.internal.DefaultFileLockManager] Waiting to acquire shared lock on daemon addresses registry.
2026-04-18T00:42:18.860+0530 [DEBUG] [org.gradle.cache.internal.DefaultFileLockManager] Lock acquired on daemon addresses registry.
2026-04-18T00:42:18.860+0530 [DEBUG] [org.gradle.cache.internal.DefaultFileLockManager] Releasing lock on daemon addresses registry.
2026-04-18T00:42:18.860+0530 [DEBUG] [org.gradle.launcher.daemon.server.Daemon] Finished periodic daemon health check.
2026-04-18T00:42:28.860+0530 [DEBUG] [org.gradle.launcher.daemon.server.Daemon] Starting periodic daemon health check.
2026-04-18T00:42:28.860+0530 [DEBUG] [org.gradle.cache.internal.DefaultFileLockManager] Waiting to acquire shared lock on daemon addresses registry.
2026-04-18T00:42:28.860+0530 [DEBUG] [org.gradle.cache.internal.DefaultFileLockManager] Lock acquired on daemon addresses registry.
2026-04-18T00:42:28.860+0530 [DEBUG] [org.gradle.cache.internal.DefaultFileLockManager] Releasing lock on daemon addresses registry.
2026-04-18T00:42:28.860+0530 [DEBUG] [org.gradle.cache.internal.DefaultFileLockManager] Waiting to acquire shared lock on daemon addresses registry.
2026-04-18T00:42:28.860+0530 [DEBUG] [org.gradle.cache.internal.DefaultFileLockManager] Lock acquired on daemon addresses registry.
2026-04-18T00:42:28.860+0530 [DEBUG] [org.gradle.cache.internal.DefaultFileLockManager] Releasing lock on daemon addresses registry.
2026-04-18T00:42:28.860+0530 [DEBUG] [org.gradle.launcher.daemon.server.Daemon] Finished periodic daemon health check.
2026-04-18T00:42:38.860+0530 [DEBUG] [org.gradle.launcher.daemon.server.Daemon] Starting periodic daemon health check.
2026-04-18T00:42:38.860+0530 [DEBUG] [org.gradle.cache.internal.DefaultFileLockManager] Waiting to acquire shared lock on daemon addresses registry.
2026-04-18T00:42:38.860+0530 [DEBUG] [org.gradle.cache.internal.DefaultFileLockManager] Lock acquired on daemon addresses registry.
2026-04-18T00:42:38.860+0530 [DEBUG] [org.gradle.cache.internal.DefaultFileLockManager] Releasing lock on daemon addresses registry.
2026-04-18T00:42:38.860+0530 [DEBUG] [org.gradle.cache.internal.DefaultFileLockManager] Waiting to acquire shared lock on daemon addresses registry.
2026-04-18T00:42:38.860+0530 [DEBUG] [org.gradle.cache.internal.DefaultFileLockManager] Lock acquired on daemon addresses registry.
2026-04-18T00:42:38.860+0530 [DEBUG] [org.gradle.cache.internal.DefaultFileLockManager] Releasing lock on daemon addresses registry.
2026-04-18T00:42:38.860+0530 [DEBUG] [org.gradle.launcher.daemon.server.Daemon] Finished periodic daemon health check.
2026-04-18T00:42:48.860+0530 [DEBUG] [org.gradle.launcher.daemon.server.Daemon] Starting periodic daemon health check.
2026-04-18T00:42:48.860+0530 [DEBUG] [org.gradle.cache.internal.DefaultFileLockManager] Waiting to acquire shared lock on daemon addresses registry.
2026-04-18T00:42:48.860+0530 [DEBUG] [org.gradle.cache.internal.DefaultFileLockManager] Lock acquired on daemon addresses registry.
2026-04-18T00:42:48.860+0530 [DEBUG] [org.gradle.cache.internal.DefaultFileLockManager] Releasing lock on daemon addresses registry.
2026-04-18T00:42:48.860+0530 [DEBUG] [org.gradle.cache.internal.DefaultFileLockManager] Waiting to acquire shared lock on daemon addresses registry.
2026-04-18T00:42:48.860+0530 [DEBUG] [org.gradle.cache.internal.DefaultFileLockManager] Lock acquired on daemon addresses registry.
2026-04-18T00:42:48.860+0530 [DEBUG] [org.gradle.cache.internal.DefaultFileLockManager] Releasing lock on daemon addresses registry.
2026-04-18T00:42:48.860+0530 [DEBUG] [org.gradle.launcher.daemon.server.Daemon] Finished periodic daemon health check.
2026-04-18T00:42:58.860+0530 [DEBUG] [org.gradle.launcher.daemon.server.Daemon] Starting periodic daemon health check.
2026-04-18T00:42:58.860+0530 [DEBUG] [org.gradle.cache.internal.DefaultFileLockManager] Waiting to acquire shared lock on daemon addresses registry.
2026-04-18T00:42:58.860+0530 [DEBUG] [org.gradle.cache.internal.DefaultFileLockManager] Lock acquired on daemon addresses registry.
2026-04-18T00:42:58.860+0530 [DEBUG] [org.gradle.cache.internal.DefaultFileLockManager] Releasing lock on daemon addresses registry.
2026-04-18T00:42:58.860+0530 [DEBUG] [org.gradle.cache.internal.DefaultFileLockManager] Waiting to acquire shared lock on daemon addresses registry.
2026-04-18T00:42:58.860+0530 [DEBUG] [org.gradle.cache.internal.DefaultFileLockManager] Lock acquired on daemon addresses registry.
2026-04-18T00:42:58.860+0530 [DEBUG] [org.gradle.cache.internal.DefaultFileLockManager] Releasing lock on daemon addresses registry.
2026-04-18T00:42:58.860+0530 [DEBUG] [org.gradle.launcher.daemon.server.Daemon] Finished periodic daemon health check.
2026-04-18T00:43:08.860+0530 [DEBUG] [org.gradle.launcher.daemon.server.Daemon] Starting periodic daemon health check.
2026-04-18T00:43:08.860+0530 [DEBUG] [org.gradle.cache.internal.DefaultFileLockManager] Waiting to acquire shared lock on daemon addresses registry.
2026-04-18T00:43:08.860+0530 [DEBUG] [org.gradle.cache.internal.DefaultFileLockManager] Lock acquired on daemon addresses registry.
2026-04-18T00:43:08.860+0530 [DEBUG] [org.gradle.cache.internal.DefaultFileLockManager] Releasing lock on daemon addresses registry.
2026-04-18T00:43:08.860+0530 [DEBUG] [org.gradle.cache.internal.DefaultFileLockManager] Waiting to acquire shared lock on daemon addresses registry.
2026-04-18T00:43:08.860+0530 [DEBUG] [org.gradle.cache.internal.DefaultFileLockManager] Lock acquired on daemon addresses registry.
2026-04-18T00:43:08.860+0530 [DEBUG] [org.gradle.cache.internal.DefaultFileLockManager] Releasing lock on daemon addresses registry.
2026-04-18T00:43:08.860+0530 [DEBUG] [org.gradle.launcher.daemon.server.Daemon] Finished periodic daemon health check.
2026-04-18T00:43:18.860+0530 [DEBUG] [org.gradle.launcher.daemon.server.Daemon] Starting periodic daemon health check.
2026-04-18T00:43:18.860+0530 [DEBUG] [org.gradle.cache.internal.DefaultFileLockManager] Waiting to acquire shared lock on daemon addresses registry.
2026-04-18T00:43:18.860+0530 [DEBUG] [org.gradle.cache.internal.DefaultFileLockManager] Lock acquired on daemon addresses registry.
2026-04-18T00:43:18.860+0530 [DEBUG] [org.gradle.cache.internal.DefaultFileLockManager] Releasing lock on daemon addresses registry.
2026-04-18T00:43:18.860+0530 [DEBUG] [org.gradle.cache.internal.DefaultFileLockManager] Waiting to acquire shared lock on daemon addresses registry.
2026-04-18T00:43:18.860+0530 [DEBUG] [org.gradle.cache.internal.DefaultFileLockManager] Lock acquired on daemon addresses registry.
2026-04-18T00:43:18.860+0530 [DEBUG] [org.gradle.cache.internal.DefaultFileLockManager] Releasing lock on daemon addresses registry.
2026-04-18T00:43:18.860+0530 [DEBUG] [org.gradle.launcher.daemon.server.Daemon] Finished periodic daemon health check.
2026-04-18T00:43:28.860+0530 [DEBUG] [org.gradle.launcher.daemon.server.Daemon] Starting periodic daemon health check.
2026-04-18T00:43:28.860+0530 [DEBUG] [org.gradle.cache.internal.DefaultFileLockManager] Waiting to acquire shared lock on daemon addresses registry.
2026-04-18T00:43:28.860+0530 [DEBUG] [org.gradle.cache.internal.DefaultFileLockManager] Lock acquired on daemon addresses registry.
2026-04-18T00:43:28.860+0530 [DEBUG] [org.gradle.cache.internal.DefaultFileLockManager] Releasing lock on daemon addresses registry.
2026-04-18T00:43:28.860+0530 [DEBUG] [org.gradle.cache.internal.DefaultFileLockManager] Waiting to acquire shared lock on daemon addresses registry.
2026-04-18T00:43:28.860+0530 [DEBUG] [org.gradle.cache.internal.DefaultFileLockManager] Lock acquired on daemon addresses registry.
2026-04-18T00:43:28.860+0530 [DEBUG] [org.gradle.cache.internal.DefaultFileLockManager] Releasing lock on daemon addresses registry.
2026-04-18T00:43:28.860+0530 [DEBUG] [org.gradle.launcher.daemon.server.Daemon] Finished periodic daemon health check.
2026-04-18T00:43:38.860+0530 [DEBUG] [org.gradle.launcher.daemon.server.Daemon] Starting periodic daemon health check.
2026-04-18T00:43:38.860+0530 [DEBUG] [org.gradle.cache.internal.DefaultFileLockManager] Waiting to acquire shared lock on daemon addresses registry.
2026-04-18T00:43:38.860+0530 [DEBUG] [org.gradle.cache.internal.DefaultFileLockManager] Lock acquired on daemon addresses registry.
2026-04-18T00:43:38.860+0530 [DEBUG] [org.gradle.cache.internal.DefaultFileLockManager] Releasing lock on daemon addresses registry.
2026-04-18T00:43:38.860+0530 [DEBUG] [org.gradle.cache.internal.DefaultFileLockManager] Waiting to acquire shared lock on daemon addresses registry.
2026-04-18T00:43:38.860+0530 [DEBUG] [org.gradle.cache.internal.DefaultFileLockManager] Lock acquired on daemon addresses registry.
2026-04-18T00:43:38.860+0530 [DEBUG] [org.gradle.cache.internal.DefaultFileLockManager] Releasing lock on daemon addresses registry.
2026-04-18T00:43:38.860+0530 [DEBUG] [org.gradle.launcher.daemon.server.Daemon] Finished periodic daemon health check.
2026-04-18T00:43:48.860+0530 [DEBUG] [org.gradle.launcher.daemon.server.Daemon] Starting periodic daemon health check.
2026-04-18T00:43:48.860+0530 [DEBUG] [org.gradle.cache.internal.DefaultFileLockManager] Waiting to acquire shared lock on daemon addresses registry.
2026-04-18T00:43:48.860+0530 [DEBUG] [org.gradle.cache.internal.DefaultFileLockManager] Lock acquired on daemon addresses registry.
2026-04-18T00:43:48.860+0530 [DEBUG] [org.gradle.cache.internal.DefaultFileLockManager] Releasing lock on daemon addresses registry.
2026-04-18T00:43:48.860+0530 [DEBUG] [org.gradle.cache.internal.DefaultFileLockManager] Waiting to acquire shared lock on daemon addresses registry.
2026-04-18T00:43:48.860+0530 [DEBUG] [org.gradle.cache.internal.DefaultFileLockManager] Lock acquired on daemon addresses registry.
2026-04-18T00:43:48.860+0530 [DEBUG] [org.gradle.cache.internal.DefaultFileLockManager] Releasing lock on daemon addresses registry.
2026-04-18T00:43:48.860+0530 [DEBUG] [org.gradle.launcher.daemon.server.Daemon] Finished periodic daemon health check.
2026-04-18T00:43:58.860+0530 [DEBUG] [org.gradle.launcher.daemon.server.Daemon] Starting periodic daemon health check.
2026-04-18T00:43:58.860+0530 [DEBUG] [org.gradle.cache.internal.DefaultFileLockManager] Waiting to acquire shared lock on daemon addresses registry.
2026-04-18T00:43:58.860+0530 [DEBUG] [org.gradle.cache.internal.DefaultFileLockManager] Lock acquired on daemon addresses registry.
2026-04-18T00:43:58.860+0530 [DEBUG] [org.gradle.cache.internal.DefaultFileLockManager] Releasing lock on daemon addresses registry.
2026-04-18T00:43:58.860+0530 [DEBUG] [org.gradle.cache.internal.DefaultFileLockManager] Waiting to acquire shared lock on daemon addresses registry.
2026-04-18T00:43:58.860+0530 [DEBUG] [org.gradle.cache.internal.DefaultFileLockManager] Lock acquired on daemon addresses registry.
2026-04-18T00:43:58.860+0530 [DEBUG] [org.gradle.cache.internal.DefaultFileLockManager] Releasing lock on daemon addresses registry.
2026-04-18T00:43:58.860+0530 [DEBUG] [org.gradle.launcher.daemon.server.Daemon] Finished periodic daemon health check.
2026-04-18T00:44:08.860+0530 [DEBUG] [org.gradle.launcher.daemon.server.Daemon] Starting periodic daemon health check.
2026-04-18T00:44:08.860+0530 [DEBUG] [org.gradle.cache.internal.DefaultFileLockManager] Waiting to acquire shared lock on daemon addresses registry.
2026-04-18T00:44:08.860+0530 [DEBUG] [org.gradle.cache.internal.DefaultFileLockManager] Lock acquired on daemon addresses registry.
2026-04-18T00:44:08.860+0530 [DEBUG] [org.gradle.cache.internal.DefaultFileLockManager] Releasing lock on daemon addresses registry.
2026-04-18T00:44:08.860+0530 [DEBUG] [org.gradle.cache.internal.DefaultFileLockManager] Waiting to acquire shared lock on daemon addresses registry.
2026-04-18T00:44:08.860+0530 [DEBUG] [org.gradle.cache.internal.DefaultFileLockManager] Lock acquired on daemon addresses registry.
2026-04-18T00:44:08.860+0530 [DEBUG] [org.gradle.cache.internal.DefaultFileLockManager] Releasing lock on daemon addresses registry.
2026-04-18T00:44:08.860+0530 [DEBUG] [org.gradle.launcher.daemon.server.Daemon] Finished periodic daemon health check.
2026-04-18T00:44:18.860+0530 [DEBUG] [org.gradle.launcher.daemon.server.Daemon] Starting periodic daemon health check.
2026-04-18T00:44:18.860+0530 [DEBUG] [org.gradle.cache.internal.DefaultFileLockManager] Waiting to acquire shared lock on daemon addresses registry.
2026-04-18T00:44:18.860+0530 [DEBUG] [org.gradle.cache.internal.DefaultFileLockManager] Lock acquired on daemon addresses registry.
2026-04-18T00:44:18.860+0530 [DEBUG] [org.gradle.cache.internal.DefaultFileLockManager] Releasing lock on daemon addresses registry.
2026-04-18T00:44:18.860+0530 [DEBUG] [org.gradle.cache.internal.DefaultFileLockManager] Waiting to acquire shared lock on daemon addresses registry.
2026-04-18T00:44:18.860+0530 [DEBUG] [org.gradle.cache.internal.DefaultFileLockManager] Lock acquired on daemon addresses registry.
2026-04-18T00:44:18.860+0530 [DEBUG] [org.gradle.cache.internal.DefaultFileLockManager] Releasing lock on daemon addresses registry.
2026-04-18T00:44:18.860+0530 [DEBUG] [org.gradle.launcher.daemon.server.Daemon] Finished periodic daemon health check.
2026-04-18T00:44:28.860+0530 [DEBUG] [org.gradle.launcher.daemon.server.Daemon] Starting periodic daemon health check.
2026-04-18T00:44:28.860+0530 [DEBUG] [org.gradle.cache.internal.DefaultFileLockManager] Waiting to acquire shared lock on daemon addresses registry.
2026-04-18T00:44:28.860+0530 [DEBUG] [org.gradle.cache.internal.DefaultFileLockManager] Lock acquired on daemon addresses registry.
2026-04-18T00:44:28.860+0530 [DEBUG] [org.gradle.cache.internal.DefaultFileLockManager] Releasing lock on daemon addresses registry.
2026-04-18T00:44:28.860+0530 [DEBUG] [org.gradle.cache.internal.DefaultFileLockManager] Waiting to acquire shared lock on daemon addresses registry.
2026-04-18T00:44:28.860+0530 [DEBUG] [org.gradle.cache.internal.DefaultFileLockManager] Lock acquired on daemon addresses registry.
2026-04-18T00:44:28.860+0530 [DEBUG] [org.gradle.cache.internal.DefaultFileLockManager] Releasing lock on daemon addresses registry.
2026-04-18T00:44:28.860+0530 [DEBUG] [org.gradle.launcher.daemon.server.Daemon] Finished periodic daemon health check.
2026-04-18T00:44:38.860+0530 [DEBUG] [org.gradle.launcher.daemon.server.Daemon] Starting periodic daemon health check.
2026-04-18T00:44:38.860+0530 [DEBUG] [org.gradle.cache.internal.DefaultFileLockManager] Waiting to acquire shared lock on daemon addresses registry.
2026-04-18T00:44:38.860+0530 [DEBUG] [org.gradle.cache.internal.DefaultFileLockManager] Lock acquired on daemon addresses registry.
2026-04-18T00:44:38.860+0530 [DEBUG] [org.gradle.cache.internal.DefaultFileLockManager] Releasing lock on daemon addresses registry.
2026-04-18T00:44:38.860+0530 [DEBUG] [org.gradle.cache.internal.DefaultFileLockManager] Waiting to acquire shared lock on daemon addresses registry.
2026-04-18T00:44:38.860+0530 [DEBUG] [org.gradle.cache.internal.DefaultFileLockManager] Lock acquired on daemon addresses registry.
2026-04-18T00:44:38.860+0530 [DEBUG] [org.gradle.cache.internal.DefaultFileLockManager] Releasing lock on daemon addresses registry.
2026-04-18T00:44:38.860+0530 [DEBUG] [org.gradle.launcher.daemon.server.Daemon] Finished periodic daemon health check.
2026-04-18T00:44:48.860+0530 [DEBUG] [org.gradle.launcher.daemon.server.Daemon] Starting periodic daemon health check.
2026-04-18T00:44:48.860+0530 [DEBUG] [org.gradle.cache.internal.DefaultFileLockManager] Waiting to acquire shared lock on daemon addresses registry.
2026-04-18T00:44:48.860+0530 [DEBUG] [org.gradle.cache.internal.DefaultFileLockManager] Lock acquired on daemon addresses registry.
2026-04-18T00:44:48.860+0530 [DEBUG] [org.gradle.cache.internal.DefaultFileLockManager] Releasing lock on daemon addresses registry.
2026-04-18T00:44:48.860+0530 [DEBUG] [org.gradle.cache.internal.DefaultFileLockManager] Waiting to acquire shared lock on daemon addresses registry.
2026-04-18T00:44:48.860+0530 [DEBUG] [org.gradle.cache.internal.DefaultFileLockManager] Lock acquired on daemon addresses registry.
2026-04-18T00:44:48.860+0530 [DEBUG] [org.gradle.cache.internal.DefaultFileLockManager] Releasing lock on daemon addresses registry.
2026-04-18T00:44:48.860+0530 [DEBUG] [org.gradle.launcher.daemon.server.Daemon] Finished periodic daemon health check.
2026-04-18T00:44:58.860+0530 [DEBUG] [org.gradle.launcher.daemon.server.Daemon] Starting periodic daemon health check.
2026-04-18T00:44:58.860+0530 [DEBUG] [org.gradle.cache.internal.DefaultFileLockManager] Waiting to acquire shared lock on daemon addresses registry.
2026-04-18T00:44:58.860+0530 [DEBUG] [org.gradle.cache.internal.DefaultFileLockManager] Lock acquired on daemon addresses registry.
2026-04-18T00:44:58.860+0530 [DEBUG] [org.gradle.cache.internal.DefaultFileLockManager] Releasing lock on daemon addresses registry.
2026-04-18T00:44:58.860+0530 [DEBUG] [org.gradle.cache.internal.DefaultFileLockManager] Waiting to acquire shared lock on daemon addresses registry.
2026-04-18T00:44:58.860+0530 [DEBUG] [org.gradle.cache.internal.DefaultFileLockManager] Lock acquired on daemon addresses registry.
2026-04-18T00:44:58.860+0530 [DEBUG] [org.gradle.cache.internal.DefaultFileLockManager] Releasing lock on daemon addresses registry.
2026-04-18T00:44:58.860+0530 [DEBUG] [org.gradle.launcher.daemon.server.Daemon] Finished periodic daemon health check.
2026-04-18T00:45:08.860+0530 [DEBUG] [org.gradle.launcher.daemon.server.Daemon] Starting periodic daemon health check.
2026-04-18T00:45:08.860+0530 [DEBUG] [org.gradle.cache.internal.DefaultFileLockManager] Waiting to acquire shared lock on daemon addresses registry.
2026-04-18T00:45:08.860+0530 [DEBUG] [org.gradle.cache.internal.DefaultFileLockManager] Lock acquired on daemon addresses registry.
2026-04-18T00:45:08.860+0530 [DEBUG] [org.gradle.cache.internal.DefaultFileLockManager] Releasing lock on daemon addresses registry.
2026-04-18T00:45:08.860+0530 [DEBUG] [org.gradle.cache.internal.DefaultFileLockManager] Waiting to acquire shared lock on daemon addresses registry.
2026-04-18T00:45:08.861+0530 [DEBUG] [org.gradle.cache.internal.DefaultFileLockManager] Lock acquired on daemon addresses registry.
2026-04-18T00:45:08.861+0530 [DEBUG] [org.gradle.cache.internal.DefaultFileLockManager] Releasing lock on daemon addresses registry.
2026-04-18T00:45:08.861+0530 [DEBUG] [org.gradle.launcher.daemon.server.Daemon] Finished periodic daemon health check.
2026-04-18T00:45:18.860+0530 [DEBUG] [org.gradle.launcher.daemon.server.Daemon] Starting periodic daemon health check.
2026-04-18T00:45:18.860+0530 [DEBUG] [org.gradle.cache.internal.DefaultFileLockManager] Waiting to acquire shared lock on daemon addresses registry.
2026-04-18T00:45:18.860+0530 [DEBUG] [org.gradle.cache.internal.DefaultFileLockManager] Lock acquired on daemon addresses registry.
2026-04-18T00:45:18.860+0530 [DEBUG] [org.gradle.cache.internal.DefaultFileLockManager] Releasing lock on daemon addresses registry.
2026-04-18T00:45:18.861+0530 [DEBUG] [org.gradle.cache.internal.DefaultFileLockManager] Waiting to acquire shared lock on daemon addresses registry.
2026-04-18T00:45:18.861+0530 [DEBUG] [org.gradle.cache.internal.DefaultFileLockManager] Lock acquired on daemon addresses registry.
2026-04-18T00:45:18.861+0530 [DEBUG] [org.gradle.cache.internal.DefaultFileLockManager] Releasing lock on daemon addresses registry.
2026-04-18T00:45:18.861+0530 [DEBUG] [org.gradle.launcher.daemon.server.Daemon] Finished periodic daemon health check.
2026-04-18T00:45:28.860+0530 [DEBUG] [org.gradle.launcher.daemon.server.Daemon] Starting periodic daemon health check.
2026-04-18T00:45:28.860+0530 [DEBUG] [org.gradle.cache.internal.DefaultFileLockManager] Waiting to acquire shared lock on daemon addresses registry.
2026-04-18T00:45:28.860+0530 [DEBUG] [org.gradle.cache.internal.DefaultFileLockManager] Lock acquired on daemon addresses registry.
2026-04-18T00:45:28.860+0530 [DEBUG] [org.gradle.cache.internal.DefaultFileLockManager] Releasing lock on daemon addresses registry.
2026-04-18T00:45:28.861+0530 [DEBUG] [org.gradle.cache.internal.DefaultFileLockManager] Waiting to acquire shared lock on daemon addresses registry.
2026-04-18T00:45:28.861+0530 [DEBUG] [org.gradle.cache.internal.DefaultFileLockManager] Lock acquired on daemon addresses registry.
2026-04-18T00:45:28.861+0530 [DEBUG] [org.gradle.cache.internal.DefaultFileLockManager] Releasing lock on daemon addresses registry.
2026-04-18T00:45:28.861+0530 [DEBUG] [org.gradle.launcher.daemon.server.Daemon] Finished periodic daemon health check.
2026-04-18T00:45:38.860+0530 [DEBUG] [org.gradle.launcher.daemon.server.Daemon] Starting periodic daemon health check.
2026-04-18T00:45:38.860+0530 [DEBUG] [org.gradle.cache.internal.DefaultFileLockManager] Waiting to acquire shared lock on daemon addresses registry.
2026-04-18T00:45:38.860+0530 [DEBUG] [org.gradle.cache.internal.DefaultFileLockManager] Lock acquired on daemon addresses registry.
2026-04-18T00:45:38.860+0530 [DEBUG] [org.gradle.cache.internal.DefaultFileLockManager] Releasing lock on daemon addresses registry.
2026-04-18T00:45:38.860+0530 [DEBUG] [org.gradle.cache.internal.DefaultFileLockManager] Waiting to acquire shared lock on daemon addresses registry.
2026-04-18T00:45:38.860+0530 [DEBUG] [org.gradle.cache.internal.DefaultFileLockManager] Lock acquired on daemon addresses registry.
2026-04-18T00:45:38.861+0530 [DEBUG] [org.gradle.cache.internal.DefaultFileLockManager] Releasing lock on daemon addresses registry.
2026-04-18T00:45:38.861+0530 [DEBUG] [org.gradle.launcher.daemon.server.Daemon] Finished periodic daemon health check.
2026-04-18T00:45:48.860+0530 [DEBUG] [org.gradle.launcher.daemon.server.Daemon] Starting periodic daemon health check.
2026-04-18T00:45:48.860+0530 [DEBUG] [org.gradle.cache.internal.DefaultFileLockManager] Waiting to acquire shared lock on daemon addresses registry.
2026-04-18T00:45:48.860+0530 [DEBUG] [org.gradle.cache.internal.DefaultFileLockManager] Lock acquired on daemon addresses registry.
2026-04-18T00:45:48.860+0530 [DEBUG] [org.gradle.cache.internal.DefaultFileLockManager] Releasing lock on daemon addresses registry.
2026-04-18T00:45:48.860+0530 [DEBUG] [org.gradle.cache.internal.DefaultFileLockManager] Waiting to acquire shared lock on daemon addresses registry.
2026-04-18T00:45:48.860+0530 [DEBUG] [org.gradle.cache.internal.DefaultFileLockManager] Lock acquired on daemon addresses registry.
2026-04-18T00:45:48.861+0530 [DEBUG] [org.gradle.cache.internal.DefaultFileLockManager] Releasing lock on daemon addresses registry.
2026-04-18T00:45:48.861+0530 [DEBUG] [org.gradle.launcher.daemon.server.Daemon] Finished periodic daemon health check.
2026-04-18T00:45:58.860+0530 [DEBUG] [org.gradle.launcher.daemon.server.Daemon] Starting periodic daemon health check.
2026-04-18T00:45:58.860+0530 [DEBUG] [org.gradle.cache.internal.DefaultFileLockManager] Waiting to acquire shared lock on daemon addresses registry.
2026-04-18T00:45:58.860+0530 [DEBUG] [org.gradle.cache.internal.DefaultFileLockManager] Lock acquired on daemon addresses registry.
2026-04-18T00:45:58.860+0530 [DEBUG] [org.gradle.cache.internal.DefaultFileLockManager] Releasing lock on daemon addresses registry.
2026-04-18T00:45:58.860+0530 [DEBUG] [org.gradle.cache.internal.DefaultFileLockManager] Waiting to acquire shared lock on daemon addresses registry.
2026-04-18T00:45:58.861+0530 [DEBUG] [org.gradle.cache.internal.DefaultFileLockManager] Lock acquired on daemon addresses registry.
2026-04-18T00:45:58.861+0530 [DEBUG] [org.gradle.cache.internal.DefaultFileLockManager] Releasing lock on daemon addresses registry.
2026-04-18T00:45:58.861+0530 [DEBUG] [org.gradle.launcher.daemon.server.Daemon] Finished periodic daemon health check.
2026-04-18T00:46:08.860+0530 [DEBUG] [org.gradle.launcher.daemon.server.Daemon] Starting periodic daemon health check.
2026-04-18T00:46:08.860+0530 [DEBUG] [org.gradle.cache.internal.DefaultFileLockManager] Waiting to acquire shared lock on daemon addresses registry.
2026-04-18T00:46:08.860+0530 [DEBUG] [org.gradle.cache.internal.DefaultFileLockManager] Lock acquired on daemon addresses registry.
2026-04-18T00:46:08.860+0530 [DEBUG] [org.gradle.cache.internal.DefaultFileLockManager] Releasing lock on daemon addresses registry.
2026-04-18T00:46:08.860+0530 [DEBUG] [org.gradle.cache.internal.DefaultFileLockManager] Waiting to acquire shared lock on daemon addresses registry.
2026-04-18T00:46:08.860+0530 [DEBUG] [org.gradle.cache.internal.DefaultFileLockManager] Lock acquired on daemon addresses registry.
2026-04-18T00:46:08.861+0530 [DEBUG] [org.gradle.cache.internal.DefaultFileLockManager] Releasing lock on daemon addresses registry.
2026-04-18T00:46:08.861+0530 [DEBUG] [org.gradle.launcher.daemon.server.Daemon] Finished periodic daemon health check.
2026-04-18T00:46:18.860+0530 [DEBUG] [org.gradle.launcher.daemon.server.Daemon] Starting periodic daemon health check.
2026-04-18T00:46:18.860+0530 [DEBUG] [org.gradle.cache.internal.DefaultFileLockManager] Waiting to acquire shared lock on daemon addresses registry.
2026-04-18T00:46:18.860+0530 [DEBUG] [org.gradle.cache.internal.DefaultFileLockManager] Lock acquired on daemon addresses registry.
2026-04-18T00:46:18.860+0530 [DEBUG] [org.gradle.cache.internal.DefaultFileLockManager] Releasing lock on daemon addresses registry.
2026-04-18T00:46:18.860+0530 [DEBUG] [org.gradle.cache.internal.DefaultFileLockManager] Waiting to acquire shared lock on daemon addresses registry.
2026-04-18T00:46:18.860+0530 [DEBUG] [org.gradle.cache.internal.DefaultFileLockManager] Lock acquired on daemon addresses registry.
2026-04-18T00:46:18.861+0530 [DEBUG] [org.gradle.cache.internal.DefaultFileLockManager] Releasing lock on daemon addresses registry.
2026-04-18T00:46:18.861+0530 [DEBUG] [org.gradle.launcher.daemon.server.Daemon] Finished periodic daemon health check.
2026-04-18T00:46:28.860+0530 [DEBUG] [org.gradle.launcher.daemon.server.Daemon] Starting periodic daemon health check.
2026-04-18T00:46:28.860+0530 [DEBUG] [org.gradle.cache.internal.DefaultFileLockManager] Waiting to acquire shared lock on daemon addresses registry.
2026-04-18T00:46:28.860+0530 [DEBUG] [org.gradle.cache.internal.DefaultFileLockManager] Lock acquired on daemon addresses registry.
2026-04-18T00:46:28.860+0530 [DEBUG] [org.gradle.cache.internal.DefaultFileLockManager] Releasing lock on daemon addresses registry.
2026-04-18T00:46:28.860+0530 [DEBUG] [org.gradle.cache.internal.DefaultFileLockManager] Waiting to acquire shared lock on daemon addresses registry.
2026-04-18T00:46:28.860+0530 [DEBUG] [org.gradle.cache.internal.DefaultFileLockManager] Lock acquired on daemon addresses registry.
2026-04-18T00:46:28.861+0530 [DEBUG] [org.gradle.cache.internal.DefaultFileLockManager] Releasing lock on daemon addresses registry.
2026-04-18T00:46:28.861+0530 [DEBUG] [org.gradle.launcher.daemon.server.Daemon] Finished periodic daemon health check.
2026-04-18T00:46:38.860+0530 [DEBUG] [org.gradle.launcher.daemon.server.Daemon] Starting periodic daemon health check.
2026-04-18T00:46:38.860+0530 [DEBUG] [org.gradle.cache.internal.DefaultFileLockManager] Waiting to acquire shared lock on daemon addresses registry.
2026-04-18T00:46:38.860+0530 [DEBUG] [org.gradle.cache.internal.DefaultFileLockManager] Lock acquired on daemon addresses registry.
2026-04-18T00:46:38.860+0530 [DEBUG] [org.gradle.cache.internal.DefaultFileLockManager] Releasing lock on daemon addresses registry.
2026-04-18T00:46:38.860+0530 [DEBUG] [org.gradle.cache.internal.DefaultFileLockManager] Waiting to acquire shared lock on daemon addresses registry.
2026-04-18T00:46:38.861+0530 [DEBUG] [org.gradle.cache.internal.DefaultFileLockManager] Lock acquired on daemon addresses registry.
2026-04-18T00:46:38.861+0530 [DEBUG] [org.gradle.cache.internal.DefaultFileLockManager] Releasing lock on daemon addresses registry.
2026-04-18T00:46:38.861+0530 [DEBUG] [org.gradle.launcher.daemon.server.Daemon] Finished periodic daemon health check.
2026-04-18T00:46:48.860+0530 [DEBUG] [org.gradle.launcher.daemon.server.Daemon] Starting periodic daemon health check.
2026-04-18T00:46:48.860+0530 [DEBUG] [org.gradle.cache.internal.DefaultFileLockManager] Waiting to acquire shared lock on daemon addresses registry.
2026-04-18T00:46:48.860+0530 [DEBUG] [org.gradle.cache.internal.DefaultFileLockManager] Lock acquired on daemon addresses registry.
2026-04-18T00:46:48.860+0530 [DEBUG] [org.gradle.cache.internal.DefaultFileLockManager] Releasing lock on daemon addresses registry.
2026-04-18T00:46:48.860+0530 [DEBUG] [org.gradle.cache.internal.DefaultFileLockManager] Waiting to acquire shared lock on daemon addresses registry.
2026-04-18T00:46:48.861+0530 [DEBUG] [org.gradle.cache.internal.DefaultFileLockManager] Lock acquired on daemon addresses registry.
2026-04-18T00:46:48.861+0530 [DEBUG] [org.gradle.cache.internal.DefaultFileLockManager] Releasing lock on daemon addresses registry.
2026-04-18T00:46:48.861+0530 [DEBUG] [org.gradle.launcher.daemon.server.Daemon] Finished periodic daemon health check.
2026-04-18T00:46:58.860+0530 [DEBUG] [org.gradle.launcher.daemon.server.Daemon] Starting periodic daemon health check.
2026-04-18T00:46:58.860+0530 [DEBUG] [org.gradle.cache.internal.DefaultFileLockManager] Waiting to acquire shared lock on daemon addresses registry.
2026-04-18T00:46:58.860+0530 [DEBUG] [org.gradle.cache.internal.DefaultFileLockManager] Lock acquired on daemon addresses registry.
2026-04-18T00:46:58.860+0530 [DEBUG] [org.gradle.cache.internal.DefaultFileLockManager] Releasing lock on daemon addresses registry.
2026-04-18T00:46:58.860+0530 [DEBUG] [org.gradle.cache.internal.DefaultFileLockManager] Waiting to acquire shared lock on daemon addresses registry.
2026-04-18T00:46:58.860+0530 [DEBUG] [org.gradle.cache.internal.DefaultFileLockManager] Lock acquired on daemon addresses registry.
2026-04-18T00:46:58.861+0530 [DEBUG] [org.gradle.cache.internal.DefaultFileLockManager] Releasing lock on daemon addresses registry.
2026-04-18T00:46:58.861+0530 [DEBUG] [org.gradle.launcher.daemon.server.Daemon] Finished periodic daemon health check.
2026-04-18T00:47:08.860+0530 [DEBUG] [org.gradle.launcher.daemon.server.Daemon] Starting periodic daemon health check.
2026-04-18T00:47:08.860+0530 [DEBUG] [org.gradle.cache.internal.DefaultFileLockManager] Waiting to acquire shared lock on daemon addresses registry.
2026-04-18T00:47:08.860+0530 [DEBUG] [org.gradle.cache.internal.DefaultFileLockManager] Lock acquired on daemon addresses registry.
2026-04-18T00:47:08.860+0530 [DEBUG] [org.gradle.cache.internal.DefaultFileLockManager] Releasing lock on daemon addresses registry.
2026-04-18T00:47:08.860+0530 [DEBUG] [org.gradle.cache.internal.DefaultFileLockManager] Waiting to acquire shared lock on daemon addresses registry.
2026-04-18T00:47:08.861+0530 [DEBUG] [org.gradle.cache.internal.DefaultFileLockManager] Lock acquired on daemon addresses registry.
2026-04-18T00:47:08.861+0530 [DEBUG] [org.gradle.cache.internal.DefaultFileLockManager] Releasing lock on daemon addresses registry.
2026-04-18T00:47:08.861+0530 [DEBUG] [org.gradle.launcher.daemon.server.Daemon] Finished periodic daemon health check.
2026-04-18T00:47:18.860+0530 [DEBUG] [org.gradle.launcher.daemon.server.Daemon] Starting periodic daemon health check.
2026-04-18T00:47:18.860+0530 [DEBUG] [org.gradle.cache.internal.DefaultFileLockManager] Waiting to acquire shared lock on daemon addresses registry.
2026-04-18T00:47:18.860+0530 [DEBUG] [org.gradle.cache.internal.DefaultFileLockManager] Lock acquired on daemon addresses registry.
2026-04-18T00:47:18.860+0530 [DEBUG] [org.gradle.cache.internal.DefaultFileLockManager] Releasing lock on daemon addresses registry.
2026-04-18T00:47:18.861+0530 [DEBUG] [org.gradle.cache.internal.DefaultFileLockManager] Waiting to acquire shared lock on daemon addresses registry.
2026-04-18T00:47:18.861+0530 [DEBUG] [org.gradle.cache.internal.DefaultFileLockManager] Lock acquired on daemon addresses registry.
2026-04-18T00:47:18.861+0530 [DEBUG] [org.gradle.cache.internal.DefaultFileLockManager] Releasing lock on daemon addresses registry.
2026-04-18T00:47:18.861+0530 [DEBUG] [org.gradle.launcher.daemon.server.Daemon] Finished periodic daemon health check.
2026-04-18T00:47:28.860+0530 [DEBUG] [org.gradle.launcher.daemon.server.Daemon] Starting periodic daemon health check.
2026-04-18T00:47:28.860+0530 [DEBUG] [org.gradle.cache.internal.DefaultFileLockManager] Waiting to acquire shared lock on daemon addresses registry.
2026-04-18T00:47:28.860+0530 [DEBUG] [org.gradle.cache.internal.DefaultFileLockManager] Lock acquired on daemon addresses registry.
2026-04-18T00:47:28.860+0530 [DEBUG] [org.gradle.cache.internal.DefaultFileLockManager] Releasing lock on daemon addresses registry.
2026-04-18T00:47:28.860+0530 [DEBUG] [org.gradle.cache.internal.DefaultFileLockManager] Waiting to acquire shared lock on daemon addresses registry.
2026-04-18T00:47:28.860+0530 [DEBUG] [org.gradle.cache.internal.DefaultFileLockManager] Lock acquired on daemon addresses registry.
2026-04-18T00:47:28.861+0530 [DEBUG] [org.gradle.cache.internal.DefaultFileLockManager] Releasing lock on daemon addresses registry.
2026-04-18T00:47:28.861+0530 [DEBUG] [org.gradle.launcher.daemon.server.Daemon] Finished periodic daemon health check.
2026-04-18T00:47:38.860+0530 [DEBUG] [org.gradle.launcher.daemon.server.Daemon] Starting periodic daemon health check.
2026-04-18T00:47:38.860+0530 [DEBUG] [org.gradle.cache.internal.DefaultFileLockManager] Waiting to acquire shared lock on daemon addresses registry.
2026-04-18T00:47:38.860+0530 [DEBUG] [org.gradle.cache.internal.DefaultFileLockManager] Lock acquired on daemon addresses registry.
2026-04-18T00:47:38.860+0530 [DEBUG] [org.gradle.cache.internal.DefaultFileLockManager] Releasing lock on daemon addresses registry.
2026-04-18T00:47:38.860+0530 [DEBUG] [org.gradle.cache.internal.DefaultFileLockManager] Waiting to acquire shared lock on daemon addresses registry.
2026-04-18T00:47:38.860+0530 [DEBUG] [org.gradle.cache.internal.DefaultFileLockManager] Lock acquired on daemon addresses registry.
2026-04-18T00:47:38.861+0530 [DEBUG] [org.gradle.cache.internal.DefaultFileLockManager] Releasing lock on daemon addresses registry.
2026-04-18T00:47:38.861+0530 [DEBUG] [org.gradle.launcher.daemon.server.Daemon] Finished periodic daemon health check.
2026-04-18T00:47:48.859+0530 [DEBUG] [org.gradle.launcher.daemon.server.Daemon] Starting periodic daemon health check.
2026-04-18T00:47:48.860+0530 [DEBUG] [org.gradle.cache.internal.DefaultFileLockManager] Waiting to acquire shared lock on daemon addresses registry.
2026-04-18T00:47:48.860+0530 [DEBUG] [org.gradle.cache.internal.DefaultFileLockManager] Lock acquired on daemon addresses registry.
2026-04-18T00:47:48.860+0530 [DEBUG] [org.gradle.cache.internal.DefaultFileLockManager] Releasing lock on daemon addresses registry.
2026-04-18T00:47:48.860+0530 [DEBUG] [org.gradle.cache.internal.DefaultFileLockManager] Waiting to acquire shared lock on daemon addresses registry.
2026-04-18T00:47:48.860+0530 [DEBUG] [org.gradle.cache.internal.DefaultFileLockManager] Lock acquired on daemon addresses registry.
2026-04-18T00:47:48.860+0530 [DEBUG] [org.gradle.cache.internal.DefaultFileLockManager] Releasing lock on daemon addresses registry.
2026-04-18T00:47:48.861+0530 [DEBUG] [org.gradle.launcher.daemon.server.Daemon] Finished periodic daemon health check.
2026-04-18T00:47:58.860+0530 [DEBUG] [org.gradle.launcher.daemon.server.Daemon] Starting periodic daemon health check.
2026-04-18T00:47:58.860+0530 [DEBUG] [org.gradle.cache.internal.DefaultFileLockManager] Waiting to acquire shared lock on daemon addresses registry.
2026-04-18T00:47:58.860+0530 [DEBUG] [org.gradle.cache.internal.DefaultFileLockManager] Lock acquired on daemon addresses registry.
2026-04-18T00:47:58.860+0530 [DEBUG] [org.gradle.cache.internal.DefaultFileLockManager] Releasing lock on daemon addresses registry.
2026-04-18T00:47:58.860+0530 [DEBUG] [org.gradle.cache.internal.DefaultFileLockManager] Waiting to acquire shared lock on daemon addresses registry.
2026-04-18T00:47:58.860+0530 [DEBUG] [org.gradle.cache.internal.DefaultFileLockManager] Lock acquired on daemon addresses registry.
2026-04-18T00:47:58.861+0530 [DEBUG] [org.gradle.cache.internal.DefaultFileLockManager] Releasing lock on daemon addresses registry.
2026-04-18T00:47:58.861+0530 [DEBUG] [org.gradle.launcher.daemon.server.Daemon] Finished periodic daemon health check.
2026-04-18T00:48:08.860+0530 [DEBUG] [org.gradle.launcher.daemon.server.Daemon] Starting periodic daemon health check.
2026-04-18T00:48:08.860+0530 [DEBUG] [org.gradle.cache.internal.DefaultFileLockManager] Waiting to acquire shared lock on daemon addresses registry.
2026-04-18T00:48:08.860+0530 [DEBUG] [org.gradle.cache.internal.DefaultFileLockManager] Lock acquired on daemon addresses registry.
2026-04-18T00:48:08.860+0530 [DEBUG] [org.gradle.cache.internal.DefaultFileLockManager] Releasing lock on daemon addresses registry.
2026-04-18T00:48:08.860+0530 [DEBUG] [org.gradle.cache.internal.DefaultFileLockManager] Waiting to acquire shared lock on daemon addresses registry.
2026-04-18T00:48:08.860+0530 [DEBUG] [org.gradle.cache.internal.DefaultFileLockManager] Lock acquired on daemon addresses registry.
2026-04-18T00:48:08.860+0530 [DEBUG] [org.gradle.cache.internal.DefaultFileLockManager] Releasing lock on daemon addresses registry.
2026-04-18T00:48:08.860+0530 [DEBUG] [org.gradle.launcher.daemon.server.Daemon] Finished periodic daemon health check.
2026-04-18T00:48:18.860+0530 [DEBUG] [org.gradle.launcher.daemon.server.Daemon] Starting periodic daemon health check.
2026-04-18T00:48:18.860+0530 [DEBUG] [org.gradle.cache.internal.DefaultFileLockManager] Waiting to acquire shared lock on daemon addresses registry.
2026-04-18T00:48:18.860+0530 [DEBUG] [org.gradle.cache.internal.DefaultFileLockManager] Lock acquired on daemon addresses registry.
2026-04-18T00:48:18.860+0530 [DEBUG] [org.gradle.cache.internal.DefaultFileLockManager] Releasing lock on daemon addresses registry.
2026-04-18T00:48:18.860+0530 [DEBUG] [org.gradle.cache.internal.DefaultFileLockManager] Waiting to acquire shared lock on daemon addresses registry.
2026-04-18T00:48:18.860+0530 [DEBUG] [org.gradle.cache.internal.DefaultFileLockManager] Lock acquired on daemon addresses registry.
2026-04-18T00:48:18.861+0530 [DEBUG] [org.gradle.cache.internal.DefaultFileLockManager] Releasing lock on daemon addresses registry.
2026-04-18T00:48:18.861+0530 [DEBUG] [org.gradle.launcher.daemon.server.Daemon] Finished periodic daemon health check.
2026-04-18T00:48:28.860+0530 [DEBUG] [org.gradle.launcher.daemon.server.Daemon] Starting periodic daemon health check.
2026-04-18T00:48:28.860+0530 [DEBUG] [org.gradle.cache.internal.DefaultFileLockManager] Waiting to acquire shared lock on daemon addresses registry.
2026-04-18T00:48:28.860+0530 [DEBUG] [org.gradle.cache.internal.DefaultFileLockManager] Lock acquired on daemon addresses registry.
2026-04-18T00:48:28.860+0530 [DEBUG] [org.gradle.cache.internal.DefaultFileLockManager] Releasing lock on daemon addresses registry.
2026-04-18T00:48:28.860+0530 [DEBUG] [org.gradle.cache.internal.DefaultFileLockManager] Waiting to acquire shared lock on daemon addresses registry.
2026-04-18T00:48:28.860+0530 [DEBUG] [org.gradle.cache.internal.DefaultFileLockManager] Lock acquired on daemon addresses registry.
2026-04-18T00:48:28.860+0530 [DEBUG] [org.gradle.cache.internal.DefaultFileLockManager] Releasing lock on daemon addresses registry.
2026-04-18T00:48:28.860+0530 [DEBUG] [org.gradle.launcher.daemon.server.Daemon] Finished periodic daemon health check.
2026-04-18T00:48:38.860+0530 [DEBUG] [org.gradle.launcher.daemon.server.Daemon] Starting periodic daemon health check.
2026-04-18T00:48:38.860+0530 [DEBUG] [org.gradle.cache.internal.DefaultFileLockManager] Waiting to acquire shared lock on daemon addresses registry.
2026-04-18T00:48:38.860+0530 [DEBUG] [org.gradle.cache.internal.DefaultFileLockManager] Lock acquired on daemon addresses registry.
2026-04-18T00:48:38.860+0530 [DEBUG] [org.gradle.cache.internal.DefaultFileLockManager] Releasing lock on daemon addresses registry.
2026-04-18T00:48:38.860+0530 [DEBUG] [org.gradle.cache.internal.DefaultFileLockManager] Waiting to acquire shared lock on daemon addresses registry.
2026-04-18T00:48:38.860+0530 [DEBUG] [org.gradle.cache.internal.DefaultFileLockManager] Lock acquired on daemon addresses registry.
2026-04-18T00:48:38.860+0530 [DEBUG] [org.gradle.cache.internal.DefaultFileLockManager] Releasing lock on daemon addresses registry.
2026-04-18T00:48:38.860+0530 [DEBUG] [org.gradle.launcher.daemon.server.Daemon] Finished periodic daemon health check.
2026-04-18T00:48:48.860+0530 [DEBUG] [org.gradle.launcher.daemon.server.Daemon] Starting periodic daemon health check.
2026-04-18T00:48:48.860+0530 [DEBUG] [org.gradle.cache.internal.DefaultFileLockManager] Waiting to acquire shared lock on daemon addresses registry.
2026-04-18T00:48:48.860+0530 [DEBUG] [org.gradle.cache.internal.DefaultFileLockManager] Lock acquired on daemon addresses registry.
2026-04-18T00:48:48.860+0530 [DEBUG] [org.gradle.cache.internal.DefaultFileLockManager] Releasing lock on daemon addresses registry.
2026-04-18T00:48:48.860+0530 [DEBUG] [org.gradle.cache.internal.DefaultFileLockManager] Waiting to acquire shared lock on daemon addresses registry.
2026-04-18T00:48:48.860+0530 [DEBUG] [org.gradle.cache.internal.DefaultFileLockManager] Lock acquired on daemon addresses registry.
2026-04-18T00:48:48.860+0530 [DEBUG] [org.gradle.cache.internal.DefaultFileLockManager] Releasing lock on daemon addresses registry.
2026-04-18T00:48:48.860+0530 [DEBUG] [org.gradle.launcher.daemon.server.Daemon] Finished periodic daemon health check.
2026-04-18T00:48:58.860+0530 [DEBUG] [org.gradle.launcher.daemon.server.Daemon] Starting periodic daemon health check.
2026-04-18T00:48:58.860+0530 [DEBUG] [org.gradle.cache.internal.DefaultFileLockManager] Waiting to acquire shared lock on daemon addresses registry.
2026-04-18T00:48:58.860+0530 [DEBUG] [org.gradle.cache.internal.DefaultFileLockManager] Lock acquired on daemon addresses registry.
2026-04-18T00:48:58.860+0530 [DEBUG] [org.gradle.cache.internal.DefaultFileLockManager] Releasing lock on daemon addresses registry.
2026-04-18T00:48:58.860+0530 [DEBUG] [org.gradle.cache.internal.DefaultFileLockManager] Waiting to acquire shared lock on daemon addresses registry.
2026-04-18T00:48:58.860+0530 [DEBUG] [org.gradle.cache.internal.DefaultFileLockManager] Lock acquired on daemon addresses registry.
2026-04-18T00:48:58.860+0530 [DEBUG] [org.gradle.cache.internal.DefaultFileLockManager] Releasing lock on daemon addresses registry.
2026-04-18T00:48:58.860+0530 [DEBUG] [org.gradle.launcher.daemon.server.Daemon] Finished periodic daemon health check.
2026-04-18T00:49:08.860+0530 [DEBUG] [org.gradle.launcher.daemon.server.Daemon] Starting periodic daemon health check.
2026-04-18T00:49:08.860+0530 [DEBUG] [org.gradle.cache.internal.DefaultFileLockManager] Waiting to acquire shared lock on daemon addresses registry.
2026-04-18T00:49:08.860+0530 [DEBUG] [org.gradle.cache.internal.DefaultFileLockManager] Lock acquired on daemon addresses registry.
2026-04-18T00:49:08.860+0530 [DEBUG] [org.gradle.cache.internal.DefaultFileLockManager] Releasing lock on daemon addresses registry.
2026-04-18T00:49:08.860+0530 [DEBUG] [org.gradle.cache.internal.DefaultFileLockManager] Waiting to acquire shared lock on daemon addresses registry.
2026-04-18T00:49:08.860+0530 [DEBUG] [org.gradle.cache.internal.DefaultFileLockManager] Lock acquired on daemon addresses registry.
2026-04-18T00:49:08.860+0530 [DEBUG] [org.gradle.cache.internal.DefaultFileLockManager] Releasing lock on daemon addresses registry.
2026-04-18T00:49:08.861+0530 [DEBUG] [org.gradle.launcher.daemon.server.Daemon] Finished periodic daemon health check.
2026-04-18T00:49:18.860+0530 [DEBUG] [org.gradle.launcher.daemon.server.Daemon] Starting periodic daemon health check.
2026-04-18T00:49:18.860+0530 [DEBUG] [org.gradle.cache.internal.DefaultFileLockManager] Waiting to acquire shared lock on daemon addresses registry.
2026-04-18T00:49:18.860+0530 [DEBUG] [org.gradle.cache.internal.DefaultFileLockManager] Lock acquired on daemon addresses registry.
2026-04-18T00:49:18.860+0530 [DEBUG] [org.gradle.cache.internal.DefaultFileLockManager] Releasing lock on daemon addresses registry.
2026-04-18T00:49:18.860+0530 [DEBUG] [org.gradle.cache.internal.DefaultFileLockManager] Waiting to acquire shared lock on daemon addresses registry.
2026-04-18T00:49:18.860+0530 [DEBUG] [org.gradle.cache.internal.DefaultFileLockManager] Lock acquired on daemon addresses registry.
2026-04-18T00:49:18.860+0530 [DEBUG] [org.gradle.cache.internal.DefaultFileLockManager] Releasing lock on daemon addresses registry.
2026-04-18T00:49:18.860+0530 [DEBUG] [org.gradle.launcher.daemon.server.Daemon] Finished periodic daemon health check.
2026-04-18T00:49:28.860+0530 [DEBUG] [org.gradle.launcher.daemon.server.Daemon] Starting periodic daemon health check.
2026-04-18T00:49:28.860+0530 [DEBUG] [org.gradle.cache.internal.DefaultFileLockManager] Waiting to acquire shared lock on daemon addresses registry.
2026-04-18T00:49:28.860+0530 [DEBUG] [org.gradle.cache.internal.DefaultFileLockManager] Lock acquired on daemon addresses registry.
2026-04-18T00:49:28.860+0530 [DEBUG] [org.gradle.cache.internal.DefaultFileLockManager] Releasing lock on daemon addresses registry.
2026-04-18T00:49:28.860+0530 [DEBUG] [org.gradle.cache.internal.DefaultFileLockManager] Waiting to acquire shared lock on daemon addresses registry.
2026-04-18T00:49:28.860+0530 [DEBUG] [org.gradle.cache.internal.DefaultFileLockManager] Lock acquired on daemon addresses registry.
2026-04-18T00:49:28.860+0530 [DEBUG] [org.gradle.cache.internal.DefaultFileLockManager] Releasing lock on daemon addresses registry.
2026-04-18T00:49:28.860+0530 [DEBUG] [org.gradle.launcher.daemon.server.Daemon] Finished periodic daemon health check.
2026-04-18T00:49:38.860+0530 [DEBUG] [org.gradle.launcher.daemon.server.Daemon] Starting periodic daemon health check.
2026-04-18T00:49:38.860+0530 [DEBUG] [org.gradle.cache.internal.DefaultFileLockManager] Waiting to acquire shared lock on daemon addresses registry.
2026-04-18T00:49:38.860+0530 [DEBUG] [org.gradle.cache.internal.DefaultFileLockManager] Lock acquired on daemon addresses registry.
2026-04-18T00:49:38.860+0530 [DEBUG] [org.gradle.cache.internal.DefaultFileLockManager] Releasing lock on daemon addresses registry.
2026-04-18T00:49:38.860+0530 [DEBUG] [org.gradle.cache.internal.DefaultFileLockManager] Waiting to acquire shared lock on daemon addresses registry.
2026-04-18T00:49:38.860+0530 [DEBUG] [org.gradle.cache.internal.DefaultFileLockManager] Lock acquired on daemon addresses registry.
2026-04-18T00:49:38.860+0530 [DEBUG] [org.gradle.cache.internal.DefaultFileLockManager] Releasing lock on daemon addresses registry.
2026-04-18T00:49:38.860+0530 [DEBUG] [org.gradle.launcher.daemon.server.Daemon] Finished periodic daemon health check.
2026-04-18T00:49:48.860+0530 [DEBUG] [org.gradle.launcher.daemon.server.Daemon] Starting periodic daemon health check.
2026-04-18T00:49:48.860+0530 [DEBUG] [org.gradle.cache.internal.DefaultFileLockManager] Waiting to acquire shared lock on daemon addresses registry.
2026-04-18T00:49:48.860+0530 [DEBUG] [org.gradle.cache.internal.DefaultFileLockManager] Lock acquired on daemon addresses registry.
2026-04-18T00:49:48.860+0530 [DEBUG] [org.gradle.cache.internal.DefaultFileLockManager] Releasing lock on daemon addresses registry.
2026-04-18T00:49:48.860+0530 [DEBUG] [org.gradle.cache.internal.DefaultFileLockManager] Waiting to acquire shared lock on daemon addresses registry.
2026-04-18T00:49:48.860+0530 [DEBUG] [org.gradle.cache.internal.DefaultFileLockManager] Lock acquired on daemon addresses registry.
2026-04-18T00:49:48.860+0530 [DEBUG] [org.gradle.cache.internal.DefaultFileLockManager] Releasing lock on daemon addresses registry.
2026-04-18T00:49:48.861+0530 [DEBUG] [org.gradle.launcher.daemon.server.Daemon] Finished periodic daemon health check.
2026-04-18T00:49:58.860+0530 [DEBUG] [org.gradle.launcher.daemon.server.Daemon] Starting periodic daemon health check.
2026-04-18T00:49:58.860+0530 [DEBUG] [org.gradle.cache.internal.DefaultFileLockManager] Waiting to acquire shared lock on daemon addresses registry.
2026-04-18T00:49:58.860+0530 [DEBUG] [org.gradle.cache.internal.DefaultFileLockManager] Lock acquired on daemon addresses registry.
2026-04-18T00:49:58.860+0530 [DEBUG] [org.gradle.cache.internal.DefaultFileLockManager] Releasing lock on daemon addresses registry.
2026-04-18T00:49:58.860+0530 [DEBUG] [org.gradle.cache.internal.DefaultFileLockManager] Waiting to acquire shared lock on daemon addresses registry.
2026-04-18T00:49:58.860+0530 [DEBUG] [org.gradle.cache.internal.DefaultFileLockManager] Lock acquired on daemon addresses registry.
2026-04-18T00:49:58.860+0530 [DEBUG] [org.gradle.cache.internal.DefaultFileLockManager] Releasing lock on daemon addresses registry.
2026-04-18T00:49:58.860+0530 [DEBUG] [org.gradle.launcher.daemon.server.Daemon] Finished periodic daemon health check.
2026-04-18T00:50:08.860+0530 [DEBUG] [org.gradle.launcher.daemon.server.Daemon] Starting periodic daemon health check.
2026-04-18T00:50:08.860+0530 [DEBUG] [org.gradle.cache.internal.DefaultFileLockManager] Waiting to acquire shared lock on daemon addresses registry.
2026-04-18T00:50:08.860+0530 [DEBUG] [org.gradle.cache.internal.DefaultFileLockManager] Lock acquired on daemon addresses registry.
2026-04-18T00:50:08.860+0530 [DEBUG] [org.gradle.cache.internal.DefaultFileLockManager] Releasing lock on daemon addresses registry.
2026-04-18T00:50:08.860+0530 [DEBUG] [org.gradle.cache.internal.DefaultFileLockManager] Waiting to acquire shared lock on daemon addresses registry.
2026-04-18T00:50:08.860+0530 [DEBUG] [org.gradle.cache.internal.DefaultFileLockManager] Lock acquired on daemon addresses registry.
2026-04-18T00:50:08.860+0530 [DEBUG] [org.gradle.cache.internal.DefaultFileLockManager] Releasing lock on daemon addresses registry.
2026-04-18T00:50:08.860+0530 [DEBUG] [org.gradle.launcher.daemon.server.Daemon] Finished periodic daemon health check.
2026-04-18T00:50:18.860+0530 [DEBUG] [org.gradle.launcher.daemon.server.Daemon] Starting periodic daemon health check.
2026-04-18T00:50:18.860+0530 [DEBUG] [org.gradle.cache.internal.DefaultFileLockManager] Waiting to acquire shared lock on daemon addresses registry.
2026-04-18T00:50:18.860+0530 [DEBUG] [org.gradle.cache.internal.DefaultFileLockManager] Lock acquired on daemon addresses registry.
2026-04-18T00:50:18.860+0530 [DEBUG] [org.gradle.cache.internal.DefaultFileLockManager] Releasing lock on daemon addresses registry.
2026-04-18T00:50:18.860+0530 [DEBUG] [org.gradle.cache.internal.DefaultFileLockManager] Waiting to acquire shared lock on daemon addresses registry.
2026-04-18T00:50:18.860+0530 [DEBUG] [org.gradle.cache.internal.DefaultFileLockManager] Lock acquired on daemon addresses registry.
2026-04-18T00:50:18.861+0530 [DEBUG] [org.gradle.cache.internal.DefaultFileLockManager] Releasing lock on daemon addresses registry.
2026-04-18T00:50:18.861+0530 [DEBUG] [org.gradle.launcher.daemon.server.Daemon] Finished periodic daemon health check.
2026-04-18T00:50:28.860+0530 [DEBUG] [org.gradle.launcher.daemon.server.Daemon] Starting periodic daemon health check.
2026-04-18T00:50:28.860+0530 [DEBUG] [org.gradle.cache.internal.DefaultFileLockManager] Waiting to acquire shared lock on daemon addresses registry.
2026-04-18T00:50:28.860+0530 [DEBUG] [org.gradle.cache.internal.DefaultFileLockManager] Lock acquired on daemon addresses registry.
2026-04-18T00:50:28.860+0530 [DEBUG] [org.gradle.cache.internal.DefaultFileLockManager] Releasing lock on daemon addresses registry.
2026-04-18T00:50:28.860+0530 [DEBUG] [org.gradle.cache.internal.DefaultFileLockManager] Waiting to acquire shared lock on daemon addresses registry.
2026-04-18T00:50:28.861+0530 [DEBUG] [org.gradle.cache.internal.DefaultFileLockManager] Lock acquired on daemon addresses registry.
2026-04-18T00:50:28.861+0530 [DEBUG] [org.gradle.cache.internal.DefaultFileLockManager] Releasing lock on daemon addresses registry.
2026-04-18T00:50:28.861+0530 [DEBUG] [org.gradle.launcher.daemon.server.Daemon] Finished periodic daemon health check.
2026-04-18T00:50:38.860+0530 [DEBUG] [org.gradle.launcher.daemon.server.Daemon] Starting periodic daemon health check.
2026-04-18T00:50:38.860+0530 [DEBUG] [org.gradle.cache.internal.DefaultFileLockManager] Waiting to acquire shared lock on daemon addresses registry.
2026-04-18T00:50:38.860+0530 [DEBUG] [org.gradle.cache.internal.DefaultFileLockManager] Lock acquired on daemon addresses registry.
2026-04-18T00:50:38.860+0530 [DEBUG] [org.gradle.cache.internal.DefaultFileLockManager] Releasing lock on daemon addresses registry.
2026-04-18T00:50:38.861+0530 [DEBUG] [org.gradle.cache.internal.DefaultFileLockManager] Waiting to acquire shared lock on daemon addresses registry.
2026-04-18T00:50:38.861+0530 [DEBUG] [org.gradle.cache.internal.DefaultFileLockManager] Lock acquired on daemon addresses registry.
2026-04-18T00:50:38.861+0530 [DEBUG] [org.gradle.cache.internal.DefaultFileLockManager] Releasing lock on daemon addresses registry.
2026-04-18T00:50:38.861+0530 [DEBUG] [org.gradle.launcher.daemon.server.Daemon] Finished periodic daemon health check.
2026-04-18T00:50:48.860+0530 [DEBUG] [org.gradle.launcher.daemon.server.Daemon] Starting periodic daemon health check.
2026-04-18T00:50:48.860+0530 [DEBUG] [org.gradle.cache.internal.DefaultFileLockManager] Waiting to acquire shared lock on daemon addresses registry.
2026-04-18T00:50:48.860+0530 [DEBUG] [org.gradle.cache.internal.DefaultFileLockManager] Lock acquired on daemon addresses registry.
2026-04-18T00:50:48.860+0530 [DEBUG] [org.gradle.cache.internal.DefaultFileLockManager] Releasing lock on daemon addresses registry.
2026-04-18T00:50:48.860+0530 [DEBUG] [org.gradle.cache.internal.DefaultFileLockManager] Waiting to acquire shared lock on daemon addresses registry.
2026-04-18T00:50:48.860+0530 [DEBUG] [org.gradle.cache.internal.DefaultFileLockManager] Lock acquired on daemon addresses registry.
2026-04-18T00:50:48.861+0530 [DEBUG] [org.gradle.cache.internal.DefaultFileLockManager] Releasing lock on daemon addresses registry.
2026-04-18T00:50:48.861+0530 [DEBUG] [org.gradle.launcher.daemon.server.Daemon] Finished periodic daemon health check.
2026-04-18T00:50:58.860+0530 [DEBUG] [org.gradle.launcher.daemon.server.Daemon] Starting periodic daemon health check.
2026-04-18T00:50:58.860+0530 [DEBUG] [org.gradle.cache.internal.DefaultFileLockManager] Waiting to acquire shared lock on daemon addresses registry.
2026-04-18T00:50:58.860+0530 [DEBUG] [org.gradle.cache.internal.DefaultFileLockManager] Lock acquired on daemon addresses registry.
2026-04-18T00:50:58.860+0530 [DEBUG] [org.gradle.cache.internal.DefaultFileLockManager] Releasing lock on daemon addresses registry.
2026-04-18T00:50:58.860+0530 [DEBUG] [org.gradle.cache.internal.DefaultFileLockManager] Waiting to acquire shared lock on daemon addresses registry.
2026-04-18T00:50:58.860+0530 [DEBUG] [org.gradle.cache.internal.DefaultFileLockManager] Lock acquired on daemon addresses registry.
2026-04-18T00:50:58.860+0530 [DEBUG] [org.gradle.cache.internal.DefaultFileLockManager] Releasing lock on daemon addresses registry.
2026-04-18T00:50:58.860+0530 [DEBUG] [org.gradle.launcher.daemon.server.Daemon] Finished periodic daemon health check.
2026-04-18T00:51:08.860+0530 [DEBUG] [org.gradle.launcher.daemon.server.Daemon] Starting periodic daemon health check.
2026-04-18T00:51:08.860+0530 [DEBUG] [org.gradle.cache.internal.DefaultFileLockManager] Waiting to acquire shared lock on daemon addresses registry.
2026-04-18T00:51:08.860+0530 [DEBUG] [org.gradle.cache.internal.DefaultFileLockManager] Lock acquired on daemon addresses registry.
2026-04-18T00:51:08.860+0530 [DEBUG] [org.gradle.cache.internal.DefaultFileLockManager] Releasing lock on daemon addresses registry.
2026-04-18T00:51:08.860+0530 [DEBUG] [org.gradle.cache.internal.DefaultFileLockManager] Waiting to acquire shared lock on daemon addresses registry.
2026-04-18T00:51:08.860+0530 [DEBUG] [org.gradle.cache.internal.DefaultFileLockManager] Lock acquired on daemon addresses registry.
2026-04-18T00:51:08.860+0530 [DEBUG] [org.gradle.cache.internal.DefaultFileLockManager] Releasing lock on daemon addresses registry.
2026-04-18T00:51:08.860+0530 [DEBUG] [org.gradle.launcher.daemon.server.Daemon] Finished periodic daemon health check.
2026-04-18T00:51:18.860+0530 [DEBUG] [org.gradle.launcher.daemon.server.Daemon] Starting periodic daemon health check.
2026-04-18T00:51:18.860+0530 [DEBUG] [org.gradle.cache.internal.DefaultFileLockManager] Waiting to acquire shared lock on daemon addresses registry.
2026-04-18T00:51:18.860+0530 [DEBUG] [org.gradle.cache.internal.DefaultFileLockManager] Lock acquired on daemon addresses registry.
2026-04-18T00:51:18.860+0530 [DEBUG] [org.gradle.cache.internal.DefaultFileLockManager] Releasing lock on daemon addresses registry.
2026-04-18T00:51:18.868+0530 [DEBUG] [org.gradle.cache.internal.DefaultFileLockManager] Waiting to acquire shared lock on daemon addresses registry.
2026-04-18T00:51:18.868+0530 [DEBUG] [org.gradle.cache.internal.DefaultFileLockManager] Lock acquired on daemon addresses registry.
2026-04-18T00:51:18.869+0530 [DEBUG] [org.gradle.cache.internal.DefaultFileLockManager] Releasing lock on daemon addresses registry.
2026-04-18T00:51:18.869+0530 [DEBUG] [org.gradle.launcher.daemon.server.Daemon] Finished periodic daemon health check.
2026-04-18T00:51:28.860+0530 [DEBUG] [org.gradle.launcher.daemon.server.Daemon] Starting periodic daemon health check.
2026-04-18T00:51:28.860+0530 [DEBUG] [org.gradle.cache.internal.DefaultFileLockManager] Waiting to acquire shared lock on daemon addresses registry.
2026-04-18T00:51:28.860+0530 [DEBUG] [org.gradle.cache.internal.DefaultFileLockManager] Lock acquired on daemon addresses registry.
2026-04-18T00:51:28.860+0530 [DEBUG] [org.gradle.cache.internal.DefaultFileLockManager] Releasing lock on daemon addresses registry.
2026-04-18T00:51:28.860+0530 [DEBUG] [org.gradle.cache.internal.DefaultFileLockManager] Waiting to acquire shared lock on daemon addresses registry.
2026-04-18T00:51:28.860+0530 [DEBUG] [org.gradle.cache.internal.DefaultFileLockManager] Lock acquired on daemon addresses registry.
2026-04-18T00:51:28.860+0530 [DEBUG] [org.gradle.cache.internal.DefaultFileLockManager] Releasing lock on daemon addresses registry.
2026-04-18T00:51:28.860+0530 [DEBUG] [org.gradle.launcher.daemon.server.Daemon] Finished periodic daemon health check.
2026-04-18T00:51:38.860+0530 [DEBUG] [org.gradle.launcher.daemon.server.Daemon] Starting periodic daemon health check.
2026-04-18T00:51:38.860+0530 [DEBUG] [org.gradle.cache.internal.DefaultFileLockManager] Waiting to acquire shared lock on daemon addresses registry.
2026-04-18T00:51:38.860+0530 [DEBUG] [org.gradle.cache.internal.DefaultFileLockManager] Lock acquired on daemon addresses registry.
2026-04-18T00:51:38.860+0530 [DEBUG] [org.gradle.cache.internal.DefaultFileLockManager] Releasing lock on daemon addresses registry.
2026-04-18T00:51:38.869+0530 [DEBUG] [org.gradle.cache.internal.DefaultFileLockManager] Waiting to acquire shared lock on daemon addresses registry.
2026-04-18T00:51:38.869+0530 [DEBUG] [org.gradle.cache.internal.DefaultFileLockManager] Lock acquired on daemon addresses registry.
2026-04-18T00:51:38.869+0530 [DEBUG] [org.gradle.cache.internal.DefaultFileLockManager] Releasing lock on daemon addresses registry.
2026-04-18T00:51:38.869+0530 [DEBUG] [org.gradle.launcher.daemon.server.Daemon] Finished periodic daemon health check.
2026-04-18T00:51:48.860+0530 [DEBUG] [org.gradle.launcher.daemon.server.Daemon] Starting periodic daemon health check.
2026-04-18T00:51:48.860+0530 [DEBUG] [org.gradle.cache.internal.DefaultFileLockManager] Waiting to acquire shared lock on daemon addresses registry.
2026-04-18T00:51:48.860+0530 [DEBUG] [org.gradle.cache.internal.DefaultFileLockManager] Lock acquired on daemon addresses registry.
2026-04-18T00:51:48.860+0530 [DEBUG] [org.gradle.cache.internal.DefaultFileLockManager] Releasing lock on daemon addresses registry.
2026-04-18T00:51:48.860+0530 [DEBUG] [org.gradle.cache.internal.DefaultFileLockManager] Waiting to acquire shared lock on daemon addresses registry.
2026-04-18T00:51:48.860+0530 [DEBUG] [org.gradle.cache.internal.DefaultFileLockManager] Lock acquired on daemon addresses registry.
2026-04-18T00:51:48.861+0530 [DEBUG] [org.gradle.cache.internal.DefaultFileLockManager] Releasing lock on daemon addresses registry.
2026-04-18T00:51:48.861+0530 [DEBUG] [org.gradle.launcher.daemon.server.Daemon] Finished periodic daemon health check.
2026-04-18T00:51:58.860+0530 [DEBUG] [org.gradle.launcher.daemon.server.Daemon] Starting periodic daemon health check.
2026-04-18T00:51:58.860+0530 [DEBUG] [org.gradle.cache.internal.DefaultFileLockManager] Waiting to acquire shared lock on daemon addresses registry.
2026-04-18T00:51:58.860+0530 [DEBUG] [org.gradle.cache.internal.DefaultFileLockManager] Lock acquired on daemon addresses registry.
2026-04-18T00:51:58.860+0530 [DEBUG] [org.gradle.cache.internal.DefaultFileLockManager] Releasing lock on daemon addresses registry.
2026-04-18T00:51:58.860+0530 [DEBUG] [org.gradle.cache.internal.DefaultFileLockManager] Waiting to acquire shared lock on daemon addresses registry.
2026-04-18T00:51:58.860+0530 [DEBUG] [org.gradle.cache.internal.DefaultFileLockManager] Lock acquired on daemon addresses registry.
2026-04-18T00:51:58.860+0530 [DEBUG] [org.gradle.cache.internal.DefaultFileLockManager] Releasing lock on daemon addresses registry.
2026-04-18T00:51:58.860+0530 [DEBUG] [org.gradle.launcher.daemon.server.Daemon] Finished periodic daemon health check.
2026-04-18T00:52:08.860+0530 [DEBUG] [org.gradle.launcher.daemon.server.Daemon] Starting periodic daemon health check.
2026-04-18T00:52:08.860+0530 [DEBUG] [org.gradle.cache.internal.DefaultFileLockManager] Waiting to acquire shared lock on daemon addresses registry.
2026-04-18T00:52:08.860+0530 [DEBUG] [org.gradle.cache.internal.DefaultFileLockManager] Lock acquired on daemon addresses registry.
2026-04-18T00:52:08.860+0530 [DEBUG] [org.gradle.cache.internal.DefaultFileLockManager] Releasing lock on daemon addresses registry.
2026-04-18T00:52:08.860+0530 [DEBUG] [org.gradle.cache.internal.DefaultFileLockManager] Waiting to acquire shared lock on daemon addresses registry.
2026-04-18T00:52:08.860+0530 [DEBUG] [org.gradle.cache.internal.DefaultFileLockManager] Lock acquired on daemon addresses registry.
2026-04-18T00:52:08.860+0530 [DEBUG] [org.gradle.cache.internal.DefaultFileLockManager] Releasing lock on daemon addresses registry.
2026-04-18T00:52:08.860+0530 [DEBUG] [org.gradle.launcher.daemon.server.Daemon] Finished periodic daemon health check.
2026-04-18T00:52:18.860+0530 [DEBUG] [org.gradle.launcher.daemon.server.Daemon] Starting periodic daemon health check.
2026-04-18T00:52:18.860+0530 [DEBUG] [org.gradle.cache.internal.DefaultFileLockManager] Waiting to acquire shared lock on daemon addresses registry.
2026-04-18T00:52:18.860+0530 [DEBUG] [org.gradle.cache.internal.DefaultFileLockManager] Lock acquired on daemon addresses registry.
2026-04-18T00:52:18.860+0530 [DEBUG] [org.gradle.cache.internal.DefaultFileLockManager] Releasing lock on daemon addresses registry.
2026-04-18T00:52:18.860+0530 [DEBUG] [org.gradle.cache.internal.DefaultFileLockManager] Waiting to acquire shared lock on daemon addresses registry.
2026-04-18T00:52:18.861+0530 [DEBUG] [org.gradle.cache.internal.DefaultFileLockManager] Lock acquired on daemon addresses registry.
2026-04-18T00:52:18.861+0530 [DEBUG] [org.gradle.cache.internal.DefaultFileLockManager] Releasing lock on daemon addresses registry.
2026-04-18T00:52:18.861+0530 [DEBUG] [org.gradle.launcher.daemon.server.Daemon] Finished periodic daemon health check.
2026-04-18T00:52:28.860+0530 [DEBUG] [org.gradle.launcher.daemon.server.Daemon] Starting periodic daemon health check.
2026-04-18T00:52:28.860+0530 [DEBUG] [org.gradle.cache.internal.DefaultFileLockManager] Waiting to acquire shared lock on daemon addresses registry.
2026-04-18T00:52:28.860+0530 [DEBUG] [org.gradle.cache.internal.DefaultFileLockManager] Lock acquired on daemon addresses registry.
2026-04-18T00:52:28.860+0530 [DEBUG] [org.gradle.cache.internal.DefaultFileLockManager] Releasing lock on daemon addresses registry.
2026-04-18T00:52:28.860+0530 [DEBUG] [org.gradle.cache.internal.DefaultFileLockManager] Waiting to acquire shared lock on daemon addresses registry.
2026-04-18T00:52:28.860+0530 [DEBUG] [org.gradle.cache.internal.DefaultFileLockManager] Lock acquired on daemon addresses registry.
2026-04-18T00:52:28.860+0530 [DEBUG] [org.gradle.cache.internal.DefaultFileLockManager] Releasing lock on daemon addresses registry.
2026-04-18T00:52:28.860+0530 [DEBUG] [org.gradle.launcher.daemon.server.Daemon] Finished periodic daemon health check.
2026-04-18T00:52:38.860+0530 [DEBUG] [org.gradle.launcher.daemon.server.Daemon] Starting periodic daemon health check.
2026-04-18T00:52:38.860+0530 [DEBUG] [org.gradle.cache.internal.DefaultFileLockManager] Waiting to acquire shared lock on daemon addresses registry.
2026-04-18T00:52:38.860+0530 [DEBUG] [org.gradle.cache.internal.DefaultFileLockManager] Lock acquired on daemon addresses registry.
2026-04-18T00:52:38.860+0530 [DEBUG] [org.gradle.cache.internal.DefaultFileLockManager] Releasing lock on daemon addresses registry.
2026-04-18T00:52:38.860+0530 [DEBUG] [org.gradle.cache.internal.DefaultFileLockManager] Waiting to acquire shared lock on daemon addresses registry.
2026-04-18T00:52:38.868+0530 [DEBUG] [org.gradle.cache.internal.DefaultFileLockManager] Lock acquired on daemon addresses registry.
2026-04-18T00:52:38.868+0530 [DEBUG] [org.gradle.cache.internal.DefaultFileLockManager] Releasing lock on daemon addresses registry.
2026-04-18T00:52:38.868+0530 [DEBUG] [org.gradle.launcher.daemon.server.Daemon] Finished periodic daemon health check.
2026-04-18T00:52:48.860+0530 [DEBUG] [org.gradle.launcher.daemon.server.Daemon] Starting periodic daemon health check.
2026-04-18T00:52:48.860+0530 [DEBUG] [org.gradle.cache.internal.DefaultFileLockManager] Waiting to acquire shared lock on daemon addresses registry.
2026-04-18T00:52:48.860+0530 [DEBUG] [org.gradle.cache.internal.DefaultFileLockManager] Lock acquired on daemon addresses registry.
2026-04-18T00:52:48.860+0530 [DEBUG] [org.gradle.cache.internal.DefaultFileLockManager] Releasing lock on daemon addresses registry.
2026-04-18T00:52:48.860+0530 [DEBUG] [org.gradle.cache.internal.DefaultFileLockManager] Waiting to acquire shared lock on daemon addresses registry.
2026-04-18T00:52:48.860+0530 [DEBUG] [org.gradle.cache.internal.DefaultFileLockManager] Lock acquired on daemon addresses registry.
2026-04-18T00:52:48.860+0530 [DEBUG] [org.gradle.cache.internal.DefaultFileLockManager] Releasing lock on daemon addresses registry.
2026-04-18T00:52:48.860+0530 [DEBUG] [org.gradle.launcher.daemon.server.Daemon] Finished periodic daemon health check.
2026-04-18T00:52:58.860+0530 [DEBUG] [org.gradle.launcher.daemon.server.Daemon] Starting periodic daemon health check.
2026-04-18T00:52:58.860+0530 [DEBUG] [org.gradle.cache.internal.DefaultFileLockManager] Waiting to acquire shared lock on daemon addresses registry.
2026-04-18T00:52:58.860+0530 [DEBUG] [org.gradle.cache.internal.DefaultFileLockManager] Lock acquired on daemon addresses registry.
2026-04-18T00:52:58.860+0530 [DEBUG] [org.gradle.cache.internal.DefaultFileLockManager] Releasing lock on daemon addresses registry.
2026-04-18T00:52:58.860+0530 [DEBUG] [org.gradle.cache.internal.DefaultFileLockManager] Waiting to acquire shared lock on daemon addresses registry.
2026-04-18T00:52:58.860+0530 [DEBUG] [org.gradle.cache.internal.DefaultFileLockManager] Lock acquired on daemon addresses registry.
2026-04-18T00:52:58.860+0530 [DEBUG] [org.gradle.cache.internal.DefaultFileLockManager] Releasing lock on daemon addresses registry.
2026-04-18T00:52:58.860+0530 [DEBUG] [org.gradle.launcher.daemon.server.Daemon] Finished periodic daemon health check.
2026-04-18T00:53:08.860+0530 [DEBUG] [org.gradle.launcher.daemon.server.Daemon] Starting periodic daemon health check.
2026-04-18T00:53:08.860+0530 [DEBUG] [org.gradle.cache.internal.DefaultFileLockManager] Waiting to acquire shared lock on daemon addresses registry.
2026-04-18T00:53:08.860+0530 [DEBUG] [org.gradle.cache.internal.DefaultFileLockManager] Lock acquired on daemon addresses registry.
2026-04-18T00:53:08.860+0530 [DEBUG] [org.gradle.cache.internal.DefaultFileLockManager] Releasing lock on daemon addresses registry.
2026-04-18T00:53:08.860+0530 [DEBUG] [org.gradle.cache.internal.DefaultFileLockManager] Waiting to acquire shared lock on daemon addresses registry.
2026-04-18T00:53:08.860+0530 [DEBUG] [org.gradle.cache.internal.DefaultFileLockManager] Lock acquired on daemon addresses registry.
2026-04-18T00:53:08.860+0530 [DEBUG] [org.gradle.cache.internal.DefaultFileLockManager] Releasing lock on daemon addresses registry.
2026-04-18T00:53:08.860+0530 [DEBUG] [org.gradle.launcher.daemon.server.Daemon] Finished periodic daemon health check.
2026-04-18T00:53:18.860+0530 [DEBUG] [org.gradle.launcher.daemon.server.Daemon] Starting periodic daemon health check.
2026-04-18T00:53:18.860+0530 [DEBUG] [org.gradle.cache.internal.DefaultFileLockManager] Waiting to acquire shared lock on daemon addresses registry.
2026-04-18T00:53:18.860+0530 [DEBUG] [org.gradle.cache.internal.DefaultFileLockManager] Lock acquired on daemon addresses registry.
2026-04-18T00:53:18.860+0530 [DEBUG] [org.gradle.cache.internal.DefaultFileLockManager] Releasing lock on daemon addresses registry.
2026-04-18T00:53:18.860+0530 [DEBUG] [org.gradle.cache.internal.DefaultFileLockManager] Waiting to acquire shared lock on daemon addresses registry.
2026-04-18T00:53:18.860+0530 [DEBUG] [org.gradle.cache.internal.DefaultFileLockManager] Lock acquired on daemon addresses registry.
2026-04-18T00:53:18.860+0530 [DEBUG] [org.gradle.cache.internal.DefaultFileLockManager] Releasing lock on daemon addresses registry.
2026-04-18T00:53:18.860+0530 [DEBUG] [org.gradle.launcher.daemon.server.Daemon] Finished periodic daemon health check.
2026-04-18T00:53:28.860+0530 [DEBUG] [org.gradle.launcher.daemon.server.Daemon] Starting periodic daemon health check.
2026-04-18T00:53:28.860+0530 [DEBUG] [org.gradle.cache.internal.DefaultFileLockManager] Waiting to acquire shared lock on daemon addresses registry.
2026-04-18T00:53:28.860+0530 [DEBUG] [org.gradle.cache.internal.DefaultFileLockManager] Lock acquired on daemon addresses registry.
2026-04-18T00:53:28.860+0530 [DEBUG] [org.gradle.cache.internal.DefaultFileLockManager] Releasing lock on daemon addresses registry.
2026-04-18T00:53:28.860+0530 [DEBUG] [org.gradle.cache.internal.DefaultFileLockManager] Waiting to acquire shared lock on daemon addresses registry.
2026-04-18T00:53:28.860+0530 [DEBUG] [org.gradle.cache.internal.DefaultFileLockManager] Lock acquired on daemon addresses registry.
2026-04-18T00:53:28.860+0530 [DEBUG] [org.gradle.cache.internal.DefaultFileLockManager] Releasing lock on daemon addresses registry.
2026-04-18T00:53:28.860+0530 [DEBUG] [org.gradle.launcher.daemon.server.Daemon] Finished periodic daemon health check.
2026-04-18T00:53:38.860+0530 [DEBUG] [org.gradle.launcher.daemon.server.Daemon] Starting periodic daemon health check.
2026-04-18T00:53:38.860+0530 [DEBUG] [org.gradle.cache.internal.DefaultFileLockManager] Waiting to acquire shared lock on daemon addresses registry.
2026-04-18T00:53:38.869+0530 [DEBUG] [org.gradle.cache.internal.DefaultFileLockManager] Lock acquired on daemon addresses registry.
2026-04-18T00:53:38.869+0530 [DEBUG] [org.gradle.cache.internal.DefaultFileLockManager] Releasing lock on daemon addresses registry.
2026-04-18T00:53:38.869+0530 [DEBUG] [org.gradle.cache.internal.DefaultFileLockManager] Waiting to acquire shared lock on daemon addresses registry.
2026-04-18T00:53:38.869+0530 [DEBUG] [org.gradle.cache.internal.DefaultFileLockManager] Lock acquired on daemon addresses registry.
2026-04-18T00:53:38.869+0530 [DEBUG] [org.gradle.cache.internal.DefaultFileLockManager] Releasing lock on daemon addresses registry.
2026-04-18T00:53:38.869+0530 [DEBUG] [org.gradle.launcher.daemon.server.Daemon] Finished periodic daemon health check.
2026-04-18T00:53:48.860+0530 [DEBUG] [org.gradle.launcher.daemon.server.Daemon] Starting periodic daemon health check.
2026-04-18T00:53:48.860+0530 [DEBUG] [org.gradle.cache.internal.DefaultFileLockManager] Waiting to acquire shared lock on daemon addresses registry.
2026-04-18T00:53:48.860+0530 [DEBUG] [org.gradle.cache.internal.DefaultFileLockManager] Lock acquired on daemon addresses registry.
2026-04-18T00:53:48.860+0530 [DEBUG] [org.gradle.cache.internal.DefaultFileLockManager] Releasing lock on daemon addresses registry.
2026-04-18T00:53:48.860+0530 [DEBUG] [org.gradle.cache.internal.DefaultFileLockManager] Waiting to acquire shared lock on daemon addresses registry.
2026-04-18T00:53:48.860+0530 [DEBUG] [org.gradle.cache.internal.DefaultFileLockManager] Lock acquired on daemon addresses registry.
2026-04-18T00:53:48.860+0530 [DEBUG] [org.gradle.cache.internal.DefaultFileLockManager] Releasing lock on daemon addresses registry.
2026-04-18T00:53:48.860+0530 [DEBUG] [org.gradle.launcher.daemon.server.Daemon] Finished periodic daemon health check.
2026-04-18T00:53:58.860+0530 [DEBUG] [org.gradle.launcher.daemon.server.Daemon] Starting periodic daemon health check.
2026-04-18T00:53:58.860+0530 [DEBUG] [org.gradle.cache.internal.DefaultFileLockManager] Waiting to acquire shared lock on daemon addresses registry.
2026-04-18T00:53:58.860+0530 [DEBUG] [org.gradle.cache.internal.DefaultFileLockManager] Lock acquired on daemon addresses registry.
2026-04-18T00:53:58.860+0530 [DEBUG] [org.gradle.cache.internal.DefaultFileLockManager] Releasing lock on daemon addresses registry.
2026-04-18T00:53:58.860+0530 [DEBUG] [org.gradle.cache.internal.DefaultFileLockManager] Waiting to acquire shared lock on daemon addresses registry.
2026-04-18T00:53:58.860+0530 [DEBUG] [org.gradle.cache.internal.DefaultFileLockManager] Lock acquired on daemon addresses registry.
2026-04-18T00:53:58.860+0530 [DEBUG] [org.gradle.cache.internal.DefaultFileLockManager] Releasing lock on daemon addresses registry.
2026-04-18T00:53:58.860+0530 [DEBUG] [org.gradle.launcher.daemon.server.Daemon] Finished periodic daemon health check.
2026-04-18T00:54:08.860+0530 [DEBUG] [org.gradle.launcher.daemon.server.Daemon] Starting periodic daemon health check.
2026-04-18T00:54:08.860+0530 [DEBUG] [org.gradle.cache.internal.DefaultFileLockManager] Waiting to acquire shared lock on daemon addresses registry.
2026-04-18T00:54:08.860+0530 [DEBUG] [org.gradle.cache.internal.DefaultFileLockManager] Lock acquired on daemon addresses registry.
2026-04-18T00:54:08.860+0530 [DEBUG] [org.gradle.cache.internal.DefaultFileLockManager] Releasing lock on daemon addresses registry.
2026-04-18T00:54:08.860+0530 [DEBUG] [org.gradle.cache.internal.DefaultFileLockManager] Waiting to acquire shared lock on daemon addresses registry.
2026-04-18T00:54:08.860+0530 [DEBUG] [org.gradle.cache.internal.DefaultFileLockManager] Lock acquired on daemon addresses registry.
2026-04-18T00:54:08.860+0530 [DEBUG] [org.gradle.cache.internal.DefaultFileLockManager] Releasing lock on daemon addresses registry.
2026-04-18T00:54:08.860+0530 [DEBUG] [org.gradle.launcher.daemon.server.Daemon] Finished periodic daemon health check.
2026-04-18T00:54:18.860+0530 [DEBUG] [org.gradle.launcher.daemon.server.Daemon] Starting periodic daemon health check.
2026-04-18T00:54:18.860+0530 [DEBUG] [org.gradle.cache.internal.DefaultFileLockManager] Waiting to acquire shared lock on daemon addresses registry.
2026-04-18T00:54:18.860+0530 [DEBUG] [org.gradle.cache.internal.DefaultFileLockManager] Lock acquired on daemon addresses registry.
2026-04-18T00:54:18.860+0530 [DEBUG] [org.gradle.cache.internal.DefaultFileLockManager] Releasing lock on daemon addresses registry.
2026-04-18T00:54:18.860+0530 [DEBUG] [org.gradle.cache.internal.DefaultFileLockManager] Waiting to acquire shared lock on daemon addresses registry.
2026-04-18T00:54:18.860+0530 [DEBUG] [org.gradle.cache.internal.DefaultFileLockManager] Lock acquired on daemon addresses registry.
2026-04-18T00:54:18.860+0530 [DEBUG] [org.gradle.cache.internal.DefaultFileLockManager] Releasing lock on daemon addresses registry.
2026-04-18T00:54:18.860+0530 [DEBUG] [org.gradle.launcher.daemon.server.Daemon] Finished periodic daemon health check.
2026-04-18T00:54:28.860+0530 [DEBUG] [org.gradle.launcher.daemon.server.Daemon] Starting periodic daemon health check.
2026-04-18T00:54:28.860+0530 [DEBUG] [org.gradle.cache.internal.DefaultFileLockManager] Waiting to acquire shared lock on daemon addresses registry.
2026-04-18T00:54:28.860+0530 [DEBUG] [org.gradle.cache.internal.DefaultFileLockManager] Lock acquired on daemon addresses registry.
2026-04-18T00:54:28.860+0530 [DEBUG] [org.gradle.cache.internal.DefaultFileLockManager] Releasing lock on daemon addresses registry.
2026-04-18T00:54:28.860+0530 [DEBUG] [org.gradle.cache.internal.DefaultFileLockManager] Waiting to acquire shared lock on daemon addresses registry.
2026-04-18T00:54:28.860+0530 [DEBUG] [org.gradle.cache.internal.DefaultFileLockManager] Lock acquired on daemon addresses registry.
2026-04-18T00:54:28.860+0530 [DEBUG] [org.gradle.cache.internal.DefaultFileLockManager] Releasing lock on daemon addresses registry.
2026-04-18T00:54:28.860+0530 [DEBUG] [org.gradle.launcher.daemon.server.Daemon] Finished periodic daemon health check.
2026-04-18T00:54:38.860+0530 [DEBUG] [org.gradle.launcher.daemon.server.Daemon] Starting periodic daemon health check.
2026-04-18T00:54:38.860+0530 [DEBUG] [org.gradle.cache.internal.DefaultFileLockManager] Waiting to acquire shared lock on daemon addresses registry.
2026-04-18T00:54:38.860+0530 [DEBUG] [org.gradle.cache.internal.DefaultFileLockManager] Lock acquired on daemon addresses registry.
2026-04-18T00:54:38.860+0530 [DEBUG] [org.gradle.cache.internal.DefaultFileLockManager] Releasing lock on daemon addresses registry.
2026-04-18T00:54:38.860+0530 [DEBUG] [org.gradle.cache.internal.DefaultFileLockManager] Waiting to acquire shared lock on daemon addresses registry.
2026-04-18T00:54:38.860+0530 [DEBUG] [org.gradle.cache.internal.DefaultFileLockManager] Lock acquired on daemon addresses registry.
2026-04-18T00:54:38.860+0530 [DEBUG] [org.gradle.cache.internal.DefaultFileLockManager] Releasing lock on daemon addresses registry.
2026-04-18T00:54:38.860+0530 [DEBUG] [org.gradle.launcher.daemon.server.Daemon] Finished periodic daemon health check.
2026-04-18T00:54:48.859+0530 [DEBUG] [org.gradle.launcher.daemon.server.Daemon] Starting periodic daemon health check.
2026-04-18T00:54:48.859+0530 [DEBUG] [org.gradle.cache.internal.DefaultFileLockManager] Waiting to acquire shared lock on daemon addresses registry.
2026-04-18T00:54:48.859+0530 [DEBUG] [org.gradle.cache.internal.DefaultFileLockManager] Lock acquired on daemon addresses registry.
2026-04-18T00:54:48.859+0530 [DEBUG] [org.gradle.cache.internal.DefaultFileLockManager] Releasing lock on daemon addresses registry.
2026-04-18T00:54:48.860+0530 [DEBUG] [org.gradle.cache.internal.DefaultFileLockManager] Waiting to acquire shared lock on daemon addresses registry.
2026-04-18T00:54:48.860+0530 [DEBUG] [org.gradle.cache.internal.DefaultFileLockManager] Lock acquired on daemon addresses registry.
2026-04-18T00:54:48.860+0530 [DEBUG] [org.gradle.cache.internal.DefaultFileLockManager] Releasing lock on daemon addresses registry.
2026-04-18T00:54:48.860+0530 [DEBUG] [org.gradle.launcher.daemon.server.Daemon] Finished periodic daemon health check.
2026-04-18T00:54:58.860+0530 [DEBUG] [org.gradle.launcher.daemon.server.Daemon] Starting periodic daemon health check.
2026-04-18T00:54:58.860+0530 [DEBUG] [org.gradle.cache.internal.DefaultFileLockManager] Waiting to acquire shared lock on daemon addresses registry.
2026-04-18T00:54:58.860+0530 [DEBUG] [org.gradle.cache.internal.DefaultFileLockManager] Lock acquired on daemon addresses registry.
2026-04-18T00:54:58.860+0530 [DEBUG] [org.gradle.cache.internal.DefaultFileLockManager] Releasing lock on daemon addresses registry.
2026-04-18T00:54:58.860+0530 [DEBUG] [org.gradle.cache.internal.DefaultFileLockManager] Waiting to acquire shared lock on daemon addresses registry.
2026-04-18T00:54:58.860+0530 [DEBUG] [org.gradle.cache.internal.DefaultFileLockManager] Lock acquired on daemon addresses registry.
2026-04-18T00:54:58.860+0530 [DEBUG] [org.gradle.cache.internal.DefaultFileLockManager] Releasing lock on daemon addresses registry.
2026-04-18T00:54:58.860+0530 [DEBUG] [org.gradle.launcher.daemon.server.Daemon] Finished periodic daemon health check.
2026-04-18T00:55:08.860+0530 [DEBUG] [org.gradle.launcher.daemon.server.Daemon] Starting periodic daemon health check.
2026-04-18T00:55:08.860+0530 [DEBUG] [org.gradle.cache.internal.DefaultFileLockManager] Waiting to acquire shared lock on daemon addresses registry.
2026-04-18T00:55:08.860+0530 [DEBUG] [org.gradle.cache.internal.DefaultFileLockManager] Lock acquired on daemon addresses registry.
2026-04-18T00:55:08.860+0530 [DEBUG] [org.gradle.cache.internal.DefaultFileLockManager] Releasing lock on daemon addresses registry.
2026-04-18T00:55:08.860+0530 [DEBUG] [org.gradle.cache.internal.DefaultFileLockManager] Waiting to acquire shared lock on daemon addresses registry.
2026-04-18T00:55:08.860+0530 [DEBUG] [org.gradle.cache.internal.DefaultFileLockManager] Lock acquired on daemon addresses registry.
2026-04-18T00:55:08.860+0530 [DEBUG] [org.gradle.cache.internal.DefaultFileLockManager] Releasing lock on daemon addresses registry.
2026-04-18T00:55:08.860+0530 [DEBUG] [org.gradle.launcher.daemon.server.Daemon] Finished periodic daemon health check.
2026-04-18T00:55:18.860+0530 [DEBUG] [org.gradle.launcher.daemon.server.Daemon] Starting periodic daemon health check.
2026-04-18T00:55:18.860+0530 [DEBUG] [org.gradle.cache.internal.DefaultFileLockManager] Waiting to acquire shared lock on daemon addresses registry.
2026-04-18T00:55:18.860+0530 [DEBUG] [org.gradle.cache.internal.DefaultFileLockManager] Lock acquired on daemon addresses registry.
2026-04-18T00:55:18.860+0530 [DEBUG] [org.gradle.cache.internal.DefaultFileLockManager] Releasing lock on daemon addresses registry.
2026-04-18T00:55:18.860+0530 [DEBUG] [org.gradle.cache.internal.DefaultFileLockManager] Waiting to acquire shared lock on daemon addresses registry.
2026-04-18T00:55:18.860+0530 [DEBUG] [org.gradle.cache.internal.DefaultFileLockManager] Lock acquired on daemon addresses registry.
2026-04-18T00:55:18.860+0530 [DEBUG] [org.gradle.cache.internal.DefaultFileLockManager] Releasing lock on daemon addresses registry.
2026-04-18T00:55:18.860+0530 [DEBUG] [org.gradle.launcher.daemon.server.Daemon] Finished periodic daemon health check.
2026-04-18T00:55:28.860+0530 [DEBUG] [org.gradle.launcher.daemon.server.Daemon] Starting periodic daemon health check.
2026-04-18T00:55:28.860+0530 [DEBUG] [org.gradle.cache.internal.DefaultFileLockManager] Waiting to acquire shared lock on daemon addresses registry.
2026-04-18T00:55:28.860+0530 [DEBUG] [org.gradle.cache.internal.DefaultFileLockManager] Lock acquired on daemon addresses registry.
2026-04-18T00:55:28.860+0530 [DEBUG] [org.gradle.cache.internal.DefaultFileLockManager] Releasing lock on daemon addresses registry.
2026-04-18T00:55:28.860+0530 [DEBUG] [org.gradle.cache.internal.DefaultFileLockManager] Waiting to acquire shared lock on daemon addresses registry.
2026-04-18T00:55:28.860+0530 [DEBUG] [org.gradle.cache.internal.DefaultFileLockManager] Lock acquired on daemon addresses registry.
2026-04-18T00:55:28.860+0530 [DEBUG] [org.gradle.cache.internal.DefaultFileLockManager] Releasing lock on daemon addresses registry.
2026-04-18T00:55:28.860+0530 [DEBUG] [org.gradle.launcher.daemon.server.Daemon] Finished periodic daemon health check.
2026-04-18T00:55:38.860+0530 [DEBUG] [org.gradle.launcher.daemon.server.Daemon] Starting periodic daemon health check.
2026-04-18T00:55:38.860+0530 [DEBUG] [org.gradle.cache.internal.DefaultFileLockManager] Waiting to acquire shared lock on daemon addresses registry.
2026-04-18T00:55:38.860+0530 [DEBUG] [org.gradle.cache.internal.DefaultFileLockManager] Lock acquired on daemon addresses registry.
2026-04-18T00:55:38.860+0530 [DEBUG] [org.gradle.cache.internal.DefaultFileLockManager] Releasing lock on daemon addresses registry.
2026-04-18T00:55:38.860+0530 [DEBUG] [org.gradle.cache.internal.DefaultFileLockManager] Waiting to acquire shared lock on daemon addresses registry.
2026-04-18T00:55:38.860+0530 [DEBUG] [org.gradle.cache.internal.DefaultFileLockManager] Lock acquired on daemon addresses registry.
2026-04-18T00:55:38.860+0530 [DEBUG] [org.gradle.cache.internal.DefaultFileLockManager] Releasing lock on daemon addresses registry.
2026-04-18T00:55:38.860+0530 [DEBUG] [org.gradle.launcher.daemon.server.Daemon] Finished periodic daemon health check.
2026-04-18T00:55:48.860+0530 [DEBUG] [org.gradle.launcher.daemon.server.Daemon] Starting periodic daemon health check.
2026-04-18T00:55:48.860+0530 [DEBUG] [org.gradle.cache.internal.DefaultFileLockManager] Waiting to acquire shared lock on daemon addresses registry.
2026-04-18T00:55:48.860+0530 [DEBUG] [org.gradle.cache.internal.DefaultFileLockManager] Lock acquired on daemon addresses registry.
2026-04-18T00:55:48.860+0530 [DEBUG] [org.gradle.cache.internal.DefaultFileLockManager] Releasing lock on daemon addresses registry.
2026-04-18T00:55:48.860+0530 [DEBUG] [org.gradle.cache.internal.DefaultFileLockManager] Waiting to acquire shared lock on daemon addresses registry.
2026-04-18T00:55:48.860+0530 [DEBUG] [org.gradle.cache.internal.DefaultFileLockManager] Lock acquired on daemon addresses registry.
2026-04-18T00:55:48.860+0530 [DEBUG] [org.gradle.cache.internal.DefaultFileLockManager] Releasing lock on daemon addresses registry.
2026-04-18T00:55:48.860+0530 [DEBUG] [org.gradle.launcher.daemon.server.Daemon] Finished periodic daemon health check.
2026-04-18T00:55:58.860+0530 [DEBUG] [org.gradle.launcher.daemon.server.Daemon] Starting periodic daemon health check.
2026-04-18T00:55:58.860+0530 [DEBUG] [org.gradle.cache.internal.DefaultFileLockManager] Waiting to acquire shared lock on daemon addresses registry.
2026-04-18T00:55:58.860+0530 [DEBUG] [org.gradle.cache.internal.DefaultFileLockManager] Lock acquired on daemon addresses registry.
2026-04-18T00:55:58.860+0530 [DEBUG] [org.gradle.cache.internal.DefaultFileLockManager] Releasing lock on daemon addresses registry.
2026-04-18T00:55:58.860+0530 [DEBUG] [org.gradle.cache.internal.DefaultFileLockManager] Waiting to acquire shared lock on daemon addresses registry.
2026-04-18T00:55:58.860+0530 [DEBUG] [org.gradle.cache.internal.DefaultFileLockManager] Lock acquired on daemon addresses registry.
2026-04-18T00:55:58.860+0530 [DEBUG] [org.gradle.cache.internal.DefaultFileLockManager] Releasing lock on daemon addresses registry.
2026-04-18T00:55:58.860+0530 [DEBUG] [org.gradle.launcher.daemon.server.Daemon] Finished periodic daemon health check.
2026-04-18T00:56:08.860+0530 [DEBUG] [org.gradle.launcher.daemon.server.Daemon] Starting periodic daemon health check.
2026-04-18T00:56:08.860+0530 [DEBUG] [org.gradle.cache.internal.DefaultFileLockManager] Waiting to acquire shared lock on daemon addresses registry.
2026-04-18T00:56:08.860+0530 [DEBUG] [org.gradle.cache.internal.DefaultFileLockManager] Lock acquired on daemon addresses registry.
2026-04-18T00:56:08.860+0530 [DEBUG] [org.gradle.cache.internal.DefaultFileLockManager] Releasing lock on daemon addresses registry.
2026-04-18T00:56:08.860+0530 [DEBUG] [org.gradle.cache.internal.DefaultFileLockManager] Waiting to acquire shared lock on daemon addresses registry.
2026-04-18T00:56:08.860+0530 [DEBUG] [org.gradle.cache.internal.DefaultFileLockManager] Lock acquired on daemon addresses registry.
2026-04-18T00:56:08.860+0530 [DEBUG] [org.gradle.cache.internal.DefaultFileLockManager] Releasing lock on daemon addresses registry.
2026-04-18T00:56:08.860+0530 [DEBUG] [org.gradle.launcher.daemon.server.Daemon] Finished periodic daemon health check.
2026-04-18T00:56:18.860+0530 [DEBUG] [org.gradle.launcher.daemon.server.Daemon] Starting periodic daemon health check.
2026-04-18T00:56:18.860+0530 [DEBUG] [org.gradle.cache.internal.DefaultFileLockManager] Waiting to acquire shared lock on daemon addresses registry.
2026-04-18T00:56:18.860+0530 [DEBUG] [org.gradle.cache.internal.DefaultFileLockManager] Lock acquired on daemon addresses registry.
2026-04-18T00:56:18.860+0530 [DEBUG] [org.gradle.cache.internal.DefaultFileLockManager] Releasing lock on daemon addresses registry.
2026-04-18T00:56:18.860+0530 [DEBUG] [org.gradle.cache.internal.DefaultFileLockManager] Waiting to acquire shared lock on daemon addresses registry.
2026-04-18T00:56:18.860+0530 [DEBUG] [org.gradle.cache.internal.DefaultFileLockManager] Lock acquired on daemon addresses registry.
2026-04-18T00:56:18.860+0530 [DEBUG] [org.gradle.cache.internal.DefaultFileLockManager] Releasing lock on daemon addresses registry.
2026-04-18T00:56:18.860+0530 [DEBUG] [org.gradle.launcher.daemon.server.Daemon] Finished periodic daemon health check.
2026-04-18T00:56:28.860+0530 [DEBUG] [org.gradle.launcher.daemon.server.Daemon] Starting periodic daemon health check.
2026-04-18T00:56:28.860+0530 [DEBUG] [org.gradle.cache.internal.DefaultFileLockManager] Waiting to acquire shared lock on daemon addresses registry.
2026-04-18T00:56:28.860+0530 [DEBUG] [org.gradle.cache.internal.DefaultFileLockManager] Lock acquired on daemon addresses registry.
2026-04-18T00:56:28.860+0530 [DEBUG] [org.gradle.cache.internal.DefaultFileLockManager] Releasing lock on daemon addresses registry.
2026-04-18T00:56:28.860+0530 [DEBUG] [org.gradle.cache.internal.DefaultFileLockManager] Waiting to acquire shared lock on daemon addresses registry.
2026-04-18T00:56:28.860+0530 [DEBUG] [org.gradle.cache.internal.DefaultFileLockManager] Lock acquired on daemon addresses registry.
2026-04-18T00:56:28.860+0530 [DEBUG] [org.gradle.cache.internal.DefaultFileLockManager] Releasing lock on daemon addresses registry.
2026-04-18T00:56:28.860+0530 [DEBUG] [org.gradle.launcher.daemon.server.Daemon] Finished periodic daemon health check.
2026-04-18T00:56:38.860+0530 [DEBUG] [org.gradle.launcher.daemon.server.Daemon] Starting periodic daemon health check.
2026-04-18T00:56:38.860+0530 [DEBUG] [org.gradle.cache.internal.DefaultFileLockManager] Waiting to acquire shared lock on daemon addresses registry.
2026-04-18T00:56:38.860+0530 [DEBUG] [org.gradle.cache.internal.DefaultFileLockManager] Lock acquired on daemon addresses registry.
2026-04-18T00:56:38.860+0530 [DEBUG] [org.gradle.cache.internal.DefaultFileLockManager] Releasing lock on daemon addresses registry.
2026-04-18T00:56:38.860+0530 [DEBUG] [org.gradle.cache.internal.DefaultFileLockManager] Waiting to acquire shared lock on daemon addresses registry.
2026-04-18T00:56:38.860+0530 [DEBUG] [org.gradle.cache.internal.DefaultFileLockManager] Lock acquired on daemon addresses registry.
2026-04-18T00:56:38.860+0530 [DEBUG] [org.gradle.cache.internal.DefaultFileLockManager] Releasing lock on daemon addresses registry.
2026-04-18T00:56:38.860+0530 [DEBUG] [org.gradle.launcher.daemon.server.Daemon] Finished periodic daemon health check.
2026-04-18T00:56:48.860+0530 [DEBUG] [org.gradle.launcher.daemon.server.Daemon] Starting periodic daemon health check.
2026-04-18T00:56:48.860+0530 [DEBUG] [org.gradle.cache.internal.DefaultFileLockManager] Waiting to acquire shared lock on daemon addresses registry.
2026-04-18T00:56:48.860+0530 [DEBUG] [org.gradle.cache.internal.DefaultFileLockManager] Lock acquired on daemon addresses registry.
2026-04-18T00:56:48.860+0530 [DEBUG] [org.gradle.cache.internal.DefaultFileLockManager] Releasing lock on daemon addresses registry.
2026-04-18T00:56:48.860+0530 [DEBUG] [org.gradle.cache.internal.DefaultFileLockManager] Waiting to acquire shared lock on daemon addresses registry.
2026-04-18T00:56:48.860+0530 [DEBUG] [org.gradle.cache.internal.DefaultFileLockManager] Lock acquired on daemon addresses registry.
2026-04-18T00:56:48.860+0530 [DEBUG] [org.gradle.cache.internal.DefaultFileLockManager] Releasing lock on daemon addresses registry.
2026-04-18T00:56:48.860+0530 [DEBUG] [org.gradle.launcher.daemon.server.Daemon] Finished periodic daemon health check.
2026-04-18T00:56:58.860+0530 [DEBUG] [org.gradle.launcher.daemon.server.Daemon] Starting periodic daemon health check.
2026-04-18T00:56:58.860+0530 [DEBUG] [org.gradle.cache.internal.DefaultFileLockManager] Waiting to acquire shared lock on daemon addresses registry.
2026-04-18T00:56:58.860+0530 [DEBUG] [org.gradle.cache.internal.DefaultFileLockManager] Lock acquired on daemon addresses registry.
2026-04-18T00:56:58.860+0530 [DEBUG] [org.gradle.cache.internal.DefaultFileLockManager] Releasing lock on daemon addresses registry.
2026-04-18T00:56:58.860+0530 [DEBUG] [org.gradle.cache.internal.DefaultFileLockManager] Waiting to acquire shared lock on daemon addresses registry.
2026-04-18T00:56:58.860+0530 [DEBUG] [org.gradle.cache.internal.DefaultFileLockManager] Lock acquired on daemon addresses registry.
2026-04-18T00:56:58.860+0530 [DEBUG] [org.gradle.cache.internal.DefaultFileLockManager] Releasing lock on daemon addresses registry.
2026-04-18T00:56:58.860+0530 [DEBUG] [org.gradle.launcher.daemon.server.Daemon] Finished periodic daemon health check.
2026-04-18T00:57:08.861+0530 [DEBUG] [org.gradle.launcher.daemon.server.Daemon] Starting periodic daemon health check.
2026-04-18T00:57:08.861+0530 [DEBUG] [org.gradle.cache.internal.DefaultFileLockManager] Waiting to acquire shared lock on daemon addresses registry.
2026-04-18T00:57:08.861+0530 [DEBUG] [org.gradle.cache.internal.DefaultFileLockManager] Lock acquired on daemon addresses registry.
2026-04-18T00:57:08.861+0530 [DEBUG] [org.gradle.cache.internal.DefaultFileLockManager] Releasing lock on daemon addresses registry.
2026-04-18T00:57:08.861+0530 [DEBUG] [org.gradle.cache.internal.DefaultFileLockManager] Waiting to acquire shared lock on daemon addresses registry.
2026-04-18T00:57:08.862+0530 [DEBUG] [org.gradle.cache.internal.DefaultFileLockManager] Lock acquired on daemon addresses registry.
2026-04-18T00:57:08.862+0530 [DEBUG] [org.gradle.cache.internal.DefaultFileLockManager] Releasing lock on daemon addresses registry.
2026-04-18T00:57:08.862+0530 [DEBUG] [org.gradle.launcher.daemon.server.Daemon] Finished periodic daemon health check.
2026-04-18T00:57:18.860+0530 [DEBUG] [org.gradle.launcher.daemon.server.Daemon] Starting periodic daemon health check.
2026-04-18T00:57:18.860+0530 [DEBUG] [org.gradle.cache.internal.DefaultFileLockManager] Waiting to acquire shared lock on daemon addresses registry.
2026-04-18T00:57:18.860+0530 [DEBUG] [org.gradle.cache.internal.DefaultFileLockManager] Lock acquired on daemon addresses registry.
2026-04-18T00:57:18.860+0530 [DEBUG] [org.gradle.cache.internal.DefaultFileLockManager] Releasing lock on daemon addresses registry.
2026-04-18T00:57:18.861+0530 [DEBUG] [org.gradle.cache.internal.DefaultFileLockManager] Waiting to acquire shared lock on daemon addresses registry.
2026-04-18T00:57:18.861+0530 [DEBUG] [org.gradle.cache.internal.DefaultFileLockManager] Lock acquired on daemon addresses registry.
2026-04-18T00:57:18.861+0530 [DEBUG] [org.gradle.cache.internal.DefaultFileLockManager] Releasing lock on daemon addresses registry.
2026-04-18T00:57:18.861+0530 [DEBUG] [org.gradle.launcher.daemon.server.Daemon] Finished periodic daemon health check.
2026-04-18T00:57:28.860+0530 [DEBUG] [org.gradle.launcher.daemon.server.Daemon] Starting periodic daemon health check.
2026-04-18T00:57:28.860+0530 [DEBUG] [org.gradle.cache.internal.DefaultFileLockManager] Waiting to acquire shared lock on daemon addresses registry.
2026-04-18T00:57:28.860+0530 [DEBUG] [org.gradle.cache.internal.DefaultFileLockManager] Lock acquired on daemon addresses registry.
2026-04-18T00:57:28.860+0530 [DEBUG] [org.gradle.cache.internal.DefaultFileLockManager] Releasing lock on daemon addresses registry.
2026-04-18T00:57:28.861+0530 [DEBUG] [org.gradle.cache.internal.DefaultFileLockManager] Waiting to acquire shared lock on daemon addresses registry.
2026-04-18T00:57:28.861+0530 [DEBUG] [org.gradle.cache.internal.DefaultFileLockManager] Lock acquired on daemon addresses registry.
2026-04-18T00:57:28.861+0530 [DEBUG] [org.gradle.cache.internal.DefaultFileLockManager] Releasing lock on daemon addresses registry.
2026-04-18T00:57:28.861+0530 [DEBUG] [org.gradle.launcher.daemon.server.Daemon] Finished periodic daemon health check.
2026-04-18T00:57:38.860+0530 [DEBUG] [org.gradle.launcher.daemon.server.Daemon] Starting periodic daemon health check.
2026-04-18T00:57:38.860+0530 [DEBUG] [org.gradle.cache.internal.DefaultFileLockManager] Waiting to acquire shared lock on daemon addresses registry.
2026-04-18T00:57:38.860+0530 [DEBUG] [org.gradle.cache.internal.DefaultFileLockManager] Lock acquired on daemon addresses registry.
2026-04-18T00:57:38.860+0530 [DEBUG] [org.gradle.cache.internal.DefaultFileLockManager] Releasing lock on daemon addresses registry.
2026-04-18T00:57:38.861+0530 [DEBUG] [org.gradle.cache.internal.DefaultFileLockManager] Waiting to acquire shared lock on daemon addresses registry.
2026-04-18T00:57:38.861+0530 [DEBUG] [org.gradle.cache.internal.DefaultFileLockManager] Lock acquired on daemon addresses registry.
2026-04-18T00:57:38.861+0530 [DEBUG] [org.gradle.cache.internal.DefaultFileLockManager] Releasing lock on daemon addresses registry.
2026-04-18T00:57:38.861+0530 [DEBUG] [org.gradle.launcher.daemon.server.Daemon] Finished periodic daemon health check.
2026-04-18T00:57:48.860+0530 [DEBUG] [org.gradle.launcher.daemon.server.Daemon] Starting periodic daemon health check.
2026-04-18T00:57:48.860+0530 [DEBUG] [org.gradle.cache.internal.DefaultFileLockManager] Waiting to acquire shared lock on daemon addresses registry.
2026-04-18T00:57:48.860+0530 [DEBUG] [org.gradle.cache.internal.DefaultFileLockManager] Lock acquired on daemon addresses registry.
2026-04-18T00:57:48.860+0530 [DEBUG] [org.gradle.cache.internal.DefaultFileLockManager] Releasing lock on daemon addresses registry.
2026-04-18T00:57:48.861+0530 [DEBUG] [org.gradle.cache.internal.DefaultFileLockManager] Waiting to acquire shared lock on daemon addresses registry.
2026-04-18T00:57:48.861+0530 [DEBUG] [org.gradle.cache.internal.DefaultFileLockManager] Lock acquired on daemon addresses registry.
2026-04-18T00:57:48.861+0530 [DEBUG] [org.gradle.cache.internal.DefaultFileLockManager] Releasing lock on daemon addresses registry.
2026-04-18T00:57:48.861+0530 [DEBUG] [org.gradle.launcher.daemon.server.Daemon] Finished periodic daemon health check.
2026-04-18T00:57:58.860+0530 [DEBUG] [org.gradle.launcher.daemon.server.Daemon] Starting periodic daemon health check.
2026-04-18T00:57:58.860+0530 [DEBUG] [org.gradle.cache.internal.DefaultFileLockManager] Waiting to acquire shared lock on daemon addresses registry.
2026-04-18T00:57:58.860+0530 [DEBUG] [org.gradle.cache.internal.DefaultFileLockManager] Lock acquired on daemon addresses registry.
2026-04-18T00:57:58.860+0530 [DEBUG] [org.gradle.cache.internal.DefaultFileLockManager] Releasing lock on daemon addresses registry.
2026-04-18T00:57:58.860+0530 [DEBUG] [org.gradle.cache.internal.DefaultFileLockManager] Waiting to acquire shared lock on daemon addresses registry.
2026-04-18T00:57:58.861+0530 [DEBUG] [org.gradle.cache.internal.DefaultFileLockManager] Lock acquired on daemon addresses registry.
2026-04-18T00:57:58.861+0530 [DEBUG] [org.gradle.cache.internal.DefaultFileLockManager] Releasing lock on daemon addresses registry.
2026-04-18T00:57:58.861+0530 [DEBUG] [org.gradle.launcher.daemon.server.Daemon] Finished periodic daemon health check.
2026-04-18T00:58:08.860+0530 [DEBUG] [org.gradle.launcher.daemon.server.Daemon] Starting periodic daemon health check.
2026-04-18T00:58:08.860+0530 [DEBUG] [org.gradle.cache.internal.DefaultFileLockManager] Waiting to acquire shared lock on daemon addresses registry.
2026-04-18T00:58:08.860+0530 [DEBUG] [org.gradle.cache.internal.DefaultFileLockManager] Lock acquired on daemon addresses registry.
2026-04-18T00:58:08.860+0530 [DEBUG] [org.gradle.cache.internal.DefaultFileLockManager] Releasing lock on daemon addresses registry.
2026-04-18T00:58:08.860+0530 [DEBUG] [org.gradle.cache.internal.DefaultFileLockManager] Waiting to acquire shared lock on daemon addresses registry.
2026-04-18T00:58:08.860+0530 [DEBUG] [org.gradle.cache.internal.DefaultFileLockManager] Lock acquired on daemon addresses registry.
2026-04-18T00:58:08.861+0530 [DEBUG] [org.gradle.cache.internal.DefaultFileLockManager] Releasing lock on daemon addresses registry.
2026-04-18T00:58:08.861+0530 [DEBUG] [org.gradle.launcher.daemon.server.Daemon] Finished periodic daemon health check.
2026-04-18T00:58:18.860+0530 [DEBUG] [org.gradle.launcher.daemon.server.Daemon] Starting periodic daemon health check.
2026-04-18T00:58:18.860+0530 [DEBUG] [org.gradle.cache.internal.DefaultFileLockManager] Waiting to acquire shared lock on daemon addresses registry.
2026-04-18T00:58:18.860+0530 [DEBUG] [org.gradle.cache.internal.DefaultFileLockManager] Lock acquired on daemon addresses registry.
2026-04-18T00:58:18.860+0530 [DEBUG] [org.gradle.cache.internal.DefaultFileLockManager] Releasing lock on daemon addresses registry.
2026-04-18T00:58:18.861+0530 [DEBUG] [org.gradle.cache.internal.DefaultFileLockManager] Waiting to acquire shared lock on daemon addresses registry.
2026-04-18T00:58:18.861+0530 [DEBUG] [org.gradle.cache.internal.DefaultFileLockManager] Lock acquired on daemon addresses registry.
2026-04-18T00:58:18.861+0530 [DEBUG] [org.gradle.cache.internal.DefaultFileLockManager] Releasing lock on daemon addresses registry.
2026-04-18T00:58:18.861+0530 [DEBUG] [org.gradle.launcher.daemon.server.Daemon] Finished periodic daemon health check.
2026-04-18T00:58:28.860+0530 [DEBUG] [org.gradle.launcher.daemon.server.Daemon] Starting periodic daemon health check.
2026-04-18T00:58:28.860+0530 [DEBUG] [org.gradle.cache.internal.DefaultFileLockManager] Waiting to acquire shared lock on daemon addresses registry.
2026-04-18T00:58:28.860+0530 [DEBUG] [org.gradle.cache.internal.DefaultFileLockManager] Lock acquired on daemon addresses registry.
2026-04-18T00:58:28.860+0530 [DEBUG] [org.gradle.cache.internal.DefaultFileLockManager] Releasing lock on daemon addresses registry.
2026-04-18T00:58:28.860+0530 [DEBUG] [org.gradle.cache.internal.DefaultFileLockManager] Waiting to acquire shared lock on daemon addresses registry.
2026-04-18T00:58:28.861+0530 [DEBUG] [org.gradle.cache.internal.DefaultFileLockManager] Lock acquired on daemon addresses registry.
2026-04-18T00:58:28.861+0530 [DEBUG] [org.gradle.cache.internal.DefaultFileLockManager] Releasing lock on daemon addresses registry.
2026-04-18T00:58:28.861+0530 [DEBUG] [org.gradle.launcher.daemon.server.Daemon] Finished periodic daemon health check.
2026-04-18T00:58:38.860+0530 [DEBUG] [org.gradle.launcher.daemon.server.Daemon] Starting periodic daemon health check.
2026-04-18T00:58:38.860+0530 [DEBUG] [org.gradle.cache.internal.DefaultFileLockManager] Waiting to acquire shared lock on daemon addresses registry.
2026-04-18T00:58:38.860+0530 [DEBUG] [org.gradle.cache.internal.DefaultFileLockManager] Lock acquired on daemon addresses registry.
2026-04-18T00:58:38.860+0530 [DEBUG] [org.gradle.cache.internal.DefaultFileLockManager] Releasing lock on daemon addresses registry.
2026-04-18T00:58:38.860+0530 [DEBUG] [org.gradle.cache.internal.DefaultFileLockManager] Waiting to acquire shared lock on daemon addresses registry.
2026-04-18T00:58:38.860+0530 [DEBUG] [org.gradle.cache.internal.DefaultFileLockManager] Lock acquired on daemon addresses registry.
2026-04-18T00:58:38.860+0530 [DEBUG] [org.gradle.cache.internal.DefaultFileLockManager] Releasing lock on daemon addresses registry.
2026-04-18T00:58:38.861+0530 [DEBUG] [org.gradle.launcher.daemon.server.Daemon] Finished periodic daemon health check.
2026-04-18T00:58:48.860+0530 [DEBUG] [org.gradle.launcher.daemon.server.Daemon] Starting periodic daemon health check.
2026-04-18T00:58:48.860+0530 [DEBUG] [org.gradle.cache.internal.DefaultFileLockManager] Waiting to acquire shared lock on daemon addresses registry.
2026-04-18T00:58:48.860+0530 [DEBUG] [org.gradle.cache.internal.DefaultFileLockManager] Lock acquired on daemon addresses registry.
2026-04-18T00:58:48.860+0530 [DEBUG] [org.gradle.cache.internal.DefaultFileLockManager] Releasing lock on daemon addresses registry.
2026-04-18T00:58:48.860+0530 [DEBUG] [org.gradle.cache.internal.DefaultFileLockManager] Waiting to acquire shared lock on daemon addresses registry.
2026-04-18T00:58:48.860+0530 [DEBUG] [org.gradle.cache.internal.DefaultFileLockManager] Lock acquired on daemon addresses registry.
2026-04-18T00:58:48.861+0530 [DEBUG] [org.gradle.cache.internal.DefaultFileLockManager] Releasing lock on daemon addresses registry.
2026-04-18T00:58:48.861+0530 [DEBUG] [org.gradle.launcher.daemon.server.Daemon] Finished periodic daemon health check.
2026-04-18T00:58:58.860+0530 [DEBUG] [org.gradle.launcher.daemon.server.Daemon] Starting periodic daemon health check.
2026-04-18T00:58:58.860+0530 [DEBUG] [org.gradle.cache.internal.DefaultFileLockManager] Waiting to acquire shared lock on daemon addresses registry.
2026-04-18T00:58:58.860+0530 [DEBUG] [org.gradle.cache.internal.DefaultFileLockManager] Lock acquired on daemon addresses registry.
2026-04-18T00:58:58.860+0530 [DEBUG] [org.gradle.cache.internal.DefaultFileLockManager] Releasing lock on daemon addresses registry.
2026-04-18T00:58:58.860+0530 [DEBUG] [org.gradle.cache.internal.DefaultFileLockManager] Waiting to acquire shared lock on daemon addresses registry.
2026-04-18T00:58:58.860+0530 [DEBUG] [org.gradle.cache.internal.DefaultFileLockManager] Lock acquired on daemon addresses registry.
2026-04-18T00:58:58.861+0530 [DEBUG] [org.gradle.cache.internal.DefaultFileLockManager] Releasing lock on daemon addresses registry.
2026-04-18T00:58:58.861+0530 [DEBUG] [org.gradle.launcher.daemon.server.Daemon] Finished periodic daemon health check.
2026-04-18T00:59:08.860+0530 [DEBUG] [org.gradle.launcher.daemon.server.Daemon] Starting periodic daemon health check.
2026-04-18T00:59:08.860+0530 [DEBUG] [org.gradle.cache.internal.DefaultFileLockManager] Waiting to acquire shared lock on daemon addresses registry.
2026-04-18T00:59:08.860+0530 [DEBUG] [org.gradle.cache.internal.DefaultFileLockManager] Lock acquired on daemon addresses registry.
2026-04-18T00:59:08.860+0530 [DEBUG] [org.gradle.cache.internal.DefaultFileLockManager] Releasing lock on daemon addresses registry.
2026-04-18T00:59:08.861+0530 [DEBUG] [org.gradle.cache.internal.DefaultFileLockManager] Waiting to acquire shared lock on daemon addresses registry.
2026-04-18T00:59:08.861+0530 [DEBUG] [org.gradle.cache.internal.DefaultFileLockManager] Lock acquired on daemon addresses registry.
2026-04-18T00:59:08.861+0530 [DEBUG] [org.gradle.cache.internal.DefaultFileLockManager] Releasing lock on daemon addresses registry.
2026-04-18T00:59:08.861+0530 [DEBUG] [org.gradle.launcher.daemon.server.Daemon] Finished periodic daemon health check.
2026-04-18T00:59:18.860+0530 [DEBUG] [org.gradle.launcher.daemon.server.Daemon] Starting periodic daemon health check.
2026-04-18T00:59:18.860+0530 [DEBUG] [org.gradle.cache.internal.DefaultFileLockManager] Waiting to acquire shared lock on daemon addresses registry.
2026-04-18T00:59:18.860+0530 [DEBUG] [org.gradle.cache.internal.DefaultFileLockManager] Lock acquired on daemon addresses registry.
2026-04-18T00:59:18.860+0530 [DEBUG] [org.gradle.cache.internal.DefaultFileLockManager] Releasing lock on daemon addresses registry.
2026-04-18T00:59:18.860+0530 [DEBUG] [org.gradle.cache.internal.DefaultFileLockManager] Waiting to acquire shared lock on daemon addresses registry.
2026-04-18T00:59:18.860+0530 [DEBUG] [org.gradle.cache.internal.DefaultFileLockManager] Lock acquired on daemon addresses registry.
2026-04-18T00:59:18.860+0530 [DEBUG] [org.gradle.cache.internal.DefaultFileLockManager] Releasing lock on daemon addresses registry.
2026-04-18T00:59:18.860+0530 [DEBUG] [org.gradle.launcher.daemon.server.Daemon] Finished periodic daemon health check.
2026-04-18T00:59:28.860+0530 [DEBUG] [org.gradle.launcher.daemon.server.Daemon] Starting periodic daemon health check.
2026-04-18T00:59:28.860+0530 [DEBUG] [org.gradle.cache.internal.DefaultFileLockManager] Waiting to acquire shared lock on daemon addresses registry.
2026-04-18T00:59:28.860+0530 [DEBUG] [org.gradle.cache.internal.DefaultFileLockManager] Lock acquired on daemon addresses registry.
2026-04-18T00:59:28.860+0530 [DEBUG] [org.gradle.cache.internal.DefaultFileLockManager] Releasing lock on daemon addresses registry.
2026-04-18T00:59:28.860+0530 [DEBUG] [org.gradle.cache.internal.DefaultFileLockManager] Waiting to acquire shared lock on daemon addresses registry.
2026-04-18T00:59:28.860+0530 [DEBUG] [org.gradle.cache.internal.DefaultFileLockManager] Lock acquired on daemon addresses registry.
2026-04-18T00:59:28.860+0530 [DEBUG] [org.gradle.cache.internal.DefaultFileLockManager] Releasing lock on daemon addresses registry.
2026-04-18T00:59:28.860+0530 [DEBUG] [org.gradle.launcher.daemon.server.Daemon] Finished periodic daemon health check.
2026-04-18T00:59:38.860+0530 [DEBUG] [org.gradle.launcher.daemon.server.Daemon] Starting periodic daemon health check.
2026-04-18T00:59:38.860+0530 [DEBUG] [org.gradle.cache.internal.DefaultFileLockManager] Waiting to acquire shared lock on daemon addresses registry.
2026-04-18T00:59:38.860+0530 [DEBUG] [org.gradle.cache.internal.DefaultFileLockManager] Lock acquired on daemon addresses registry.
2026-04-18T00:59:38.860+0530 [DEBUG] [org.gradle.cache.internal.DefaultFileLockManager] Releasing lock on daemon addresses registry.
2026-04-18T00:59:38.860+0530 [DEBUG] [org.gradle.cache.internal.DefaultFileLockManager] Waiting to acquire shared lock on daemon addresses registry.
2026-04-18T00:59:38.860+0530 [DEBUG] [org.gradle.cache.internal.DefaultFileLockManager] Lock acquired on daemon addresses registry.
2026-04-18T00:59:38.860+0530 [DEBUG] [org.gradle.cache.internal.DefaultFileLockManager] Releasing lock on daemon addresses registry.
2026-04-18T00:59:38.860+0530 [DEBUG] [org.gradle.launcher.daemon.server.Daemon] Finished periodic daemon health check.
2026-04-18T00:59:48.860+0530 [DEBUG] [org.gradle.launcher.daemon.server.Daemon] Starting periodic daemon health check.
2026-04-18T00:59:48.860+0530 [DEBUG] [org.gradle.cache.internal.DefaultFileLockManager] Waiting to acquire shared lock on daemon addresses registry.
2026-04-18T00:59:48.860+0530 [DEBUG] [org.gradle.cache.internal.DefaultFileLockManager] Lock acquired on daemon addresses registry.
2026-04-18T00:59:48.860+0530 [DEBUG] [org.gradle.cache.internal.DefaultFileLockManager] Releasing lock on daemon addresses registry.
2026-04-18T00:59:48.860+0530 [DEBUG] [org.gradle.cache.internal.DefaultFileLockManager] Waiting to acquire shared lock on daemon addresses registry.
2026-04-18T00:59:48.861+0530 [DEBUG] [org.gradle.cache.internal.DefaultFileLockManager] Lock acquired on daemon addresses registry.
2026-04-18T00:59:48.861+0530 [DEBUG] [org.gradle.cache.internal.DefaultFileLockManager] Releasing lock on daemon addresses registry.
2026-04-18T00:59:48.861+0530 [DEBUG] [org.gradle.launcher.daemon.server.Daemon] Finished periodic daemon health check.
2026-04-18T00:59:58.859+0530 [DEBUG] [org.gradle.launcher.daemon.server.Daemon] Starting periodic daemon health check.
2026-04-18T00:59:58.860+0530 [DEBUG] [org.gradle.cache.internal.DefaultFileLockManager] Waiting to acquire shared lock on daemon addresses registry.
2026-04-18T00:59:58.860+0530 [DEBUG] [org.gradle.cache.internal.DefaultFileLockManager] Lock acquired on daemon addresses registry.
2026-04-18T00:59:58.860+0530 [DEBUG] [org.gradle.cache.internal.DefaultFileLockManager] Releasing lock on daemon addresses registry.
2026-04-18T00:59:58.860+0530 [DEBUG] [org.gradle.cache.internal.DefaultFileLockManager] Waiting to acquire shared lock on daemon addresses registry.
2026-04-18T00:59:58.860+0530 [DEBUG] [org.gradle.cache.internal.DefaultFileLockManager] Lock acquired on daemon addresses registry.
2026-04-18T00:59:58.860+0530 [DEBUG] [org.gradle.cache.internal.DefaultFileLockManager] Releasing lock on daemon addresses registry.
2026-04-18T00:59:58.861+0530 [DEBUG] [org.gradle.launcher.daemon.server.Daemon] Finished periodic daemon health check.
2026-04-18T01:00:08.860+0530 [DEBUG] [org.gradle.launcher.daemon.server.Daemon] Starting periodic daemon health check.
2026-04-18T01:00:08.860+0530 [DEBUG] [org.gradle.cache.internal.DefaultFileLockManager] Waiting to acquire shared lock on daemon addresses registry.
2026-04-18T01:00:08.860+0530 [DEBUG] [org.gradle.cache.internal.DefaultFileLockManager] Lock acquired on daemon addresses registry.
2026-04-18T01:00:08.860+0530 [DEBUG] [org.gradle.cache.internal.DefaultFileLockManager] Releasing lock on daemon addresses registry.
2026-04-18T01:00:08.860+0530 [DEBUG] [org.gradle.cache.internal.DefaultFileLockManager] Waiting to acquire shared lock on daemon addresses registry.
2026-04-18T01:00:08.860+0530 [DEBUG] [org.gradle.cache.internal.DefaultFileLockManager] Lock acquired on daemon addresses registry.
2026-04-18T01:00:08.861+0530 [DEBUG] [org.gradle.cache.internal.DefaultFileLockManager] Releasing lock on daemon addresses registry.
2026-04-18T01:00:08.861+0530 [DEBUG] [org.gradle.launcher.daemon.server.Daemon] Finished periodic daemon health check.
2026-04-18T01:00:18.860+0530 [DEBUG] [org.gradle.launcher.daemon.server.Daemon] Starting periodic daemon health check.
2026-04-18T01:00:18.860+0530 [DEBUG] [org.gradle.cache.internal.DefaultFileLockManager] Waiting to acquire shared lock on daemon addresses registry.
2026-04-18T01:00:18.860+0530 [DEBUG] [org.gradle.cache.internal.DefaultFileLockManager] Lock acquired on daemon addresses registry.
2026-04-18T01:00:18.860+0530 [DEBUG] [org.gradle.cache.internal.DefaultFileLockManager] Releasing lock on daemon addresses registry.
2026-04-18T01:00:18.861+0530 [DEBUG] [org.gradle.cache.internal.DefaultFileLockManager] Waiting to acquire shared lock on daemon addresses registry.
2026-04-18T01:00:18.861+0530 [DEBUG] [org.gradle.cache.internal.DefaultFileLockManager] Lock acquired on daemon addresses registry.
2026-04-18T01:00:18.861+0530 [DEBUG] [org.gradle.cache.internal.DefaultFileLockManager] Releasing lock on daemon addresses registry.
2026-04-18T01:00:18.861+0530 [DEBUG] [org.gradle.launcher.daemon.server.Daemon] Finished periodic daemon health check.
2026-04-18T01:00:28.859+0530 [DEBUG] [org.gradle.launcher.daemon.server.Daemon] Starting periodic daemon health check.
2026-04-18T01:00:28.860+0530 [DEBUG] [org.gradle.cache.internal.DefaultFileLockManager] Waiting to acquire shared lock on daemon addresses registry.
2026-04-18T01:00:28.860+0530 [DEBUG] [org.gradle.cache.internal.DefaultFileLockManager] Lock acquired on daemon addresses registry.
2026-04-18T01:00:28.860+0530 [DEBUG] [org.gradle.cache.internal.DefaultFileLockManager] Releasing lock on daemon addresses registry.
2026-04-18T01:00:28.860+0530 [DEBUG] [org.gradle.cache.internal.DefaultFileLockManager] Waiting to acquire shared lock on daemon addresses registry.
2026-04-18T01:00:28.860+0530 [DEBUG] [org.gradle.cache.internal.DefaultFileLockManager] Lock acquired on daemon addresses registry.
2026-04-18T01:00:28.860+0530 [DEBUG] [org.gradle.cache.internal.DefaultFileLockManager] Releasing lock on daemon addresses registry.
2026-04-18T01:00:28.861+0530 [DEBUG] [org.gradle.launcher.daemon.server.Daemon] Finished periodic daemon health check.
2026-04-18T01:00:38.860+0530 [DEBUG] [org.gradle.launcher.daemon.server.Daemon] Starting periodic daemon health check.
2026-04-18T01:00:38.860+0530 [DEBUG] [org.gradle.cache.internal.DefaultFileLockManager] Waiting to acquire shared lock on daemon addresses registry.
2026-04-18T01:00:38.860+0530 [DEBUG] [org.gradle.cache.internal.DefaultFileLockManager] Lock acquired on daemon addresses registry.
2026-04-18T01:00:38.860+0530 [DEBUG] [org.gradle.cache.internal.DefaultFileLockManager] Releasing lock on daemon addresses registry.
2026-04-18T01:00:38.860+0530 [DEBUG] [org.gradle.cache.internal.DefaultFileLockManager] Waiting to acquire shared lock on daemon addresses registry.
2026-04-18T01:00:38.860+0530 [DEBUG] [org.gradle.cache.internal.DefaultFileLockManager] Lock acquired on daemon addresses registry.
2026-04-18T01:00:38.860+0530 [DEBUG] [org.gradle.cache.internal.DefaultFileLockManager] Releasing lock on daemon addresses registry.
2026-04-18T01:00:38.861+0530 [DEBUG] [org.gradle.launcher.daemon.server.Daemon] Finished periodic daemon health check.
2026-04-18T01:00:48.860+0530 [DEBUG] [org.gradle.launcher.daemon.server.Daemon] Starting periodic daemon health check.
2026-04-18T01:00:48.860+0530 [DEBUG] [org.gradle.cache.internal.DefaultFileLockManager] Waiting to acquire shared lock on daemon addresses registry.
2026-04-18T01:00:48.860+0530 [DEBUG] [org.gradle.cache.internal.DefaultFileLockManager] Lock acquired on daemon addresses registry.
2026-04-18T01:00:48.860+0530 [DEBUG] [org.gradle.cache.internal.DefaultFileLockManager] Releasing lock on daemon addresses registry.
2026-04-18T01:00:48.861+0530 [DEBUG] [org.gradle.cache.internal.DefaultFileLockManager] Waiting to acquire shared lock on daemon addresses registry.
2026-04-18T01:00:48.862+0530 [DEBUG] [org.gradle.cache.internal.DefaultFileLockManager] Lock acquired on daemon addresses registry.
2026-04-18T01:00:48.862+0530 [DEBUG] [org.gradle.cache.internal.DefaultFileLockManager] Releasing lock on daemon addresses registry.
2026-04-18T01:00:48.862+0530 [DEBUG] [org.gradle.launcher.daemon.server.Daemon] Finished periodic daemon health check.
2026-04-18T01:00:58.860+0530 [DEBUG] [org.gradle.launcher.daemon.server.Daemon] Starting periodic daemon health check.
2026-04-18T01:00:58.860+0530 [DEBUG] [org.gradle.cache.internal.DefaultFileLockManager] Waiting to acquire shared lock on daemon addresses registry.
2026-04-18T01:00:58.860+0530 [DEBUG] [org.gradle.cache.internal.DefaultFileLockManager] Lock acquired on daemon addresses registry.
2026-04-18T01:00:58.860+0530 [DEBUG] [org.gradle.cache.internal.DefaultFileLockManager] Releasing lock on daemon addresses registry.
2026-04-18T01:00:58.861+0530 [DEBUG] [org.gradle.cache.internal.DefaultFileLockManager] Waiting to acquire shared lock on daemon addresses registry.
2026-04-18T01:00:58.861+0530 [DEBUG] [org.gradle.cache.internal.DefaultFileLockManager] Lock acquired on daemon addresses registry.
2026-04-18T01:00:58.861+0530 [DEBUG] [org.gradle.cache.internal.DefaultFileLockManager] Releasing lock on daemon addresses registry.
2026-04-18T01:00:58.861+0530 [DEBUG] [org.gradle.launcher.daemon.server.Daemon] Finished periodic daemon health check.
2026-04-18T01:01:08.860+0530 [DEBUG] [org.gradle.launcher.daemon.server.Daemon] Starting periodic daemon health check.
2026-04-18T01:01:08.860+0530 [DEBUG] [org.gradle.cache.internal.DefaultFileLockManager] Waiting to acquire shared lock on daemon addresses registry.
2026-04-18T01:01:08.860+0530 [DEBUG] [org.gradle.cache.internal.DefaultFileLockManager] Lock acquired on daemon addresses registry.
2026-04-18T01:01:08.860+0530 [DEBUG] [org.gradle.cache.internal.DefaultFileLockManager] Releasing lock on daemon addresses registry.
2026-04-18T01:01:08.861+0530 [DEBUG] [org.gradle.cache.internal.DefaultFileLockManager] Waiting to acquire shared lock on daemon addresses registry.
2026-04-18T01:01:08.861+0530 [DEBUG] [org.gradle.cache.internal.DefaultFileLockManager] Lock acquired on daemon addresses registry.
2026-04-18T01:01:08.861+0530 [DEBUG] [org.gradle.cache.internal.DefaultFileLockManager] Releasing lock on daemon addresses registry.
2026-04-18T01:01:08.861+0530 [DEBUG] [org.gradle.launcher.daemon.server.Daemon] Finished periodic daemon health check.
2026-04-18T01:01:18.860+0530 [DEBUG] [org.gradle.launcher.daemon.server.Daemon] Starting periodic daemon health check.
2026-04-18T01:01:18.860+0530 [DEBUG] [org.gradle.cache.internal.DefaultFileLockManager] Waiting to acquire shared lock on daemon addresses registry.
2026-04-18T01:01:18.860+0530 [DEBUG] [org.gradle.cache.internal.DefaultFileLockManager] Lock acquired on daemon addresses registry.
2026-04-18T01:01:18.861+0530 [DEBUG] [org.gradle.cache.internal.DefaultFileLockManager] Releasing lock on daemon addresses registry.
2026-04-18T01:01:18.861+0530 [DEBUG] [org.gradle.cache.internal.DefaultFileLockManager] Waiting to acquire shared lock on daemon addresses registry.
2026-04-18T01:01:18.862+0530 [DEBUG] [org.gradle.cache.internal.DefaultFileLockManager] Lock acquired on daemon addresses registry.
2026-04-18T01:01:18.862+0530 [DEBUG] [org.gradle.cache.internal.DefaultFileLockManager] Releasing lock on daemon addresses registry.
2026-04-18T01:01:18.862+0530 [DEBUG] [org.gradle.launcher.daemon.server.Daemon] Finished periodic daemon health check.
2026-04-18T01:01:28.860+0530 [DEBUG] [org.gradle.launcher.daemon.server.Daemon] Starting periodic daemon health check.
2026-04-18T01:01:28.860+0530 [DEBUG] [org.gradle.cache.internal.DefaultFileLockManager] Waiting to acquire shared lock on daemon addresses registry.
2026-04-18T01:01:28.860+0530 [DEBUG] [org.gradle.cache.internal.DefaultFileLockManager] Lock acquired on daemon addresses registry.
2026-04-18T01:01:28.860+0530 [DEBUG] [org.gradle.cache.internal.DefaultFileLockManager] Releasing lock on daemon addresses registry.
2026-04-18T01:01:28.861+0530 [DEBUG] [org.gradle.cache.internal.DefaultFileLockManager] Waiting to acquire shared lock on daemon addresses registry.
2026-04-18T01:01:28.861+0530 [DEBUG] [org.gradle.cache.internal.DefaultFileLockManager] Lock acquired on daemon addresses registry.
2026-04-18T01:01:28.861+0530 [DEBUG] [org.gradle.cache.internal.DefaultFileLockManager] Releasing lock on daemon addresses registry.
2026-04-18T01:01:28.861+0530 [DEBUG] [org.gradle.launcher.daemon.server.Daemon] Finished periodic daemon health check.
2026-04-18T01:01:38.860+0530 [DEBUG] [org.gradle.launcher.daemon.server.Daemon] Starting periodic daemon health check.
2026-04-18T01:01:38.860+0530 [DEBUG] [org.gradle.cache.internal.DefaultFileLockManager] Waiting to acquire shared lock on daemon addresses registry.
2026-04-18T01:01:38.860+0530 [DEBUG] [org.gradle.cache.internal.DefaultFileLockManager] Lock acquired on daemon addresses registry.
2026-04-18T01:01:38.860+0530 [DEBUG] [org.gradle.cache.internal.DefaultFileLockManager] Releasing lock on daemon addresses registry.
2026-04-18T01:01:38.861+0530 [DEBUG] [org.gradle.cache.internal.DefaultFileLockManager] Waiting to acquire shared lock on daemon addresses registry.
2026-04-18T01:01:38.861+0530 [DEBUG] [org.gradle.cache.internal.DefaultFileLockManager] Lock acquired on daemon addresses registry.
2026-04-18T01:01:38.861+0530 [DEBUG] [org.gradle.cache.internal.DefaultFileLockManager] Releasing lock on daemon addresses registry.
2026-04-18T01:01:38.861+0530 [DEBUG] [org.gradle.launcher.daemon.server.Daemon] Finished periodic daemon health check.
2026-04-18T01:01:48.860+0530 [DEBUG] [org.gradle.launcher.daemon.server.Daemon] Starting periodic daemon health check.
2026-04-18T01:01:48.860+0530 [DEBUG] [org.gradle.cache.internal.DefaultFileLockManager] Waiting to acquire shared lock on daemon addresses registry.
2026-04-18T01:01:48.860+0530 [DEBUG] [org.gradle.cache.internal.DefaultFileLockManager] Lock acquired on daemon addresses registry.
2026-04-18T01:01:48.860+0530 [DEBUG] [org.gradle.cache.internal.DefaultFileLockManager] Releasing lock on daemon addresses registry.
2026-04-18T01:01:48.860+0530 [DEBUG] [org.gradle.cache.internal.DefaultFileLockManager] Waiting to acquire shared lock on daemon addresses registry.
2026-04-18T01:01:48.861+0530 [DEBUG] [org.gradle.cache.internal.DefaultFileLockManager] Lock acquired on daemon addresses registry.
2026-04-18T01:01:48.861+0530 [DEBUG] [org.gradle.cache.internal.DefaultFileLockManager] Releasing lock on daemon addresses registry.
2026-04-18T01:01:48.861+0530 [DEBUG] [org.gradle.launcher.daemon.server.Daemon] Finished periodic daemon health check.
2026-04-18T01:01:58.860+0530 [DEBUG] [org.gradle.launcher.daemon.server.Daemon] Starting periodic daemon health check.
2026-04-18T01:01:58.860+0530 [DEBUG] [org.gradle.cache.internal.DefaultFileLockManager] Waiting to acquire shared lock on daemon addresses registry.
2026-04-18T01:01:58.860+0530 [DEBUG] [org.gradle.cache.internal.DefaultFileLockManager] Lock acquired on daemon addresses registry.
2026-04-18T01:01:58.860+0530 [DEBUG] [org.gradle.cache.internal.DefaultFileLockManager] Releasing lock on daemon addresses registry.
2026-04-18T01:01:58.860+0530 [DEBUG] [org.gradle.cache.internal.DefaultFileLockManager] Waiting to acquire shared lock on daemon addresses registry.
2026-04-18T01:01:58.860+0530 [DEBUG] [org.gradle.cache.internal.DefaultFileLockManager] Lock acquired on daemon addresses registry.
2026-04-18T01:01:58.860+0530 [DEBUG] [org.gradle.cache.internal.DefaultFileLockManager] Releasing lock on daemon addresses registry.
2026-04-18T01:01:58.860+0530 [DEBUG] [org.gradle.launcher.daemon.server.Daemon] Finished periodic daemon health check.
2026-04-18T01:02:08.860+0530 [DEBUG] [org.gradle.launcher.daemon.server.Daemon] Starting periodic daemon health check.
2026-04-18T01:02:08.860+0530 [DEBUG] [org.gradle.cache.internal.DefaultFileLockManager] Waiting to acquire shared lock on daemon addresses registry.
2026-04-18T01:02:08.860+0530 [DEBUG] [org.gradle.cache.internal.DefaultFileLockManager] Lock acquired on daemon addresses registry.
2026-04-18T01:02:08.860+0530 [DEBUG] [org.gradle.cache.internal.DefaultFileLockManager] Releasing lock on daemon addresses registry.
2026-04-18T01:02:08.860+0530 [DEBUG] [org.gradle.cache.internal.DefaultFileLockManager] Waiting to acquire shared lock on daemon addresses registry.
2026-04-18T01:02:08.860+0530 [DEBUG] [org.gradle.cache.internal.DefaultFileLockManager] Lock acquired on daemon addresses registry.
2026-04-18T01:02:08.860+0530 [DEBUG] [org.gradle.cache.internal.DefaultFileLockManager] Releasing lock on daemon addresses registry.
2026-04-18T01:02:08.860+0530 [DEBUG] [org.gradle.launcher.daemon.server.Daemon] Finished periodic daemon health check.
2026-04-18T01:02:18.860+0530 [DEBUG] [org.gradle.launcher.daemon.server.Daemon] Starting periodic daemon health check.
2026-04-18T01:02:18.860+0530 [DEBUG] [org.gradle.cache.internal.DefaultFileLockManager] Waiting to acquire shared lock on daemon addresses registry.
2026-04-18T01:02:18.860+0530 [DEBUG] [org.gradle.cache.internal.DefaultFileLockManager] Lock acquired on daemon addresses registry.
2026-04-18T01:02:18.860+0530 [DEBUG] [org.gradle.cache.internal.DefaultFileLockManager] Releasing lock on daemon addresses registry.
2026-04-18T01:02:18.860+0530 [DEBUG] [org.gradle.cache.internal.DefaultFileLockManager] Waiting to acquire shared lock on daemon addresses registry.
2026-04-18T01:02:18.860+0530 [DEBUG] [org.gradle.cache.internal.DefaultFileLockManager] Lock acquired on daemon addresses registry.
2026-04-18T01:02:18.860+0530 [DEBUG] [org.gradle.cache.internal.DefaultFileLockManager] Releasing lock on daemon addresses registry.
2026-04-18T01:02:18.860+0530 [DEBUG] [org.gradle.launcher.daemon.server.Daemon] Finished periodic daemon health check.
2026-04-18T01:02:28.860+0530 [DEBUG] [org.gradle.launcher.daemon.server.Daemon] Starting periodic daemon health check.
2026-04-18T01:02:28.860+0530 [DEBUG] [org.gradle.cache.internal.DefaultFileLockManager] Waiting to acquire shared lock on daemon addresses registry.
2026-04-18T01:02:28.860+0530 [DEBUG] [org.gradle.cache.internal.DefaultFileLockManager] Lock acquired on daemon addresses registry.
2026-04-18T01:02:28.860+0530 [DEBUG] [org.gradle.cache.internal.DefaultFileLockManager] Releasing lock on daemon addresses registry.
2026-04-18T01:02:28.860+0530 [DEBUG] [org.gradle.cache.internal.DefaultFileLockManager] Waiting to acquire shared lock on daemon addresses registry.
2026-04-18T01:02:28.861+0530 [DEBUG] [org.gradle.cache.internal.DefaultFileLockManager] Lock acquired on daemon addresses registry.
2026-04-18T01:02:28.861+0530 [DEBUG] [org.gradle.cache.internal.DefaultFileLockManager] Releasing lock on daemon addresses registry.
2026-04-18T01:02:28.861+0530 [DEBUG] [org.gradle.launcher.daemon.server.Daemon] Finished periodic daemon health check.
2026-04-18T01:02:38.860+0530 [DEBUG] [org.gradle.launcher.daemon.server.Daemon] Starting periodic daemon health check.
2026-04-18T01:02:38.860+0530 [DEBUG] [org.gradle.cache.internal.DefaultFileLockManager] Waiting to acquire shared lock on daemon addresses registry.
2026-04-18T01:02:38.860+0530 [DEBUG] [org.gradle.cache.internal.DefaultFileLockManager] Lock acquired on daemon addresses registry.
2026-04-18T01:02:38.860+0530 [DEBUG] [org.gradle.cache.internal.DefaultFileLockManager] Releasing lock on daemon addresses registry.
2026-04-18T01:02:38.860+0530 [DEBUG] [org.gradle.cache.internal.DefaultFileLockManager] Waiting to acquire shared lock on daemon addresses registry.
2026-04-18T01:02:38.860+0530 [DEBUG] [org.gradle.cache.internal.DefaultFileLockManager] Lock acquired on daemon addresses registry.
2026-04-18T01:02:38.860+0530 [DEBUG] [org.gradle.cache.internal.DefaultFileLockManager] Releasing lock on daemon addresses registry.
2026-04-18T01:02:38.860+0530 [DEBUG] [org.gradle.launcher.daemon.server.Daemon] Finished periodic daemon health check.
2026-04-18T01:02:48.860+0530 [DEBUG] [org.gradle.launcher.daemon.server.Daemon] Starting periodic daemon health check.
2026-04-18T01:02:48.860+0530 [DEBUG] [org.gradle.cache.internal.DefaultFileLockManager] Waiting to acquire shared lock on daemon addresses registry.
2026-04-18T01:02:48.860+0530 [DEBUG] [org.gradle.cache.internal.DefaultFileLockManager] Lock acquired on daemon addresses registry.
2026-04-18T01:02:48.860+0530 [DEBUG] [org.gradle.cache.internal.DefaultFileLockManager] Releasing lock on daemon addresses registry.
2026-04-18T01:02:48.860+0530 [DEBUG] [org.gradle.cache.internal.DefaultFileLockManager] Waiting to acquire shared lock on daemon addresses registry.
2026-04-18T01:02:48.860+0530 [DEBUG] [org.gradle.cache.internal.DefaultFileLockManager] Lock acquired on daemon addresses registry.
2026-04-18T01:02:48.860+0530 [DEBUG] [org.gradle.cache.internal.DefaultFileLockManager] Releasing lock on daemon addresses registry.
2026-04-18T01:02:48.860+0530 [DEBUG] [org.gradle.launcher.daemon.server.Daemon] Finished periodic daemon health check.
2026-04-18T01:02:58.860+0530 [DEBUG] [org.gradle.launcher.daemon.server.Daemon] Starting periodic daemon health check.
2026-04-18T01:02:58.860+0530 [DEBUG] [org.gradle.cache.internal.DefaultFileLockManager] Waiting to acquire shared lock on daemon addresses registry.
2026-04-18T01:02:58.860+0530 [DEBUG] [org.gradle.cache.internal.DefaultFileLockManager] Lock acquired on daemon addresses registry.
2026-04-18T01:02:58.860+0530 [DEBUG] [org.gradle.cache.internal.DefaultFileLockManager] Releasing lock on daemon addresses registry.
2026-04-18T01:02:58.860+0530 [DEBUG] [org.gradle.cache.internal.DefaultFileLockManager] Waiting to acquire shared lock on daemon addresses registry.
2026-04-18T01:02:58.860+0530 [DEBUG] [org.gradle.cache.internal.DefaultFileLockManager] Lock acquired on daemon addresses registry.
2026-04-18T01:02:58.860+0530 [DEBUG] [org.gradle.cache.internal.DefaultFileLockManager] Releasing lock on daemon addresses registry.
2026-04-18T01:02:58.860+0530 [DEBUG] [org.gradle.launcher.daemon.server.Daemon] Finished periodic daemon health check.
2026-04-18T01:03:08.860+0530 [DEBUG] [org.gradle.launcher.daemon.server.Daemon] Starting periodic daemon health check.
2026-04-18T01:03:08.860+0530 [DEBUG] [org.gradle.cache.internal.DefaultFileLockManager] Waiting to acquire shared lock on daemon addresses registry.
2026-04-18T01:03:08.860+0530 [DEBUG] [org.gradle.cache.internal.DefaultFileLockManager] Lock acquired on daemon addresses registry.
2026-04-18T01:03:08.860+0530 [DEBUG] [org.gradle.cache.internal.DefaultFileLockManager] Releasing lock on daemon addresses registry.
2026-04-18T01:03:08.860+0530 [DEBUG] [org.gradle.cache.internal.DefaultFileLockManager] Waiting to acquire shared lock on daemon addresses registry.
2026-04-18T01:03:08.860+0530 [DEBUG] [org.gradle.cache.internal.DefaultFileLockManager] Lock acquired on daemon addresses registry.
2026-04-18T01:03:08.860+0530 [DEBUG] [org.gradle.cache.internal.DefaultFileLockManager] Releasing lock on daemon addresses registry.
2026-04-18T01:03:08.860+0530 [DEBUG] [org.gradle.launcher.daemon.server.Daemon] Finished periodic daemon health check.
2026-04-18T01:03:18.860+0530 [DEBUG] [org.gradle.launcher.daemon.server.Daemon] Starting periodic daemon health check.
2026-04-18T01:03:18.860+0530 [DEBUG] [org.gradle.cache.internal.DefaultFileLockManager] Waiting to acquire shared lock on daemon addresses registry.
2026-04-18T01:03:18.860+0530 [DEBUG] [org.gradle.cache.internal.DefaultFileLockManager] Lock acquired on daemon addresses registry.
2026-04-18T01:03:18.860+0530 [DEBUG] [org.gradle.cache.internal.DefaultFileLockManager] Releasing lock on daemon addresses registry.
2026-04-18T01:03:18.860+0530 [DEBUG] [org.gradle.cache.internal.DefaultFileLockManager] Waiting to acquire shared lock on daemon addresses registry.
2026-04-18T01:03:18.860+0530 [DEBUG] [org.gradle.cache.internal.DefaultFileLockManager] Lock acquired on daemon addresses registry.
2026-04-18T01:03:18.860+0530 [DEBUG] [org.gradle.cache.internal.DefaultFileLockManager] Releasing lock on daemon addresses registry.
2026-04-18T01:03:18.861+0530 [DEBUG] [org.gradle.launcher.daemon.server.Daemon] Finished periodic daemon health check.
2026-04-18T01:03:28.860+0530 [DEBUG] [org.gradle.launcher.daemon.server.Daemon] Starting periodic daemon health check.
2026-04-18T01:03:28.860+0530 [DEBUG] [org.gradle.cache.internal.DefaultFileLockManager] Waiting to acquire shared lock on daemon addresses registry.
2026-04-18T01:03:28.860+0530 [DEBUG] [org.gradle.cache.internal.DefaultFileLockManager] Lock acquired on daemon addresses registry.
2026-04-18T01:03:28.860+0530 [DEBUG] [org.gradle.cache.internal.DefaultFileLockManager] Releasing lock on daemon addresses registry.
2026-04-18T01:03:28.860+0530 [DEBUG] [org.gradle.cache.internal.DefaultFileLockManager] Waiting to acquire shared lock on daemon addresses registry.
2026-04-18T01:03:28.860+0530 [DEBUG] [org.gradle.cache.internal.DefaultFileLockManager] Lock acquired on daemon addresses registry.
2026-04-18T01:03:28.860+0530 [DEBUG] [org.gradle.cache.internal.DefaultFileLockManager] Releasing lock on daemon addresses registry.
2026-04-18T01:03:28.860+0530 [DEBUG] [org.gradle.launcher.daemon.server.Daemon] Finished periodic daemon health check.
2026-04-18T01:03:38.860+0530 [DEBUG] [org.gradle.launcher.daemon.server.Daemon] Starting periodic daemon health check.
2026-04-18T01:03:38.860+0530 [DEBUG] [org.gradle.cache.internal.DefaultFileLockManager] Waiting to acquire shared lock on daemon addresses registry.
2026-04-18T01:03:38.860+0530 [DEBUG] [org.gradle.cache.internal.DefaultFileLockManager] Lock acquired on daemon addresses registry.
2026-04-18T01:03:38.860+0530 [DEBUG] [org.gradle.cache.internal.DefaultFileLockManager] Releasing lock on daemon addresses registry.
2026-04-18T01:03:38.861+0530 [DEBUG] [org.gradle.cache.internal.DefaultFileLockManager] Waiting to acquire shared lock on daemon addresses registry.
2026-04-18T01:03:38.861+0530 [DEBUG] [org.gradle.cache.internal.DefaultFileLockManager] Lock acquired on daemon addresses registry.
2026-04-18T01:03:38.861+0530 [DEBUG] [org.gradle.cache.internal.DefaultFileLockManager] Releasing lock on daemon addresses registry.
2026-04-18T01:03:38.861+0530 [DEBUG] [org.gradle.launcher.daemon.server.Daemon] Finished periodic daemon health check.
2026-04-18T01:03:48.860+0530 [DEBUG] [org.gradle.launcher.daemon.server.Daemon] Starting periodic daemon health check.
2026-04-18T01:03:48.860+0530 [DEBUG] [org.gradle.cache.internal.DefaultFileLockManager] Waiting to acquire shared lock on daemon addresses registry.
2026-04-18T01:03:48.860+0530 [DEBUG] [org.gradle.cache.internal.DefaultFileLockManager] Lock acquired on daemon addresses registry.
2026-04-18T01:03:48.861+0530 [DEBUG] [org.gradle.cache.internal.DefaultFileLockManager] Releasing lock on daemon addresses registry.
2026-04-18T01:03:48.861+0530 [DEBUG] [org.gradle.cache.internal.DefaultFileLockManager] Waiting to acquire shared lock on daemon addresses registry.
2026-04-18T01:03:48.861+0530 [DEBUG] [org.gradle.cache.internal.DefaultFileLockManager] Lock acquired on daemon addresses registry.
2026-04-18T01:03:48.861+0530 [DEBUG] [org.gradle.cache.internal.DefaultFileLockManager] Releasing lock on daemon addresses registry.
2026-04-18T01:03:48.861+0530 [DEBUG] [org.gradle.launcher.daemon.server.Daemon] Finished periodic daemon health check.
2026-04-18T01:03:58.860+0530 [DEBUG] [org.gradle.launcher.daemon.server.Daemon] Starting periodic daemon health check.
2026-04-18T01:03:58.860+0530 [DEBUG] [org.gradle.cache.internal.DefaultFileLockManager] Waiting to acquire shared lock on daemon addresses registry.
2026-04-18T01:03:58.860+0530 [DEBUG] [org.gradle.cache.internal.DefaultFileLockManager] Lock acquired on daemon addresses registry.
2026-04-18T01:03:58.860+0530 [DEBUG] [org.gradle.cache.internal.DefaultFileLockManager] Releasing lock on daemon addresses registry.
2026-04-18T01:03:58.861+0530 [DEBUG] [org.gradle.cache.internal.DefaultFileLockManager] Waiting to acquire shared lock on daemon addresses registry.
2026-04-18T01:03:58.861+0530 [DEBUG] [org.gradle.cache.internal.DefaultFileLockManager] Lock acquired on daemon addresses registry.
2026-04-18T01:03:58.861+0530 [DEBUG] [org.gradle.cache.internal.DefaultFileLockManager] Releasing lock on daemon addresses registry.
2026-04-18T01:03:58.861+0530 [DEBUG] [org.gradle.launcher.daemon.server.Daemon] Finished periodic daemon health check.
2026-04-18T01:04:08.860+0530 [DEBUG] [org.gradle.launcher.daemon.server.Daemon] Starting periodic daemon health check.
2026-04-18T01:04:08.860+0530 [DEBUG] [org.gradle.cache.internal.DefaultFileLockManager] Waiting to acquire shared lock on daemon addresses registry.
2026-04-18T01:04:08.860+0530 [DEBUG] [org.gradle.cache.internal.DefaultFileLockManager] Lock acquired on daemon addresses registry.
2026-04-18T01:04:08.860+0530 [DEBUG] [org.gradle.cache.internal.DefaultFileLockManager] Releasing lock on daemon addresses registry.
2026-04-18T01:04:08.860+0530 [DEBUG] [org.gradle.cache.internal.DefaultFileLockManager] Waiting to acquire shared lock on daemon addresses registry.
2026-04-18T01:04:08.860+0530 [DEBUG] [org.gradle.cache.internal.DefaultFileLockManager] Lock acquired on daemon addresses registry.
2026-04-18T01:04:08.861+0530 [DEBUG] [org.gradle.cache.internal.DefaultFileLockManager] Releasing lock on daemon addresses registry.
2026-04-18T01:04:08.861+0530 [DEBUG] [org.gradle.launcher.daemon.server.Daemon] Finished periodic daemon health check.
2026-04-18T01:04:18.860+0530 [DEBUG] [org.gradle.launcher.daemon.server.Daemon] Starting periodic daemon health check.
2026-04-18T01:04:18.860+0530 [DEBUG] [org.gradle.cache.internal.DefaultFileLockManager] Waiting to acquire shared lock on daemon addresses registry.
2026-04-18T01:04:18.860+0530 [DEBUG] [org.gradle.cache.internal.DefaultFileLockManager] Lock acquired on daemon addresses registry.
2026-04-18T01:04:18.860+0530 [DEBUG] [org.gradle.cache.internal.DefaultFileLockManager] Releasing lock on daemon addresses registry.
2026-04-18T01:04:18.861+0530 [DEBUG] [org.gradle.cache.internal.DefaultFileLockManager] Waiting to acquire shared lock on daemon addresses registry.
2026-04-18T01:04:18.861+0530 [DEBUG] [org.gradle.cache.internal.DefaultFileLockManager] Lock acquired on daemon addresses registry.
2026-04-18T01:04:18.861+0530 [DEBUG] [org.gradle.cache.internal.DefaultFileLockManager] Releasing lock on daemon addresses registry.
2026-04-18T01:04:18.861+0530 [DEBUG] [org.gradle.launcher.daemon.server.Daemon] Finished periodic daemon health check.
2026-04-18T01:04:28.860+0530 [DEBUG] [org.gradle.launcher.daemon.server.Daemon] Starting periodic daemon health check.
2026-04-18T01:04:28.860+0530 [DEBUG] [org.gradle.cache.internal.DefaultFileLockManager] Waiting to acquire shared lock on daemon addresses registry.
2026-04-18T01:04:28.860+0530 [DEBUG] [org.gradle.cache.internal.DefaultFileLockManager] Lock acquired on daemon addresses registry.
2026-04-18T01:04:28.860+0530 [DEBUG] [org.gradle.cache.internal.DefaultFileLockManager] Releasing lock on daemon addresses registry.
2026-04-18T01:04:28.861+0530 [DEBUG] [org.gradle.cache.internal.DefaultFileLockManager] Waiting to acquire shared lock on daemon addresses registry.
2026-04-18T01:04:28.861+0530 [DEBUG] [org.gradle.cache.internal.DefaultFileLockManager] Lock acquired on daemon addresses registry.
2026-04-18T01:04:28.861+0530 [DEBUG] [org.gradle.cache.internal.DefaultFileLockManager] Releasing lock on daemon addresses registry.
2026-04-18T01:04:28.861+0530 [DEBUG] [org.gradle.launcher.daemon.server.Daemon] Finished periodic daemon health check.
2026-04-18T01:04:38.860+0530 [DEBUG] [org.gradle.launcher.daemon.server.Daemon] Starting periodic daemon health check.
2026-04-18T01:04:38.860+0530 [DEBUG] [org.gradle.cache.internal.DefaultFileLockManager] Waiting to acquire shared lock on daemon addresses registry.
2026-04-18T01:04:38.860+0530 [DEBUG] [org.gradle.cache.internal.DefaultFileLockManager] Lock acquired on daemon addresses registry.
2026-04-18T01:04:38.860+0530 [DEBUG] [org.gradle.cache.internal.DefaultFileLockManager] Releasing lock on daemon addresses registry.
2026-04-18T01:04:38.860+0530 [DEBUG] [org.gradle.cache.internal.DefaultFileLockManager] Waiting to acquire shared lock on daemon addresses registry.
2026-04-18T01:04:38.860+0530 [DEBUG] [org.gradle.cache.internal.DefaultFileLockManager] Lock acquired on daemon addresses registry.
2026-04-18T01:04:38.861+0530 [DEBUG] [org.gradle.cache.internal.DefaultFileLockManager] Releasing lock on daemon addresses registry.
2026-04-18T01:04:38.861+0530 [DEBUG] [org.gradle.launcher.daemon.server.Daemon] Finished periodic daemon health check.
2026-04-18T01:04:48.860+0530 [DEBUG] [org.gradle.launcher.daemon.server.Daemon] Starting periodic daemon health check.
2026-04-18T01:04:48.860+0530 [DEBUG] [org.gradle.cache.internal.DefaultFileLockManager] Waiting to acquire shared lock on daemon addresses registry.
2026-04-18T01:04:48.860+0530 [DEBUG] [org.gradle.cache.internal.DefaultFileLockManager] Lock acquired on daemon addresses registry.
2026-04-18T01:04:48.861+0530 [DEBUG] [org.gradle.cache.internal.DefaultFileLockManager] Releasing lock on daemon addresses registry.
2026-04-18T01:04:48.861+0530 [DEBUG] [org.gradle.cache.internal.DefaultFileLockManager] Waiting to acquire shared lock on daemon addresses registry.
2026-04-18T01:04:48.861+0530 [DEBUG] [org.gradle.cache.internal.DefaultFileLockManager] Lock acquired on daemon addresses registry.
2026-04-18T01:04:48.861+0530 [DEBUG] [org.gradle.cache.internal.DefaultFileLockManager] Releasing lock on daemon addresses registry.
2026-04-18T01:04:48.862+0530 [DEBUG] [org.gradle.launcher.daemon.server.Daemon] Finished periodic daemon health check.
2026-04-18T01:04:58.860+0530 [DEBUG] [org.gradle.launcher.daemon.server.Daemon] Starting periodic daemon health check.
2026-04-18T01:04:58.860+0530 [DEBUG] [org.gradle.cache.internal.DefaultFileLockManager] Waiting to acquire shared lock on daemon addresses registry.
2026-04-18T01:04:58.860+0530 [DEBUG] [org.gradle.cache.internal.DefaultFileLockManager] Lock acquired on daemon addresses registry.
2026-04-18T01:04:58.860+0530 [DEBUG] [org.gradle.cache.internal.DefaultFileLockManager] Releasing lock on daemon addresses registry.
2026-04-18T01:04:58.861+0530 [DEBUG] [org.gradle.cache.internal.DefaultFileLockManager] Waiting to acquire shared lock on daemon addresses registry.
2026-04-18T01:04:58.861+0530 [DEBUG] [org.gradle.cache.internal.DefaultFileLockManager] Lock acquired on daemon addresses registry.
2026-04-18T01:04:58.861+0530 [DEBUG] [org.gradle.cache.internal.DefaultFileLockManager] Releasing lock on daemon addresses registry.
2026-04-18T01:04:58.861+0530 [DEBUG] [org.gradle.launcher.daemon.server.Daemon] Finished periodic daemon health check.
2026-04-18T01:05:08.860+0530 [DEBUG] [org.gradle.launcher.daemon.server.Daemon] Starting periodic daemon health check.
2026-04-18T01:05:08.860+0530 [DEBUG] [org.gradle.cache.internal.DefaultFileLockManager] Waiting to acquire shared lock on daemon addresses registry.
2026-04-18T01:05:08.860+0530 [DEBUG] [org.gradle.cache.internal.DefaultFileLockManager] Lock acquired on daemon addresses registry.
2026-04-18T01:05:08.860+0530 [DEBUG] [org.gradle.cache.internal.DefaultFileLockManager] Releasing lock on daemon addresses registry.
2026-04-18T01:05:08.860+0530 [DEBUG] [org.gradle.cache.internal.DefaultFileLockManager] Waiting to acquire shared lock on daemon addresses registry.
2026-04-18T01:05:08.861+0530 [DEBUG] [org.gradle.cache.internal.DefaultFileLockManager] Lock acquired on daemon addresses registry.
2026-04-18T01:05:08.861+0530 [DEBUG] [org.gradle.cache.internal.DefaultFileLockManager] Releasing lock on daemon addresses registry.
2026-04-18T01:05:08.861+0530 [DEBUG] [org.gradle.launcher.daemon.server.Daemon] Finished periodic daemon health check.
2026-04-18T01:05:18.860+0530 [DEBUG] [org.gradle.launcher.daemon.server.Daemon] Starting periodic daemon health check.
2026-04-18T01:05:18.860+0530 [DEBUG] [org.gradle.cache.internal.DefaultFileLockManager] Waiting to acquire shared lock on daemon addresses registry.
2026-04-18T01:05:18.860+0530 [DEBUG] [org.gradle.cache.internal.DefaultFileLockManager] Lock acquired on daemon addresses registry.
2026-04-18T01:05:18.860+0530 [DEBUG] [org.gradle.cache.internal.DefaultFileLockManager] Releasing lock on daemon addresses registry.
2026-04-18T01:05:18.860+0530 [DEBUG] [org.gradle.cache.internal.DefaultFileLockManager] Waiting to acquire shared lock on daemon addresses registry.
2026-04-18T01:05:18.860+0530 [DEBUG] [org.gradle.cache.internal.DefaultFileLockManager] Lock acquired on daemon addresses registry.
2026-04-18T01:05:18.861+0530 [DEBUG] [org.gradle.cache.internal.DefaultFileLockManager] Releasing lock on daemon addresses registry.
2026-04-18T01:05:18.861+0530 [DEBUG] [org.gradle.launcher.daemon.server.Daemon] Finished periodic daemon health check.
2026-04-18T01:05:28.860+0530 [DEBUG] [org.gradle.launcher.daemon.server.Daemon] Starting periodic daemon health check.
2026-04-18T01:05:28.860+0530 [DEBUG] [org.gradle.cache.internal.DefaultFileLockManager] Waiting to acquire shared lock on daemon addresses registry.
2026-04-18T01:05:28.860+0530 [DEBUG] [org.gradle.cache.internal.DefaultFileLockManager] Lock acquired on daemon addresses registry.
2026-04-18T01:05:28.860+0530 [DEBUG] [org.gradle.cache.internal.DefaultFileLockManager] Releasing lock on daemon addresses registry.
2026-04-18T01:05:28.860+0530 [DEBUG] [org.gradle.cache.internal.DefaultFileLockManager] Waiting to acquire shared lock on daemon addresses registry.
2026-04-18T01:05:28.861+0530 [DEBUG] [org.gradle.cache.internal.DefaultFileLockManager] Lock acquired on daemon addresses registry.
2026-04-18T01:05:28.861+0530 [DEBUG] [org.gradle.cache.internal.DefaultFileLockManager] Releasing lock on daemon addresses registry.
2026-04-18T01:05:28.861+0530 [DEBUG] [org.gradle.launcher.daemon.server.Daemon] Finished periodic daemon health check.
2026-04-18T01:05:38.860+0530 [DEBUG] [org.gradle.launcher.daemon.server.Daemon] Starting periodic daemon health check.
2026-04-18T01:05:38.860+0530 [DEBUG] [org.gradle.cache.internal.DefaultFileLockManager] Waiting to acquire shared lock on daemon addresses registry.
2026-04-18T01:05:38.860+0530 [DEBUG] [org.gradle.cache.internal.DefaultFileLockManager] Lock acquired on daemon addresses registry.
2026-04-18T01:05:38.860+0530 [DEBUG] [org.gradle.cache.internal.DefaultFileLockManager] Releasing lock on daemon addresses registry.
2026-04-18T01:05:38.860+0530 [DEBUG] [org.gradle.cache.internal.DefaultFileLockManager] Waiting to acquire shared lock on daemon addresses registry.
2026-04-18T01:05:38.860+0530 [DEBUG] [org.gradle.cache.internal.DefaultFileLockManager] Lock acquired on daemon addresses registry.
2026-04-18T01:05:38.861+0530 [DEBUG] [org.gradle.cache.internal.DefaultFileLockManager] Releasing lock on daemon addresses registry.
2026-04-18T01:05:38.861+0530 [DEBUG] [org.gradle.launcher.daemon.server.Daemon] Finished periodic daemon health check.
2026-04-18T01:05:48.860+0530 [DEBUG] [org.gradle.launcher.daemon.server.Daemon] Starting periodic daemon health check.
2026-04-18T01:05:48.860+0530 [DEBUG] [org.gradle.cache.internal.DefaultFileLockManager] Waiting to acquire shared lock on daemon addresses registry.
2026-04-18T01:05:48.860+0530 [DEBUG] [org.gradle.cache.internal.DefaultFileLockManager] Lock acquired on daemon addresses registry.
2026-04-18T01:05:48.860+0530 [DEBUG] [org.gradle.cache.internal.DefaultFileLockManager] Releasing lock on daemon addresses registry.
2026-04-18T01:05:48.861+0530 [DEBUG] [org.gradle.cache.internal.DefaultFileLockManager] Waiting to acquire shared lock on daemon addresses registry.
2026-04-18T01:05:48.861+0530 [DEBUG] [org.gradle.cache.internal.DefaultFileLockManager] Lock acquired on daemon addresses registry.
2026-04-18T01:05:48.861+0530 [DEBUG] [org.gradle.cache.internal.DefaultFileLockManager] Releasing lock on daemon addresses registry.
2026-04-18T01:05:48.861+0530 [DEBUG] [org.gradle.launcher.daemon.server.Daemon] Finished periodic daemon health check.
2026-04-18T01:05:58.860+0530 [DEBUG] [org.gradle.launcher.daemon.server.Daemon] Starting periodic daemon health check.
2026-04-18T01:05:58.860+0530 [DEBUG] [org.gradle.cache.internal.DefaultFileLockManager] Waiting to acquire shared lock on daemon addresses registry.
2026-04-18T01:05:58.860+0530 [DEBUG] [org.gradle.cache.internal.DefaultFileLockManager] Lock acquired on daemon addresses registry.
2026-04-18T01:05:58.860+0530 [DEBUG] [org.gradle.cache.internal.DefaultFileLockManager] Releasing lock on daemon addresses registry.
2026-04-18T01:05:58.860+0530 [DEBUG] [org.gradle.cache.internal.DefaultFileLockManager] Waiting to acquire shared lock on daemon addresses registry.
2026-04-18T01:05:58.861+0530 [DEBUG] [org.gradle.cache.internal.DefaultFileLockManager] Lock acquired on daemon addresses registry.
2026-04-18T01:05:58.861+0530 [DEBUG] [org.gradle.cache.internal.DefaultFileLockManager] Releasing lock on daemon addresses registry.
2026-04-18T01:05:58.861+0530 [DEBUG] [org.gradle.launcher.daemon.server.Daemon] Finished periodic daemon health check.
2026-04-18T01:06:08.860+0530 [DEBUG] [org.gradle.launcher.daemon.server.Daemon] Starting periodic daemon health check.
2026-04-18T01:06:08.860+0530 [DEBUG] [org.gradle.cache.internal.DefaultFileLockManager] Waiting to acquire shared lock on daemon addresses registry.
2026-04-18T01:06:08.860+0530 [DEBUG] [org.gradle.cache.internal.DefaultFileLockManager] Lock acquired on daemon addresses registry.
2026-04-18T01:06:08.860+0530 [DEBUG] [org.gradle.cache.internal.DefaultFileLockManager] Releasing lock on daemon addresses registry.
2026-04-18T01:06:08.860+0530 [DEBUG] [org.gradle.cache.internal.DefaultFileLockManager] Waiting to acquire shared lock on daemon addresses registry.
2026-04-18T01:06:08.860+0530 [DEBUG] [org.gradle.cache.internal.DefaultFileLockManager] Lock acquired on daemon addresses registry.
2026-04-18T01:06:08.861+0530 [DEBUG] [org.gradle.cache.internal.DefaultFileLockManager] Releasing lock on daemon addresses registry.
2026-04-18T01:06:08.861+0530 [DEBUG] [org.gradle.launcher.daemon.server.Daemon] Finished periodic daemon health check.
2026-04-18T01:06:18.860+0530 [DEBUG] [org.gradle.launcher.daemon.server.Daemon] Starting periodic daemon health check.
2026-04-18T01:06:18.860+0530 [DEBUG] [org.gradle.cache.internal.DefaultFileLockManager] Waiting to acquire shared lock on daemon addresses registry.
2026-04-18T01:06:18.860+0530 [DEBUG] [org.gradle.cache.internal.DefaultFileLockManager] Lock acquired on daemon addresses registry.
2026-04-18T01:06:18.860+0530 [DEBUG] [org.gradle.cache.internal.DefaultFileLockManager] Releasing lock on daemon addresses registry.
2026-04-18T01:06:18.860+0530 [DEBUG] [org.gradle.cache.internal.DefaultFileLockManager] Waiting to acquire shared lock on daemon addresses registry.
2026-04-18T01:06:18.860+0530 [DEBUG] [org.gradle.cache.internal.DefaultFileLockManager] Lock acquired on daemon addresses registry.
2026-04-18T01:06:18.861+0530 [DEBUG] [org.gradle.cache.internal.DefaultFileLockManager] Releasing lock on daemon addresses registry.
2026-04-18T01:06:18.861+0530 [DEBUG] [org.gradle.launcher.daemon.server.Daemon] Finished periodic daemon health check.
2026-04-18T01:06:28.860+0530 [DEBUG] [org.gradle.launcher.daemon.server.Daemon] Starting periodic daemon health check.
2026-04-18T01:06:28.860+0530 [DEBUG] [org.gradle.cache.internal.DefaultFileLockManager] Waiting to acquire shared lock on daemon addresses registry.
2026-04-18T01:06:28.860+0530 [DEBUG] [org.gradle.cache.internal.DefaultFileLockManager] Lock acquired on daemon addresses registry.
2026-04-18T01:06:28.860+0530 [DEBUG] [org.gradle.cache.internal.DefaultFileLockManager] Releasing lock on daemon addresses registry.
2026-04-18T01:06:28.860+0530 [DEBUG] [org.gradle.cache.internal.DefaultFileLockManager] Waiting to acquire shared lock on daemon addresses registry.
2026-04-18T01:06:28.860+0530 [DEBUG] [org.gradle.cache.internal.DefaultFileLockManager] Lock acquired on daemon addresses registry.
2026-04-18T01:06:28.861+0530 [DEBUG] [org.gradle.cache.internal.DefaultFileLockManager] Releasing lock on daemon addresses registry.
2026-04-18T01:06:28.861+0530 [DEBUG] [org.gradle.launcher.daemon.server.Daemon] Finished periodic daemon health check.
2026-04-18T01:06:38.860+0530 [DEBUG] [org.gradle.launcher.daemon.server.Daemon] Starting periodic daemon health check.
2026-04-18T01:06:38.860+0530 [DEBUG] [org.gradle.cache.internal.DefaultFileLockManager] Waiting to acquire shared lock on daemon addresses registry.
2026-04-18T01:06:38.860+0530 [DEBUG] [org.gradle.cache.internal.DefaultFileLockManager] Lock acquired on daemon addresses registry.
2026-04-18T01:06:38.860+0530 [DEBUG] [org.gradle.cache.internal.DefaultFileLockManager] Releasing lock on daemon addresses registry.
2026-04-18T01:06:38.860+0530 [DEBUG] [org.gradle.cache.internal.DefaultFileLockManager] Waiting to acquire shared lock on daemon addresses registry.
2026-04-18T01:06:38.860+0530 [DEBUG] [org.gradle.cache.internal.DefaultFileLockManager] Lock acquired on daemon addresses registry.
2026-04-18T01:06:38.860+0530 [DEBUG] [org.gradle.cache.internal.DefaultFileLockManager] Releasing lock on daemon addresses registry.
2026-04-18T01:06:38.861+0530 [DEBUG] [org.gradle.launcher.daemon.server.Daemon] Finished periodic daemon health check.
2026-04-18T01:06:48.860+0530 [DEBUG] [org.gradle.launcher.daemon.server.Daemon] Starting periodic daemon health check.
2026-04-18T01:06:48.860+0530 [DEBUG] [org.gradle.cache.internal.DefaultFileLockManager] Waiting to acquire shared lock on daemon addresses registry.
2026-04-18T01:06:48.860+0530 [DEBUG] [org.gradle.cache.internal.DefaultFileLockManager] Lock acquired on daemon addresses registry.
2026-04-18T01:06:48.860+0530 [DEBUG] [org.gradle.cache.internal.DefaultFileLockManager] Releasing lock on daemon addresses registry.
2026-04-18T01:06:48.860+0530 [DEBUG] [org.gradle.cache.internal.DefaultFileLockManager] Waiting to acquire shared lock on daemon addresses registry.
2026-04-18T01:06:48.860+0530 [DEBUG] [org.gradle.cache.internal.DefaultFileLockManager] Lock acquired on daemon addresses registry.
2026-04-18T01:06:48.860+0530 [DEBUG] [org.gradle.cache.internal.DefaultFileLockManager] Releasing lock on daemon addresses registry.
2026-04-18T01:06:48.861+0530 [DEBUG] [org.gradle.launcher.daemon.server.Daemon] Finished periodic daemon health check.
2026-04-18T01:06:58.860+0530 [DEBUG] [org.gradle.launcher.daemon.server.Daemon] Starting periodic daemon health check.
2026-04-18T01:06:58.860+0530 [DEBUG] [org.gradle.cache.internal.DefaultFileLockManager] Waiting to acquire shared lock on daemon addresses registry.
2026-04-18T01:06:58.860+0530 [DEBUG] [org.gradle.cache.internal.DefaultFileLockManager] Lock acquired on daemon addresses registry.
2026-04-18T01:06:58.860+0530 [DEBUG] [org.gradle.cache.internal.DefaultFileLockManager] Releasing lock on daemon addresses registry.
2026-04-18T01:06:58.860+0530 [DEBUG] [org.gradle.cache.internal.DefaultFileLockManager] Waiting to acquire shared lock on daemon addresses registry.
2026-04-18T01:06:58.860+0530 [DEBUG] [org.gradle.cache.internal.DefaultFileLockManager] Lock acquired on daemon addresses registry.
2026-04-18T01:06:58.860+0530 [DEBUG] [org.gradle.cache.internal.DefaultFileLockManager] Releasing lock on daemon addresses registry.
2026-04-18T01:06:58.860+0530 [DEBUG] [org.gradle.launcher.daemon.server.Daemon] Finished periodic daemon health check.
2026-04-18T01:07:08.860+0530 [DEBUG] [org.gradle.launcher.daemon.server.Daemon] Starting periodic daemon health check.
2026-04-18T01:07:08.860+0530 [DEBUG] [org.gradle.cache.internal.DefaultFileLockManager] Waiting to acquire shared lock on daemon addresses registry.
2026-04-18T01:07:08.860+0530 [DEBUG] [org.gradle.cache.internal.DefaultFileLockManager] Lock acquired on daemon addresses registry.
2026-04-18T01:07:08.860+0530 [DEBUG] [org.gradle.cache.internal.DefaultFileLockManager] Releasing lock on daemon addresses registry.
2026-04-18T01:07:08.861+0530 [DEBUG] [org.gradle.cache.internal.DefaultFileLockManager] Waiting to acquire shared lock on daemon addresses registry.
2026-04-18T01:07:08.861+0530 [DEBUG] [org.gradle.cache.internal.DefaultFileLockManager] Lock acquired on daemon addresses registry.
2026-04-18T01:07:08.861+0530 [DEBUG] [org.gradle.cache.internal.DefaultFileLockManager] Releasing lock on daemon addresses registry.
2026-04-18T01:07:08.862+0530 [DEBUG] [org.gradle.launcher.daemon.server.Daemon] Finished periodic daemon health check.
2026-04-18T01:07:18.860+0530 [DEBUG] [org.gradle.launcher.daemon.server.Daemon] Starting periodic daemon health check.
2026-04-18T01:07:18.860+0530 [DEBUG] [org.gradle.cache.internal.DefaultFileLockManager] Waiting to acquire shared lock on daemon addresses registry.
2026-04-18T01:07:18.860+0530 [DEBUG] [org.gradle.cache.internal.DefaultFileLockManager] Lock acquired on daemon addresses registry.
2026-04-18T01:07:18.860+0530 [DEBUG] [org.gradle.cache.internal.DefaultFileLockManager] Releasing lock on daemon addresses registry.
2026-04-18T01:07:18.860+0530 [DEBUG] [org.gradle.cache.internal.DefaultFileLockManager] Waiting to acquire shared lock on daemon addresses registry.
2026-04-18T01:07:18.861+0530 [DEBUG] [org.gradle.cache.internal.DefaultFileLockManager] Lock acquired on daemon addresses registry.
2026-04-18T01:07:18.861+0530 [DEBUG] [org.gradle.cache.internal.DefaultFileLockManager] Releasing lock on daemon addresses registry.
2026-04-18T01:07:18.861+0530 [DEBUG] [org.gradle.launcher.daemon.server.Daemon] Finished periodic daemon health check.
2026-04-18T01:07:28.860+0530 [DEBUG] [org.gradle.launcher.daemon.server.Daemon] Starting periodic daemon health check.
2026-04-18T01:07:28.860+0530 [DEBUG] [org.gradle.cache.internal.DefaultFileLockManager] Waiting to acquire shared lock on daemon addresses registry.
2026-04-18T01:07:28.861+0530 [DEBUG] [org.gradle.cache.internal.DefaultFileLockManager] Lock acquired on daemon addresses registry.
2026-04-18T01:07:28.861+0530 [DEBUG] [org.gradle.cache.internal.DefaultFileLockManager] Releasing lock on daemon addresses registry.
2026-04-18T01:07:28.861+0530 [DEBUG] [org.gradle.cache.internal.DefaultFileLockManager] Waiting to acquire shared lock on daemon addresses registry.
2026-04-18T01:07:28.862+0530 [DEBUG] [org.gradle.cache.internal.DefaultFileLockManager] Lock acquired on daemon addresses registry.
2026-04-18T01:07:28.862+0530 [DEBUG] [org.gradle.cache.internal.DefaultFileLockManager] Releasing lock on daemon addresses registry.
2026-04-18T01:07:28.862+0530 [DEBUG] [org.gradle.launcher.daemon.server.Daemon] Finished periodic daemon health check.
2026-04-18T01:07:38.859+0530 [DEBUG] [org.gradle.launcher.daemon.server.Daemon] Starting periodic daemon health check.
2026-04-18T01:07:38.860+0530 [DEBUG] [org.gradle.cache.internal.DefaultFileLockManager] Waiting to acquire shared lock on daemon addresses registry.
2026-04-18T01:07:38.860+0530 [DEBUG] [org.gradle.cache.internal.DefaultFileLockManager] Lock acquired on daemon addresses registry.
2026-04-18T01:07:38.860+0530 [DEBUG] [org.gradle.cache.internal.DefaultFileLockManager] Releasing lock on daemon addresses registry.
2026-04-18T01:07:38.860+0530 [DEBUG] [org.gradle.cache.internal.DefaultFileLockManager] Waiting to acquire shared lock on daemon addresses registry.
2026-04-18T01:07:38.860+0530 [DEBUG] [org.gradle.cache.internal.DefaultFileLockManager] Lock acquired on daemon addresses registry.
2026-04-18T01:07:38.860+0530 [DEBUG] [org.gradle.cache.internal.DefaultFileLockManager] Releasing lock on daemon addresses registry.
2026-04-18T01:07:38.861+0530 [DEBUG] [org.gradle.launcher.daemon.server.Daemon] Finished periodic daemon health check.
2026-04-18T01:07:48.860+0530 [DEBUG] [org.gradle.launcher.daemon.server.Daemon] Starting periodic daemon health check.
2026-04-18T01:07:48.860+0530 [DEBUG] [org.gradle.cache.internal.DefaultFileLockManager] Waiting to acquire shared lock on daemon addresses registry.
2026-04-18T01:07:48.860+0530 [DEBUG] [org.gradle.cache.internal.DefaultFileLockManager] Lock acquired on daemon addresses registry.
2026-04-18T01:07:48.860+0530 [DEBUG] [org.gradle.cache.internal.DefaultFileLockManager] Releasing lock on daemon addresses registry.
2026-04-18T01:07:48.861+0530 [DEBUG] [org.gradle.cache.internal.DefaultFileLockManager] Waiting to acquire shared lock on daemon addresses registry.
2026-04-18T01:07:48.861+0530 [DEBUG] [org.gradle.cache.internal.DefaultFileLockManager] Lock acquired on daemon addresses registry.
2026-04-18T01:07:48.861+0530 [DEBUG] [org.gradle.cache.internal.DefaultFileLockManager] Releasing lock on daemon addresses registry.
2026-04-18T01:07:48.861+0530 [DEBUG] [org.gradle.launcher.daemon.server.Daemon] Finished periodic daemon health check.
2026-04-18T01:07:58.860+0530 [DEBUG] [org.gradle.launcher.daemon.server.Daemon] Starting periodic daemon health check.
2026-04-18T01:07:58.860+0530 [DEBUG] [org.gradle.cache.internal.DefaultFileLockManager] Waiting to acquire shared lock on daemon addresses registry.
2026-04-18T01:07:58.860+0530 [DEBUG] [org.gradle.cache.internal.DefaultFileLockManager] Lock acquired on daemon addresses registry.
2026-04-18T01:07:58.860+0530 [DEBUG] [org.gradle.cache.internal.DefaultFileLockManager] Releasing lock on daemon addresses registry.
2026-04-18T01:07:58.861+0530 [DEBUG] [org.gradle.cache.internal.DefaultFileLockManager] Waiting to acquire shared lock on daemon addresses registry.
2026-04-18T01:07:58.861+0530 [DEBUG] [org.gradle.cache.internal.DefaultFileLockManager] Lock acquired on daemon addresses registry.
2026-04-18T01:07:58.861+0530 [DEBUG] [org.gradle.cache.internal.DefaultFileLockManager] Releasing lock on daemon addresses registry.
2026-04-18T01:07:58.861+0530 [DEBUG] [org.gradle.launcher.daemon.server.Daemon] Finished periodic daemon health check.
2026-04-18T01:08:08.860+0530 [DEBUG] [org.gradle.launcher.daemon.server.Daemon] Starting periodic daemon health check.
2026-04-18T01:08:08.860+0530 [DEBUG] [org.gradle.cache.internal.DefaultFileLockManager] Waiting to acquire shared lock on daemon addresses registry.
2026-04-18T01:08:08.860+0530 [DEBUG] [org.gradle.cache.internal.DefaultFileLockManager] Lock acquired on daemon addresses registry.
2026-04-18T01:08:08.860+0530 [DEBUG] [org.gradle.cache.internal.DefaultFileLockManager] Releasing lock on daemon addresses registry.
2026-04-18T01:08:08.861+0530 [DEBUG] [org.gradle.cache.internal.DefaultFileLockManager] Waiting to acquire shared lock on daemon addresses registry.
2026-04-18T01:08:08.861+0530 [DEBUG] [org.gradle.cache.internal.DefaultFileLockManager] Lock acquired on daemon addresses registry.
2026-04-18T01:08:08.861+0530 [DEBUG] [org.gradle.cache.internal.DefaultFileLockManager] Releasing lock on daemon addresses registry.
2026-04-18T01:08:08.862+0530 [DEBUG] [org.gradle.launcher.daemon.server.Daemon] Finished periodic daemon health check.
2026-04-18T01:08:18.860+0530 [DEBUG] [org.gradle.launcher.daemon.server.Daemon] Starting periodic daemon health check.
2026-04-18T01:08:18.860+0530 [DEBUG] [org.gradle.cache.internal.DefaultFileLockManager] Waiting to acquire shared lock on daemon addresses registry.
2026-04-18T01:08:18.860+0530 [DEBUG] [org.gradle.cache.internal.DefaultFileLockManager] Lock acquired on daemon addresses registry.
2026-04-18T01:08:18.860+0530 [DEBUG] [org.gradle.cache.internal.DefaultFileLockManager] Releasing lock on daemon addresses registry.
2026-04-18T01:08:18.861+0530 [DEBUG] [org.gradle.cache.internal.DefaultFileLockManager] Waiting to acquire shared lock on daemon addresses registry.
2026-04-18T01:08:18.861+0530 [DEBUG] [org.gradle.cache.internal.DefaultFileLockManager] Lock acquired on daemon addresses registry.
2026-04-18T01:08:18.861+0530 [DEBUG] [org.gradle.cache.internal.DefaultFileLockManager] Releasing lock on daemon addresses registry.
2026-04-18T01:08:18.861+0530 [DEBUG] [org.gradle.launcher.daemon.server.Daemon] Finished periodic daemon health check.
2026-04-18T01:08:28.860+0530 [DEBUG] [org.gradle.launcher.daemon.server.Daemon] Starting periodic daemon health check.
2026-04-18T01:08:28.860+0530 [DEBUG] [org.gradle.cache.internal.DefaultFileLockManager] Waiting to acquire shared lock on daemon addresses registry.
2026-04-18T01:08:28.860+0530 [DEBUG] [org.gradle.cache.internal.DefaultFileLockManager] Lock acquired on daemon addresses registry.
2026-04-18T01:08:28.861+0530 [DEBUG] [org.gradle.cache.internal.DefaultFileLockManager] Releasing lock on daemon addresses registry.
2026-04-18T01:08:28.861+0530 [DEBUG] [org.gradle.cache.internal.DefaultFileLockManager] Waiting to acquire shared lock on daemon addresses registry.
2026-04-18T01:08:28.861+0530 [DEBUG] [org.gradle.cache.internal.DefaultFileLockManager] Lock acquired on daemon addresses registry.
2026-04-18T01:08:28.862+0530 [DEBUG] [org.gradle.cache.internal.DefaultFileLockManager] Releasing lock on daemon addresses registry.
2026-04-18T01:08:28.862+0530 [DEBUG] [org.gradle.launcher.daemon.server.Daemon] Finished periodic daemon health check.
2026-04-18T01:08:38.860+0530 [DEBUG] [org.gradle.launcher.daemon.server.Daemon] Starting periodic daemon health check.
2026-04-18T01:08:38.860+0530 [DEBUG] [org.gradle.cache.internal.DefaultFileLockManager] Waiting to acquire shared lock on daemon addresses registry.
2026-04-18T01:08:38.860+0530 [DEBUG] [org.gradle.cache.internal.DefaultFileLockManager] Lock acquired on daemon addresses registry.
2026-04-18T01:08:38.860+0530 [DEBUG] [org.gradle.cache.internal.DefaultFileLockManager] Releasing lock on daemon addresses registry.
2026-04-18T01:08:38.860+0530 [DEBUG] [org.gradle.cache.internal.DefaultFileLockManager] Waiting to acquire shared lock on daemon addresses registry.
2026-04-18T01:08:38.860+0530 [DEBUG] [org.gradle.cache.internal.DefaultFileLockManager] Lock acquired on daemon addresses registry.
2026-04-18T01:08:38.860+0530 [DEBUG] [org.gradle.cache.internal.DefaultFileLockManager] Releasing lock on daemon addresses registry.
2026-04-18T01:08:38.861+0530 [DEBUG] [org.gradle.launcher.daemon.server.Daemon] Finished periodic daemon health check.
2026-04-18T01:08:48.860+0530 [DEBUG] [org.gradle.launcher.daemon.server.Daemon] Starting periodic daemon health check.
2026-04-18T01:08:48.860+0530 [DEBUG] [org.gradle.cache.internal.DefaultFileLockManager] Waiting to acquire shared lock on daemon addresses registry.
2026-04-18T01:08:48.860+0530 [DEBUG] [org.gradle.cache.internal.DefaultFileLockManager] Lock acquired on daemon addresses registry.
2026-04-18T01:08:48.861+0530 [DEBUG] [org.gradle.cache.internal.DefaultFileLockManager] Releasing lock on daemon addresses registry.
2026-04-18T01:08:48.861+0530 [DEBUG] [org.gradle.cache.internal.DefaultFileLockManager] Waiting to acquire shared lock on daemon addresses registry.
2026-04-18T01:08:48.861+0530 [DEBUG] [org.gradle.cache.internal.DefaultFileLockManager] Lock acquired on daemon addresses registry.
2026-04-18T01:08:48.861+0530 [DEBUG] [org.gradle.cache.internal.DefaultFileLockManager] Releasing lock on daemon addresses registry.
2026-04-18T01:08:48.861+0530 [DEBUG] [org.gradle.launcher.daemon.server.Daemon] Finished periodic daemon health check.
2026-04-18T01:08:58.860+0530 [DEBUG] [org.gradle.launcher.daemon.server.Daemon] Starting periodic daemon health check.
2026-04-18T01:08:58.860+0530 [DEBUG] [org.gradle.cache.internal.DefaultFileLockManager] Waiting to acquire shared lock on daemon addresses registry.
2026-04-18T01:08:58.860+0530 [DEBUG] [org.gradle.cache.internal.DefaultFileLockManager] Lock acquired on daemon addresses registry.
2026-04-18T01:08:58.860+0530 [DEBUG] [org.gradle.cache.internal.DefaultFileLockManager] Releasing lock on daemon addresses registry.
2026-04-18T01:08:58.860+0530 [DEBUG] [org.gradle.cache.internal.DefaultFileLockManager] Waiting to acquire shared lock on daemon addresses registry.
2026-04-18T01:08:58.860+0530 [DEBUG] [org.gradle.cache.internal.DefaultFileLockManager] Lock acquired on daemon addresses registry.
2026-04-18T01:08:58.860+0530 [DEBUG] [org.gradle.cache.internal.DefaultFileLockManager] Releasing lock on daemon addresses registry.
2026-04-18T01:08:58.860+0530 [DEBUG] [org.gradle.launcher.daemon.server.Daemon] Finished periodic daemon health check.
2026-04-18T01:09:08.860+0530 [DEBUG] [org.gradle.launcher.daemon.server.Daemon] Starting periodic daemon health check.
2026-04-18T01:09:08.860+0530 [DEBUG] [org.gradle.cache.internal.DefaultFileLockManager] Waiting to acquire shared lock on daemon addresses registry.
2026-04-18T01:09:08.860+0530 [DEBUG] [org.gradle.cache.internal.DefaultFileLockManager] Lock acquired on daemon addresses registry.
2026-04-18T01:09:08.861+0530 [DEBUG] [org.gradle.cache.internal.DefaultFileLockManager] Releasing lock on daemon addresses registry.
2026-04-18T01:09:08.861+0530 [DEBUG] [org.gradle.cache.internal.DefaultFileLockManager] Waiting to acquire shared lock on daemon addresses registry.
2026-04-18T01:09:08.862+0530 [DEBUG] [org.gradle.cache.internal.DefaultFileLockManager] Lock acquired on daemon addresses registry.
2026-04-18T01:09:08.862+0530 [DEBUG] [org.gradle.cache.internal.DefaultFileLockManager] Releasing lock on daemon addresses registry.
2026-04-18T01:09:08.862+0530 [DEBUG] [org.gradle.launcher.daemon.server.Daemon] Finished periodic daemon health check.
2026-04-18T01:09:18.860+0530 [DEBUG] [org.gradle.launcher.daemon.server.Daemon] Starting periodic daemon health check.
2026-04-18T01:09:18.860+0530 [DEBUG] [org.gradle.cache.internal.DefaultFileLockManager] Waiting to acquire shared lock on daemon addresses registry.
2026-04-18T01:09:18.860+0530 [DEBUG] [org.gradle.cache.internal.DefaultFileLockManager] Lock acquired on daemon addresses registry.
2026-04-18T01:09:18.860+0530 [DEBUG] [org.gradle.cache.internal.DefaultFileLockManager] Releasing lock on daemon addresses registry.
2026-04-18T01:09:18.861+0530 [DEBUG] [org.gradle.cache.internal.DefaultFileLockManager] Waiting to acquire shared lock on daemon addresses registry.
2026-04-18T01:09:18.861+0530 [DEBUG] [org.gradle.cache.internal.DefaultFileLockManager] Lock acquired on daemon addresses registry.
2026-04-18T01:09:18.861+0530 [DEBUG] [org.gradle.cache.internal.DefaultFileLockManager] Releasing lock on daemon addresses registry.
2026-04-18T01:09:18.861+0530 [DEBUG] [org.gradle.launcher.daemon.server.Daemon] Finished periodic daemon health check.
2026-04-18T01:09:28.860+0530 [DEBUG] [org.gradle.launcher.daemon.server.Daemon] Starting periodic daemon health check.
2026-04-18T01:09:28.860+0530 [DEBUG] [org.gradle.cache.internal.DefaultFileLockManager] Waiting to acquire shared lock on daemon addresses registry.
2026-04-18T01:09:28.860+0530 [DEBUG] [org.gradle.cache.internal.DefaultFileLockManager] Lock acquired on daemon addresses registry.
2026-04-18T01:09:28.861+0530 [DEBUG] [org.gradle.cache.internal.DefaultFileLockManager] Releasing lock on daemon addresses registry.
2026-04-18T01:09:28.861+0530 [DEBUG] [org.gradle.cache.internal.DefaultFileLockManager] Waiting to acquire shared lock on daemon addresses registry.
2026-04-18T01:09:28.862+0530 [DEBUG] [org.gradle.cache.internal.DefaultFileLockManager] Lock acquired on daemon addresses registry.
2026-04-18T01:09:28.862+0530 [DEBUG] [org.gradle.cache.internal.DefaultFileLockManager] Releasing lock on daemon addresses registry.
2026-04-18T01:09:28.862+0530 [DEBUG] [org.gradle.launcher.daemon.server.Daemon] Finished periodic daemon health check.
2026-04-18T01:09:38.860+0530 [DEBUG] [org.gradle.launcher.daemon.server.Daemon] Starting periodic daemon health check.
2026-04-18T01:09:38.860+0530 [DEBUG] [org.gradle.cache.internal.DefaultFileLockManager] Waiting to acquire shared lock on daemon addresses registry.
2026-04-18T01:09:38.860+0530 [DEBUG] [org.gradle.cache.internal.DefaultFileLockManager] Lock acquired on daemon addresses registry.
2026-04-18T01:09:38.860+0530 [DEBUG] [org.gradle.cache.internal.DefaultFileLockManager] Releasing lock on daemon addresses registry.
2026-04-18T01:09:38.860+0530 [DEBUG] [org.gradle.cache.internal.DefaultFileLockManager] Waiting to acquire shared lock on daemon addresses registry.
2026-04-18T01:09:38.860+0530 [DEBUG] [org.gradle.cache.internal.DefaultFileLockManager] Lock acquired on daemon addresses registry.
2026-04-18T01:09:38.861+0530 [DEBUG] [org.gradle.cache.internal.DefaultFileLockManager] Releasing lock on daemon addresses registry.
2026-04-18T01:09:38.861+0530 [DEBUG] [org.gradle.launcher.daemon.server.Daemon] Finished periodic daemon health check.
2026-04-18T01:09:48.860+0530 [DEBUG] [org.gradle.launcher.daemon.server.Daemon] Starting periodic daemon health check.
2026-04-18T01:09:48.860+0530 [DEBUG] [org.gradle.cache.internal.DefaultFileLockManager] Waiting to acquire shared lock on daemon addresses registry.
2026-04-18T01:09:48.860+0530 [DEBUG] [org.gradle.cache.internal.DefaultFileLockManager] Lock acquired on daemon addresses registry.
2026-04-18T01:09:48.860+0530 [DEBUG] [org.gradle.cache.internal.DefaultFileLockManager] Releasing lock on daemon addresses registry.
2026-04-18T01:09:48.860+0530 [DEBUG] [org.gradle.cache.internal.DefaultFileLockManager] Waiting to acquire shared lock on daemon addresses registry.
2026-04-18T01:09:48.861+0530 [DEBUG] [org.gradle.cache.internal.DefaultFileLockManager] Lock acquired on daemon addresses registry.
2026-04-18T01:09:48.861+0530 [DEBUG] [org.gradle.cache.internal.DefaultFileLockManager] Releasing lock on daemon addresses registry.
2026-04-18T01:09:48.861+0530 [DEBUG] [org.gradle.launcher.daemon.server.Daemon] Finished periodic daemon health check.
2026-04-18T01:09:58.860+0530 [DEBUG] [org.gradle.launcher.daemon.server.Daemon] Starting periodic daemon health check.
2026-04-18T01:09:58.860+0530 [DEBUG] [org.gradle.cache.internal.DefaultFileLockManager] Waiting to acquire shared lock on daemon addresses registry.
2026-04-18T01:09:58.860+0530 [DEBUG] [org.gradle.cache.internal.DefaultFileLockManager] Lock acquired on daemon addresses registry.
2026-04-18T01:09:58.860+0530 [DEBUG] [org.gradle.cache.internal.DefaultFileLockManager] Releasing lock on daemon addresses registry.
2026-04-18T01:09:58.860+0530 [DEBUG] [org.gradle.cache.internal.DefaultFileLockManager] Waiting to acquire shared lock on daemon addresses registry.
2026-04-18T01:09:58.860+0530 [DEBUG] [org.gradle.cache.internal.DefaultFileLockManager] Lock acquired on daemon addresses registry.
2026-04-18T01:09:58.860+0530 [DEBUG] [org.gradle.cache.internal.DefaultFileLockManager] Releasing lock on daemon addresses registry.
2026-04-18T01:09:58.860+0530 [DEBUG] [org.gradle.launcher.daemon.server.Daemon] Finished periodic daemon health check.
2026-04-18T01:10:08.860+0530 [DEBUG] [org.gradle.launcher.daemon.server.Daemon] Starting periodic daemon health check.
2026-04-18T01:10:08.860+0530 [DEBUG] [org.gradle.cache.internal.DefaultFileLockManager] Waiting to acquire shared lock on daemon addresses registry.
2026-04-18T01:10:08.860+0530 [DEBUG] [org.gradle.cache.internal.DefaultFileLockManager] Lock acquired on daemon addresses registry.
2026-04-18T01:10:08.860+0530 [DEBUG] [org.gradle.cache.internal.DefaultFileLockManager] Releasing lock on daemon addresses registry.
2026-04-18T01:10:08.860+0530 [DEBUG] [org.gradle.cache.internal.DefaultFileLockManager] Waiting to acquire shared lock on daemon addresses registry.
2026-04-18T01:10:08.860+0530 [DEBUG] [org.gradle.cache.internal.DefaultFileLockManager] Lock acquired on daemon addresses registry.
2026-04-18T01:10:08.860+0530 [DEBUG] [org.gradle.cache.internal.DefaultFileLockManager] Releasing lock on daemon addresses registry.
2026-04-18T01:10:08.860+0530 [DEBUG] [org.gradle.launcher.daemon.server.Daemon] Finished periodic daemon health check.
2026-04-18T01:10:18.860+0530 [DEBUG] [org.gradle.launcher.daemon.server.Daemon] Starting periodic daemon health check.
2026-04-18T01:10:18.860+0530 [DEBUG] [org.gradle.cache.internal.DefaultFileLockManager] Waiting to acquire shared lock on daemon addresses registry.
2026-04-18T01:10:18.860+0530 [DEBUG] [org.gradle.cache.internal.DefaultFileLockManager] Lock acquired on daemon addresses registry.
2026-04-18T01:10:18.860+0530 [DEBUG] [org.gradle.cache.internal.DefaultFileLockManager] Releasing lock on daemon addresses registry.
2026-04-18T01:10:18.860+0530 [DEBUG] [org.gradle.cache.internal.DefaultFileLockManager] Waiting to acquire shared lock on daemon addresses registry.
2026-04-18T01:10:18.860+0530 [DEBUG] [org.gradle.cache.internal.DefaultFileLockManager] Lock acquired on daemon addresses registry.
2026-04-18T01:10:18.860+0530 [DEBUG] [org.gradle.cache.internal.DefaultFileLockManager] Releasing lock on daemon addresses registry.
2026-04-18T01:10:18.860+0530 [DEBUG] [org.gradle.launcher.daemon.server.Daemon] Finished periodic daemon health check.
2026-04-18T01:10:28.860+0530 [DEBUG] [org.gradle.launcher.daemon.server.Daemon] Starting periodic daemon health check.
2026-04-18T01:10:28.860+0530 [DEBUG] [org.gradle.cache.internal.DefaultFileLockManager] Waiting to acquire shared lock on daemon addresses registry.
2026-04-18T01:10:28.860+0530 [DEBUG] [org.gradle.cache.internal.DefaultFileLockManager] Lock acquired on daemon addresses registry.
2026-04-18T01:10:28.860+0530 [DEBUG] [org.gradle.cache.internal.DefaultFileLockManager] Releasing lock on daemon addresses registry.
2026-04-18T01:10:28.860+0530 [DEBUG] [org.gradle.cache.internal.DefaultFileLockManager] Waiting to acquire shared lock on daemon addresses registry.
2026-04-18T01:10:28.860+0530 [DEBUG] [org.gradle.cache.internal.DefaultFileLockManager] Lock acquired on daemon addresses registry.
2026-04-18T01:10:28.860+0530 [DEBUG] [org.gradle.cache.internal.DefaultFileLockManager] Releasing lock on daemon addresses registry.
2026-04-18T01:10:28.860+0530 [DEBUG] [org.gradle.launcher.daemon.server.Daemon] Finished periodic daemon health check.
2026-04-18T01:10:38.860+0530 [DEBUG] [org.gradle.launcher.daemon.server.Daemon] Starting periodic daemon health check.
2026-04-18T01:10:38.860+0530 [DEBUG] [org.gradle.cache.internal.DefaultFileLockManager] Waiting to acquire shared lock on daemon addresses registry.
2026-04-18T01:10:38.860+0530 [DEBUG] [org.gradle.cache.internal.DefaultFileLockManager] Lock acquired on daemon addresses registry.
2026-04-18T01:10:38.860+0530 [DEBUG] [org.gradle.cache.internal.DefaultFileLockManager] Releasing lock on daemon addresses registry.
2026-04-18T01:10:38.860+0530 [DEBUG] [org.gradle.cache.internal.DefaultFileLockManager] Waiting to acquire shared lock on daemon addresses registry.
2026-04-18T01:10:38.860+0530 [DEBUG] [org.gradle.cache.internal.DefaultFileLockManager] Lock acquired on daemon addresses registry.
2026-04-18T01:10:38.860+0530 [DEBUG] [org.gradle.cache.internal.DefaultFileLockManager] Releasing lock on daemon addresses registry.
2026-04-18T01:10:38.860+0530 [DEBUG] [org.gradle.launcher.daemon.server.Daemon] Finished periodic daemon health check.
2026-04-18T01:10:48.860+0530 [DEBUG] [org.gradle.launcher.daemon.server.Daemon] Starting periodic daemon health check.
2026-04-18T01:10:48.860+0530 [DEBUG] [org.gradle.cache.internal.DefaultFileLockManager] Waiting to acquire shared lock on daemon addresses registry.
2026-04-18T01:10:48.860+0530 [DEBUG] [org.gradle.cache.internal.DefaultFileLockManager] Lock acquired on daemon addresses registry.
2026-04-18T01:10:48.860+0530 [DEBUG] [org.gradle.cache.internal.DefaultFileLockManager] Releasing lock on daemon addresses registry.
2026-04-18T01:10:48.860+0530 [DEBUG] [org.gradle.cache.internal.DefaultFileLockManager] Waiting to acquire shared lock on daemon addresses registry.
2026-04-18T01:10:48.860+0530 [DEBUG] [org.gradle.cache.internal.DefaultFileLockManager] Lock acquired on daemon addresses registry.
2026-04-18T01:10:48.860+0530 [DEBUG] [org.gradle.cache.internal.DefaultFileLockManager] Releasing lock on daemon addresses registry.
2026-04-18T01:10:48.860+0530 [DEBUG] [org.gradle.launcher.daemon.server.Daemon] Finished periodic daemon health check.
2026-04-18T01:10:58.860+0530 [DEBUG] [org.gradle.launcher.daemon.server.Daemon] Starting periodic daemon health check.
2026-04-18T01:10:58.860+0530 [DEBUG] [org.gradle.cache.internal.DefaultFileLockManager] Waiting to acquire shared lock on daemon addresses registry.
2026-04-18T01:10:58.860+0530 [DEBUG] [org.gradle.cache.internal.DefaultFileLockManager] Lock acquired on daemon addresses registry.
2026-04-18T01:10:58.860+0530 [DEBUG] [org.gradle.cache.internal.DefaultFileLockManager] Releasing lock on daemon addresses registry.
2026-04-18T01:10:58.860+0530 [DEBUG] [org.gradle.cache.internal.DefaultFileLockManager] Waiting to acquire shared lock on daemon addresses registry.
2026-04-18T01:10:58.860+0530 [DEBUG] [org.gradle.cache.internal.DefaultFileLockManager] Lock acquired on daemon addresses registry.
2026-04-18T01:10:58.860+0530 [DEBUG] [org.gradle.cache.internal.DefaultFileLockManager] Releasing lock on daemon addresses registry.
2026-04-18T01:10:58.860+0530 [DEBUG] [org.gradle.launcher.daemon.server.Daemon] Finished periodic daemon health check.
2026-04-18T01:11:08.860+0530 [DEBUG] [org.gradle.launcher.daemon.server.Daemon] Starting periodic daemon health check.
2026-04-18T01:11:08.860+0530 [DEBUG] [org.gradle.cache.internal.DefaultFileLockManager] Waiting to acquire shared lock on daemon addresses registry.
2026-04-18T01:11:08.860+0530 [DEBUG] [org.gradle.cache.internal.DefaultFileLockManager] Lock acquired on daemon addresses registry.
2026-04-18T01:11:08.860+0530 [DEBUG] [org.gradle.cache.internal.DefaultFileLockManager] Releasing lock on daemon addresses registry.
2026-04-18T01:11:08.868+0530 [DEBUG] [org.gradle.cache.internal.DefaultFileLockManager] Waiting to acquire shared lock on daemon addresses registry.
2026-04-18T01:11:08.868+0530 [DEBUG] [org.gradle.cache.internal.DefaultFileLockManager] Lock acquired on daemon addresses registry.
2026-04-18T01:11:08.869+0530 [DEBUG] [org.gradle.cache.internal.DefaultFileLockManager] Releasing lock on daemon addresses registry.
2026-04-18T01:11:08.869+0530 [DEBUG] [org.gradle.launcher.daemon.server.Daemon] Finished periodic daemon health check.
2026-04-18T01:11:18.860+0530 [DEBUG] [org.gradle.launcher.daemon.server.Daemon] Starting periodic daemon health check.
2026-04-18T01:11:18.860+0530 [DEBUG] [org.gradle.cache.internal.DefaultFileLockManager] Waiting to acquire shared lock on daemon addresses registry.
2026-04-18T01:11:18.860+0530 [DEBUG] [org.gradle.cache.internal.DefaultFileLockManager] Lock acquired on daemon addresses registry.
2026-04-18T01:11:18.860+0530 [DEBUG] [org.gradle.cache.internal.DefaultFileLockManager] Releasing lock on daemon addresses registry.
2026-04-18T01:11:18.860+0530 [DEBUG] [org.gradle.cache.internal.DefaultFileLockManager] Waiting to acquire shared lock on daemon addresses registry.
2026-04-18T01:11:18.860+0530 [DEBUG] [org.gradle.cache.internal.DefaultFileLockManager] Lock acquired on daemon addresses registry.
2026-04-18T01:11:18.860+0530 [DEBUG] [org.gradle.cache.internal.DefaultFileLockManager] Releasing lock on daemon addresses registry.
2026-04-18T01:11:18.860+0530 [DEBUG] [org.gradle.launcher.daemon.server.Daemon] Finished periodic daemon health check.
2026-04-18T01:11:28.860+0530 [DEBUG] [org.gradle.launcher.daemon.server.Daemon] Starting periodic daemon health check.
2026-04-18T01:11:28.860+0530 [DEBUG] [org.gradle.cache.internal.DefaultFileLockManager] Waiting to acquire shared lock on daemon addresses registry.
2026-04-18T01:11:28.860+0530 [DEBUG] [org.gradle.cache.internal.DefaultFileLockManager] Lock acquired on daemon addresses registry.
2026-04-18T01:11:28.860+0530 [DEBUG] [org.gradle.cache.internal.DefaultFileLockManager] Releasing lock on daemon addresses registry.
2026-04-18T01:11:28.860+0530 [DEBUG] [org.gradle.cache.internal.DefaultFileLockManager] Waiting to acquire shared lock on daemon addresses registry.
2026-04-18T01:11:28.860+0530 [DEBUG] [org.gradle.cache.internal.DefaultFileLockManager] Lock acquired on daemon addresses registry.
2026-04-18T01:11:28.860+0530 [DEBUG] [org.gradle.cache.internal.DefaultFileLockManager] Releasing lock on daemon addresses registry.
2026-04-18T01:11:28.860+0530 [DEBUG] [org.gradle.launcher.daemon.server.Daemon] Finished periodic daemon health check.
2026-04-18T01:11:38.860+0530 [DEBUG] [org.gradle.launcher.daemon.server.Daemon] Starting periodic daemon health check.
2026-04-18T01:11:38.860+0530 [DEBUG] [org.gradle.cache.internal.DefaultFileLockManager] Waiting to acquire shared lock on daemon addresses registry.
2026-04-18T01:11:38.860+0530 [DEBUG] [org.gradle.cache.internal.DefaultFileLockManager] Lock acquired on daemon addresses registry.
2026-04-18T01:11:38.860+0530 [DEBUG] [org.gradle.cache.internal.DefaultFileLockManager] Releasing lock on daemon addresses registry.
2026-04-18T01:11:38.860+0530 [DEBUG] [org.gradle.cache.internal.DefaultFileLockManager] Waiting to acquire shared lock on daemon addresses registry.
2026-04-18T01:11:38.861+0530 [DEBUG] [org.gradle.cache.internal.DefaultFileLockManager] Lock acquired on daemon addresses registry.
2026-04-18T01:11:38.861+0530 [DEBUG] [org.gradle.cache.internal.DefaultFileLockManager] Releasing lock on daemon addresses registry.
2026-04-18T01:11:38.861+0530 [DEBUG] [org.gradle.launcher.daemon.server.Daemon] Finished periodic daemon health check.
2026-04-18T01:11:48.860+0530 [DEBUG] [org.gradle.launcher.daemon.server.Daemon] Starting periodic daemon health check.
2026-04-18T01:11:48.860+0530 [DEBUG] [org.gradle.cache.internal.DefaultFileLockManager] Waiting to acquire shared lock on daemon addresses registry.
2026-04-18T01:11:48.860+0530 [DEBUG] [org.gradle.cache.internal.DefaultFileLockManager] Lock acquired on daemon addresses registry.
2026-04-18T01:11:48.860+0530 [DEBUG] [org.gradle.cache.internal.DefaultFileLockManager] Releasing lock on daemon addresses registry.
2026-04-18T01:11:48.860+0530 [DEBUG] [org.gradle.cache.internal.DefaultFileLockManager] Waiting to acquire shared lock on daemon addresses registry.
2026-04-18T01:11:48.860+0530 [DEBUG] [org.gradle.cache.internal.DefaultFileLockManager] Lock acquired on daemon addresses registry.
2026-04-18T01:11:48.860+0530 [DEBUG] [org.gradle.cache.internal.DefaultFileLockManager] Releasing lock on daemon addresses registry.
2026-04-18T01:11:48.861+0530 [DEBUG] [org.gradle.launcher.daemon.server.Daemon] Finished periodic daemon health check.
2026-04-18T01:11:58.860+0530 [DEBUG] [org.gradle.launcher.daemon.server.Daemon] Starting periodic daemon health check.
2026-04-18T01:11:58.860+0530 [DEBUG] [org.gradle.cache.internal.DefaultFileLockManager] Waiting to acquire shared lock on daemon addresses registry.
2026-04-18T01:11:58.860+0530 [DEBUG] [org.gradle.cache.internal.DefaultFileLockManager] Lock acquired on daemon addresses registry.
2026-04-18T01:11:58.860+0530 [DEBUG] [org.gradle.cache.internal.DefaultFileLockManager] Releasing lock on daemon addresses registry.
2026-04-18T01:11:58.860+0530 [DEBUG] [org.gradle.cache.internal.DefaultFileLockManager] Waiting to acquire shared lock on daemon addresses registry.
2026-04-18T01:11:58.860+0530 [DEBUG] [org.gradle.cache.internal.DefaultFileLockManager] Lock acquired on daemon addresses registry.
2026-04-18T01:11:58.860+0530 [DEBUG] [org.gradle.cache.internal.DefaultFileLockManager] Releasing lock on daemon addresses registry.
2026-04-18T01:11:58.860+0530 [DEBUG] [org.gradle.launcher.daemon.server.Daemon] Finished periodic daemon health check.
2026-04-18T01:12:08.860+0530 [DEBUG] [org.gradle.launcher.daemon.server.Daemon] Starting periodic daemon health check.
2026-04-18T01:12:08.860+0530 [DEBUG] [org.gradle.cache.internal.DefaultFileLockManager] Waiting to acquire shared lock on daemon addresses registry.
2026-04-18T01:12:08.860+0530 [DEBUG] [org.gradle.cache.internal.DefaultFileLockManager] Lock acquired on daemon addresses registry.
2026-04-18T01:12:08.860+0530 [DEBUG] [org.gradle.cache.internal.DefaultFileLockManager] Releasing lock on daemon addresses registry.
2026-04-18T01:12:08.860+0530 [DEBUG] [org.gradle.cache.internal.DefaultFileLockManager] Waiting to acquire shared lock on daemon addresses registry.
2026-04-18T01:12:08.860+0530 [DEBUG] [org.gradle.cache.internal.DefaultFileLockManager] Lock acquired on daemon addresses registry.
2026-04-18T01:12:08.860+0530 [DEBUG] [org.gradle.cache.internal.DefaultFileLockManager] Releasing lock on daemon addresses registry.
2026-04-18T01:12:08.860+0530 [DEBUG] [org.gradle.launcher.daemon.server.Daemon] Finished periodic daemon health check.
2026-04-18T01:12:18.860+0530 [DEBUG] [org.gradle.launcher.daemon.server.Daemon] Starting periodic daemon health check.
2026-04-18T01:12:18.860+0530 [DEBUG] [org.gradle.cache.internal.DefaultFileLockManager] Waiting to acquire shared lock on daemon addresses registry.
2026-04-18T01:12:18.860+0530 [DEBUG] [org.gradle.cache.internal.DefaultFileLockManager] Lock acquired on daemon addresses registry.
2026-04-18T01:12:18.860+0530 [DEBUG] [org.gradle.cache.internal.DefaultFileLockManager] Releasing lock on daemon addresses registry.
2026-04-18T01:12:18.860+0530 [DEBUG] [org.gradle.cache.internal.DefaultFileLockManager] Waiting to acquire shared lock on daemon addresses registry.
2026-04-18T01:12:18.860+0530 [DEBUG] [org.gradle.cache.internal.DefaultFileLockManager] Lock acquired on daemon addresses registry.
2026-04-18T01:12:18.860+0530 [DEBUG] [org.gradle.cache.internal.DefaultFileLockManager] Releasing lock on daemon addresses registry.
2026-04-18T01:12:18.860+0530 [DEBUG] [org.gradle.launcher.daemon.server.Daemon] Finished periodic daemon health check.
2026-04-18T01:12:28.860+0530 [DEBUG] [org.gradle.launcher.daemon.server.Daemon] Starting periodic daemon health check.
2026-04-18T01:12:28.860+0530 [DEBUG] [org.gradle.cache.internal.DefaultFileLockManager] Waiting to acquire shared lock on daemon addresses registry.
2026-04-18T01:12:28.860+0530 [DEBUG] [org.gradle.cache.internal.DefaultFileLockManager] Lock acquired on daemon addresses registry.
2026-04-18T01:12:28.860+0530 [DEBUG] [org.gradle.cache.internal.DefaultFileLockManager] Releasing lock on daemon addresses registry.
2026-04-18T01:12:28.860+0530 [DEBUG] [org.gradle.cache.internal.DefaultFileLockManager] Waiting to acquire shared lock on daemon addresses registry.
2026-04-18T01:12:28.860+0530 [DEBUG] [org.gradle.cache.internal.DefaultFileLockManager] Lock acquired on daemon addresses registry.
2026-04-18T01:12:28.860+0530 [DEBUG] [org.gradle.cache.internal.DefaultFileLockManager] Releasing lock on daemon addresses registry.
2026-04-18T01:12:28.860+0530 [DEBUG] [org.gradle.launcher.daemon.server.Daemon] Finished periodic daemon health check.
2026-04-18T01:12:38.860+0530 [DEBUG] [org.gradle.launcher.daemon.server.Daemon] Starting periodic daemon health check.
2026-04-18T01:12:38.860+0530 [DEBUG] [org.gradle.cache.internal.DefaultFileLockManager] Waiting to acquire shared lock on daemon addresses registry.
2026-04-18T01:12:38.860+0530 [DEBUG] [org.gradle.cache.internal.DefaultFileLockManager] Lock acquired on daemon addresses registry.
2026-04-18T01:12:38.860+0530 [DEBUG] [org.gradle.cache.internal.DefaultFileLockManager] Releasing lock on daemon addresses registry.
2026-04-18T01:12:38.860+0530 [DEBUG] [org.gradle.cache.internal.DefaultFileLockManager] Waiting to acquire shared lock on daemon addresses registry.
2026-04-18T01:12:38.860+0530 [DEBUG] [org.gradle.cache.internal.DefaultFileLockManager] Lock acquired on daemon addresses registry.
2026-04-18T01:12:38.860+0530 [DEBUG] [org.gradle.cache.internal.DefaultFileLockManager] Releasing lock on daemon addresses registry.
2026-04-18T01:12:38.860+0530 [DEBUG] [org.gradle.launcher.daemon.server.Daemon] Finished periodic daemon health check.
2026-04-18T01:12:48.860+0530 [DEBUG] [org.gradle.launcher.daemon.server.Daemon] Starting periodic daemon health check.
2026-04-18T01:12:48.860+0530 [DEBUG] [org.gradle.cache.internal.DefaultFileLockManager] Waiting to acquire shared lock on daemon addresses registry.
2026-04-18T01:12:48.860+0530 [DEBUG] [org.gradle.cache.internal.DefaultFileLockManager] Lock acquired on daemon addresses registry.
2026-04-18T01:12:48.860+0530 [DEBUG] [org.gradle.cache.internal.DefaultFileLockManager] Releasing lock on daemon addresses registry.
2026-04-18T01:12:48.860+0530 [DEBUG] [org.gradle.cache.internal.DefaultFileLockManager] Waiting to acquire shared lock on daemon addresses registry.
2026-04-18T01:12:48.860+0530 [DEBUG] [org.gradle.cache.internal.DefaultFileLockManager] Lock acquired on daemon addresses registry.
2026-04-18T01:12:48.860+0530 [DEBUG] [org.gradle.cache.internal.DefaultFileLockManager] Releasing lock on daemon addresses registry.
2026-04-18T01:12:48.860+0530 [DEBUG] [org.gradle.launcher.daemon.server.Daemon] Finished periodic daemon health check.
2026-04-18T01:12:58.860+0530 [DEBUG] [org.gradle.launcher.daemon.server.Daemon] Starting periodic daemon health check.
2026-04-18T01:12:58.860+0530 [DEBUG] [org.gradle.cache.internal.DefaultFileLockManager] Waiting to acquire shared lock on daemon addresses registry.
2026-04-18T01:12:58.860+0530 [DEBUG] [org.gradle.cache.internal.DefaultFileLockManager] Lock acquired on daemon addresses registry.
2026-04-18T01:12:58.860+0530 [DEBUG] [org.gradle.cache.internal.DefaultFileLockManager] Releasing lock on daemon addresses registry.
2026-04-18T01:12:58.860+0530 [DEBUG] [org.gradle.cache.internal.DefaultFileLockManager] Waiting to acquire shared lock on daemon addresses registry.
2026-04-18T01:12:58.860+0530 [DEBUG] [org.gradle.cache.internal.DefaultFileLockManager] Lock acquired on daemon addresses registry.
2026-04-18T01:12:58.860+0530 [DEBUG] [org.gradle.cache.internal.DefaultFileLockManager] Releasing lock on daemon addresses registry.
2026-04-18T01:12:58.861+0530 [DEBUG] [org.gradle.launcher.daemon.server.Daemon] Finished periodic daemon health check.
2026-04-18T01:13:08.860+0530 [DEBUG] [org.gradle.launcher.daemon.server.Daemon] Starting periodic daemon health check.
2026-04-18T01:13:08.860+0530 [DEBUG] [org.gradle.cache.internal.DefaultFileLockManager] Waiting to acquire shared lock on daemon addresses registry.
2026-04-18T01:13:08.860+0530 [DEBUG] [org.gradle.cache.internal.DefaultFileLockManager] Lock acquired on daemon addresses registry.
2026-04-18T01:13:08.860+0530 [DEBUG] [org.gradle.cache.internal.DefaultFileLockManager] Releasing lock on daemon addresses registry.
2026-04-18T01:13:08.860+0530 [DEBUG] [org.gradle.cache.internal.DefaultFileLockManager] Waiting to acquire shared lock on daemon addresses registry.
2026-04-18T01:13:08.860+0530 [DEBUG] [org.gradle.cache.internal.DefaultFileLockManager] Lock acquired on daemon addresses registry.
2026-04-18T01:13:08.860+0530 [DEBUG] [org.gradle.cache.internal.DefaultFileLockManager] Releasing lock on daemon addresses registry.
2026-04-18T01:13:08.860+0530 [DEBUG] [org.gradle.launcher.daemon.server.Daemon] Finished periodic daemon health check.
2026-04-18T01:13:18.860+0530 [DEBUG] [org.gradle.launcher.daemon.server.Daemon] Starting periodic daemon health check.
2026-04-18T01:13:18.860+0530 [DEBUG] [org.gradle.cache.internal.DefaultFileLockManager] Waiting to acquire shared lock on daemon addresses registry.
2026-04-18T01:13:18.860+0530 [DEBUG] [org.gradle.cache.internal.DefaultFileLockManager] Lock acquired on daemon addresses registry.
2026-04-18T01:13:18.860+0530 [DEBUG] [org.gradle.cache.internal.DefaultFileLockManager] Releasing lock on daemon addresses registry.
2026-04-18T01:13:18.860+0530 [DEBUG] [org.gradle.cache.internal.DefaultFileLockManager] Waiting to acquire shared lock on daemon addresses registry.
2026-04-18T01:13:18.860+0530 [DEBUG] [org.gradle.cache.internal.DefaultFileLockManager] Lock acquired on daemon addresses registry.
2026-04-18T01:13:18.860+0530 [DEBUG] [org.gradle.cache.internal.DefaultFileLockManager] Releasing lock on daemon addresses registry.
2026-04-18T01:13:18.860+0530 [DEBUG] [org.gradle.launcher.daemon.server.Daemon] Finished periodic daemon health check.
2026-04-18T01:13:28.860+0530 [DEBUG] [org.gradle.launcher.daemon.server.Daemon] Starting periodic daemon health check.
2026-04-18T01:13:28.860+0530 [DEBUG] [org.gradle.cache.internal.DefaultFileLockManager] Waiting to acquire shared lock on daemon addresses registry.
2026-04-18T01:13:28.860+0530 [DEBUG] [org.gradle.cache.internal.DefaultFileLockManager] Lock acquired on daemon addresses registry.
2026-04-18T01:13:28.860+0530 [DEBUG] [org.gradle.cache.internal.DefaultFileLockManager] Releasing lock on daemon addresses registry.
2026-04-18T01:13:28.860+0530 [DEBUG] [org.gradle.cache.internal.DefaultFileLockManager] Waiting to acquire shared lock on daemon addresses registry.
2026-04-18T01:13:28.860+0530 [DEBUG] [org.gradle.cache.internal.DefaultFileLockManager] Lock acquired on daemon addresses registry.
2026-04-18T01:13:28.860+0530 [DEBUG] [org.gradle.cache.internal.DefaultFileLockManager] Releasing lock on daemon addresses registry.
2026-04-18T01:13:28.860+0530 [DEBUG] [org.gradle.launcher.daemon.server.Daemon] Finished periodic daemon health check.
2026-04-18T01:13:38.860+0530 [DEBUG] [org.gradle.launcher.daemon.server.Daemon] Starting periodic daemon health check.
2026-04-18T01:13:38.860+0530 [DEBUG] [org.gradle.cache.internal.DefaultFileLockManager] Waiting to acquire shared lock on daemon addresses registry.
2026-04-18T01:13:38.860+0530 [DEBUG] [org.gradle.cache.internal.DefaultFileLockManager] Lock acquired on daemon addresses registry.
2026-04-18T01:13:38.860+0530 [DEBUG] [org.gradle.cache.internal.DefaultFileLockManager] Releasing lock on daemon addresses registry.
2026-04-18T01:13:38.860+0530 [DEBUG] [org.gradle.cache.internal.DefaultFileLockManager] Waiting to acquire shared lock on daemon addresses registry.
2026-04-18T01:13:38.860+0530 [DEBUG] [org.gradle.cache.internal.DefaultFileLockManager] Lock acquired on daemon addresses registry.
2026-04-18T01:13:38.861+0530 [DEBUG] [org.gradle.cache.internal.DefaultFileLockManager] Releasing lock on daemon addresses registry.
2026-04-18T01:13:38.861+0530 [DEBUG] [org.gradle.launcher.daemon.server.Daemon] Finished periodic daemon health check.
2026-04-18T01:13:48.860+0530 [DEBUG] [org.gradle.launcher.daemon.server.Daemon] Starting periodic daemon health check.
2026-04-18T01:13:48.860+0530 [DEBUG] [org.gradle.cache.internal.DefaultFileLockManager] Waiting to acquire shared lock on daemon addresses registry.
2026-04-18T01:13:48.860+0530 [DEBUG] [org.gradle.cache.internal.DefaultFileLockManager] Lock acquired on daemon addresses registry.
2026-04-18T01:13:48.860+0530 [DEBUG] [org.gradle.cache.internal.DefaultFileLockManager] Releasing lock on daemon addresses registry.
2026-04-18T01:13:48.860+0530 [DEBUG] [org.gradle.cache.internal.DefaultFileLockManager] Waiting to acquire shared lock on daemon addresses registry.
2026-04-18T01:13:48.860+0530 [DEBUG] [org.gradle.cache.internal.DefaultFileLockManager] Lock acquired on daemon addresses registry.
2026-04-18T01:13:48.860+0530 [DEBUG] [org.gradle.cache.internal.DefaultFileLockManager] Releasing lock on daemon addresses registry.
2026-04-18T01:13:48.860+0530 [DEBUG] [org.gradle.launcher.daemon.server.Daemon] Finished periodic daemon health check.
2026-04-18T01:13:58.860+0530 [DEBUG] [org.gradle.launcher.daemon.server.Daemon] Starting periodic daemon health check.
2026-04-18T01:13:58.860+0530 [DEBUG] [org.gradle.cache.internal.DefaultFileLockManager] Waiting to acquire shared lock on daemon addresses registry.
2026-04-18T01:13:58.860+0530 [DEBUG] [org.gradle.cache.internal.DefaultFileLockManager] Lock acquired on daemon addresses registry.
2026-04-18T01:13:58.860+0530 [DEBUG] [org.gradle.cache.internal.DefaultFileLockManager] Releasing lock on daemon addresses registry.
2026-04-18T01:13:58.860+0530 [DEBUG] [org.gradle.cache.internal.DefaultFileLockManager] Waiting to acquire shared lock on daemon addresses registry.
2026-04-18T01:13:58.860+0530 [DEBUG] [org.gradle.cache.internal.DefaultFileLockManager] Lock acquired on daemon addresses registry.
2026-04-18T01:13:58.860+0530 [DEBUG] [org.gradle.cache.internal.DefaultFileLockManager] Releasing lock on daemon addresses registry.
2026-04-18T01:13:58.860+0530 [DEBUG] [org.gradle.launcher.daemon.server.Daemon] Finished periodic daemon health check.
2026-04-18T01:14:08.860+0530 [DEBUG] [org.gradle.launcher.daemon.server.Daemon] Starting periodic daemon health check.
2026-04-18T01:14:08.860+0530 [DEBUG] [org.gradle.cache.internal.DefaultFileLockManager] Waiting to acquire shared lock on daemon addresses registry.
2026-04-18T01:14:08.860+0530 [DEBUG] [org.gradle.cache.internal.DefaultFileLockManager] Lock acquired on daemon addresses registry.
2026-04-18T01:14:08.860+0530 [DEBUG] [org.gradle.cache.internal.DefaultFileLockManager] Releasing lock on daemon addresses registry.
2026-04-18T01:14:08.860+0530 [DEBUG] [org.gradle.cache.internal.DefaultFileLockManager] Waiting to acquire shared lock on daemon addresses registry.
2026-04-18T01:14:08.860+0530 [DEBUG] [org.gradle.cache.internal.DefaultFileLockManager] Lock acquired on daemon addresses registry.
2026-04-18T01:14:08.860+0530 [DEBUG] [org.gradle.cache.internal.DefaultFileLockManager] Releasing lock on daemon addresses registry.
2026-04-18T01:14:08.861+0530 [DEBUG] [org.gradle.launcher.daemon.server.Daemon] Finished periodic daemon health check.
2026-04-18T01:14:18.860+0530 [DEBUG] [org.gradle.launcher.daemon.server.Daemon] Starting periodic daemon health check.
2026-04-18T01:14:18.860+0530 [DEBUG] [org.gradle.cache.internal.DefaultFileLockManager] Waiting to acquire shared lock on daemon addresses registry.
2026-04-18T01:14:18.860+0530 [DEBUG] [org.gradle.cache.internal.DefaultFileLockManager] Lock acquired on daemon addresses registry.
2026-04-18T01:14:18.860+0530 [DEBUG] [org.gradle.cache.internal.DefaultFileLockManager] Releasing lock on daemon addresses registry.
2026-04-18T01:14:18.860+0530 [DEBUG] [org.gradle.cache.internal.DefaultFileLockManager] Waiting to acquire shared lock on daemon addresses registry.
2026-04-18T01:14:18.860+0530 [DEBUG] [org.gradle.cache.internal.DefaultFileLockManager] Lock acquired on daemon addresses registry.
2026-04-18T01:14:18.860+0530 [DEBUG] [org.gradle.cache.internal.DefaultFileLockManager] Releasing lock on daemon addresses registry.
2026-04-18T01:14:18.860+0530 [DEBUG] [org.gradle.launcher.daemon.server.Daemon] Finished periodic daemon health check.
2026-04-18T01:14:28.860+0530 [DEBUG] [org.gradle.launcher.daemon.server.Daemon] Starting periodic daemon health check.
2026-04-18T01:14:28.860+0530 [DEBUG] [org.gradle.cache.internal.DefaultFileLockManager] Waiting to acquire shared lock on daemon addresses registry.
2026-04-18T01:14:28.860+0530 [DEBUG] [org.gradle.cache.internal.DefaultFileLockManager] Lock acquired on daemon addresses registry.
2026-04-18T01:14:28.860+0530 [DEBUG] [org.gradle.cache.internal.DefaultFileLockManager] Releasing lock on daemon addresses registry.
2026-04-18T01:14:28.860+0530 [DEBUG] [org.gradle.cache.internal.DefaultFileLockManager] Waiting to acquire shared lock on daemon addresses registry.
2026-04-18T01:14:28.860+0530 [DEBUG] [org.gradle.cache.internal.DefaultFileLockManager] Lock acquired on daemon addresses registry.
2026-04-18T01:14:28.861+0530 [DEBUG] [org.gradle.cache.internal.DefaultFileLockManager] Releasing lock on daemon addresses registry.
2026-04-18T01:14:28.861+0530 [DEBUG] [org.gradle.launcher.daemon.server.Daemon] Finished periodic daemon health check.
2026-04-18T01:14:38.860+0530 [DEBUG] [org.gradle.launcher.daemon.server.Daemon] Starting periodic daemon health check.
2026-04-18T01:14:38.860+0530 [DEBUG] [org.gradle.cache.internal.DefaultFileLockManager] Waiting to acquire shared lock on daemon addresses registry.
2026-04-18T01:14:38.860+0530 [DEBUG] [org.gradle.cache.internal.DefaultFileLockManager] Lock acquired on daemon addresses registry.
2026-04-18T01:14:38.860+0530 [DEBUG] [org.gradle.cache.internal.DefaultFileLockManager] Releasing lock on daemon addresses registry.
2026-04-18T01:14:38.860+0530 [DEBUG] [org.gradle.cache.internal.DefaultFileLockManager] Waiting to acquire shared lock on daemon addresses registry.
2026-04-18T01:14:38.860+0530 [DEBUG] [org.gradle.cache.internal.DefaultFileLockManager] Lock acquired on daemon addresses registry.
2026-04-18T01:14:38.861+0530 [DEBUG] [org.gradle.cache.internal.DefaultFileLockManager] Releasing lock on daemon addresses registry.
2026-04-18T01:14:38.861+0530 [DEBUG] [org.gradle.launcher.daemon.server.Daemon] Finished periodic daemon health check.
2026-04-18T01:14:48.860+0530 [DEBUG] [org.gradle.launcher.daemon.server.Daemon] Starting periodic daemon health check.
2026-04-18T01:14:48.860+0530 [DEBUG] [org.gradle.cache.internal.DefaultFileLockManager] Waiting to acquire shared lock on daemon addresses registry.
2026-04-18T01:14:48.860+0530 [DEBUG] [org.gradle.cache.internal.DefaultFileLockManager] Lock acquired on daemon addresses registry.
2026-04-18T01:14:48.860+0530 [DEBUG] [org.gradle.cache.internal.DefaultFileLockManager] Releasing lock on daemon addresses registry.
2026-04-18T01:14:48.860+0530 [DEBUG] [org.gradle.cache.internal.DefaultFileLockManager] Waiting to acquire shared lock on daemon addresses registry.
2026-04-18T01:14:48.860+0530 [DEBUG] [org.gradle.cache.internal.DefaultFileLockManager] Lock acquired on daemon addresses registry.
2026-04-18T01:14:48.860+0530 [DEBUG] [org.gradle.cache.internal.DefaultFileLockManager] Releasing lock on daemon addresses registry.
2026-04-18T01:14:48.861+0530 [DEBUG] [org.gradle.launcher.daemon.server.Daemon] Finished periodic daemon health check.
2026-04-18T01:14:58.860+0530 [DEBUG] [org.gradle.launcher.daemon.server.Daemon] Starting periodic daemon health check.
2026-04-18T01:14:58.860+0530 [DEBUG] [org.gradle.cache.internal.DefaultFileLockManager] Waiting to acquire shared lock on daemon addresses registry.
2026-04-18T01:14:58.860+0530 [DEBUG] [org.gradle.cache.internal.DefaultFileLockManager] Lock acquired on daemon addresses registry.
2026-04-18T01:14:58.860+0530 [DEBUG] [org.gradle.cache.internal.DefaultFileLockManager] Releasing lock on daemon addresses registry.
2026-04-18T01:14:58.860+0530 [DEBUG] [org.gradle.cache.internal.DefaultFileLockManager] Waiting to acquire shared lock on daemon addresses registry.
2026-04-18T01:14:58.860+0530 [DEBUG] [org.gradle.cache.internal.DefaultFileLockManager] Lock acquired on daemon addresses registry.
2026-04-18T01:14:58.860+0530 [DEBUG] [org.gradle.cache.internal.DefaultFileLockManager] Releasing lock on daemon addresses registry.
2026-04-18T01:14:58.860+0530 [DEBUG] [org.gradle.launcher.daemon.server.Daemon] Finished periodic daemon health check.
2026-04-18T01:15:08.860+0530 [DEBUG] [org.gradle.launcher.daemon.server.Daemon] Starting periodic daemon health check.
2026-04-18T01:15:08.860+0530 [DEBUG] [org.gradle.cache.internal.DefaultFileLockManager] Waiting to acquire shared lock on daemon addresses registry.
2026-04-18T01:15:08.860+0530 [DEBUG] [org.gradle.cache.internal.DefaultFileLockManager] Lock acquired on daemon addresses registry.
2026-04-18T01:15:08.860+0530 [DEBUG] [org.gradle.cache.internal.DefaultFileLockManager] Releasing lock on daemon addresses registry.
2026-04-18T01:15:08.860+0530 [DEBUG] [org.gradle.cache.internal.DefaultFileLockManager] Waiting to acquire shared lock on daemon addresses registry.
2026-04-18T01:15:08.860+0530 [DEBUG] [org.gradle.cache.internal.DefaultFileLockManager] Lock acquired on daemon addresses registry.
2026-04-18T01:15:08.861+0530 [DEBUG] [org.gradle.cache.internal.DefaultFileLockManager] Releasing lock on daemon addresses registry.
2026-04-18T01:15:08.861+0530 [DEBUG] [org.gradle.launcher.daemon.server.Daemon] Finished periodic daemon health check.
2026-04-18T01:15:18.860+0530 [DEBUG] [org.gradle.launcher.daemon.server.Daemon] Starting periodic daemon health check.
2026-04-18T01:15:18.860+0530 [DEBUG] [org.gradle.cache.internal.DefaultFileLockManager] Waiting to acquire shared lock on daemon addresses registry.
2026-04-18T01:15:18.860+0530 [DEBUG] [org.gradle.cache.internal.DefaultFileLockManager] Lock acquired on daemon addresses registry.
2026-04-18T01:15:18.861+0530 [DEBUG] [org.gradle.cache.internal.DefaultFileLockManager] Releasing lock on daemon addresses registry.
2026-04-18T01:15:18.861+0530 [DEBUG] [org.gradle.cache.internal.DefaultFileLockManager] Waiting to acquire shared lock on daemon addresses registry.
2026-04-18T01:15:18.861+0530 [DEBUG] [org.gradle.cache.internal.DefaultFileLockManager] Lock acquired on daemon addresses registry.
2026-04-18T01:15:18.861+0530 [DEBUG] [org.gradle.cache.internal.DefaultFileLockManager] Releasing lock on daemon addresses registry.
2026-04-18T01:15:18.861+0530 [DEBUG] [org.gradle.launcher.daemon.server.Daemon] Finished periodic daemon health check.
2026-04-18T01:15:28.860+0530 [DEBUG] [org.gradle.launcher.daemon.server.Daemon] Starting periodic daemon health check.
2026-04-18T01:15:28.860+0530 [DEBUG] [org.gradle.cache.internal.DefaultFileLockManager] Waiting to acquire shared lock on daemon addresses registry.
2026-04-18T01:15:28.860+0530 [DEBUG] [org.gradle.cache.internal.DefaultFileLockManager] Lock acquired on daemon addresses registry.
2026-04-18T01:15:28.860+0530 [DEBUG] [org.gradle.cache.internal.DefaultFileLockManager] Releasing lock on daemon addresses registry.
2026-04-18T01:15:28.860+0530 [DEBUG] [org.gradle.cache.internal.DefaultFileLockManager] Waiting to acquire shared lock on daemon addresses registry.
2026-04-18T01:15:28.860+0530 [DEBUG] [org.gradle.cache.internal.DefaultFileLockManager] Lock acquired on daemon addresses registry.
2026-04-18T01:15:28.860+0530 [DEBUG] [org.gradle.cache.internal.DefaultFileLockManager] Releasing lock on daemon addresses registry.
2026-04-18T01:15:28.860+0530 [DEBUG] [org.gradle.launcher.daemon.server.Daemon] Finished periodic daemon health check.
2026-04-18T01:15:38.860+0530 [DEBUG] [org.gradle.launcher.daemon.server.Daemon] Starting periodic daemon health check.
2026-04-18T01:15:38.860+0530 [DEBUG] [org.gradle.cache.internal.DefaultFileLockManager] Waiting to acquire shared lock on daemon addresses registry.
2026-04-18T01:15:38.860+0530 [DEBUG] [org.gradle.cache.internal.DefaultFileLockManager] Lock acquired on daemon addresses registry.
2026-04-18T01:15:38.860+0530 [DEBUG] [org.gradle.cache.internal.DefaultFileLockManager] Releasing lock on daemon addresses registry.
2026-04-18T01:15:38.860+0530 [DEBUG] [org.gradle.cache.internal.DefaultFileLockManager] Waiting to acquire shared lock on daemon addresses registry.
2026-04-18T01:15:38.860+0530 [DEBUG] [org.gradle.cache.internal.DefaultFileLockManager] Lock acquired on daemon addresses registry.
2026-04-18T01:15:38.860+0530 [DEBUG] [org.gradle.cache.internal.DefaultFileLockManager] Releasing lock on daemon addresses registry.
2026-04-18T01:15:38.861+0530 [DEBUG] [org.gradle.launcher.daemon.server.Daemon] Finished periodic daemon health check.
2026-04-18T01:15:48.860+0530 [DEBUG] [org.gradle.launcher.daemon.server.Daemon] Starting periodic daemon health check.
2026-04-18T01:15:48.860+0530 [DEBUG] [org.gradle.cache.internal.DefaultFileLockManager] Waiting to acquire shared lock on daemon addresses registry.
2026-04-18T01:15:48.860+0530 [DEBUG] [org.gradle.cache.internal.DefaultFileLockManager] Lock acquired on daemon addresses registry.
2026-04-18T01:15:48.860+0530 [DEBUG] [org.gradle.cache.internal.DefaultFileLockManager] Releasing lock on daemon addresses registry.
2026-04-18T01:15:48.860+0530 [DEBUG] [org.gradle.cache.internal.DefaultFileLockManager] Waiting to acquire shared lock on daemon addresses registry.
2026-04-18T01:15:48.860+0530 [DEBUG] [org.gradle.cache.internal.DefaultFileLockManager] Lock acquired on daemon addresses registry.
2026-04-18T01:15:48.860+0530 [DEBUG] [org.gradle.cache.internal.DefaultFileLockManager] Releasing lock on daemon addresses registry.
2026-04-18T01:15:48.860+0530 [DEBUG] [org.gradle.launcher.daemon.server.Daemon] Finished periodic daemon health check.
2026-04-18T01:15:58.860+0530 [DEBUG] [org.gradle.launcher.daemon.server.Daemon] Starting periodic daemon health check.
2026-04-18T01:15:58.860+0530 [DEBUG] [org.gradle.cache.internal.DefaultFileLockManager] Waiting to acquire shared lock on daemon addresses registry.
2026-04-18T01:15:58.860+0530 [DEBUG] [org.gradle.cache.internal.DefaultFileLockManager] Lock acquired on daemon addresses registry.
2026-04-18T01:15:58.860+0530 [DEBUG] [org.gradle.cache.internal.DefaultFileLockManager] Releasing lock on daemon addresses registry.
2026-04-18T01:15:58.860+0530 [DEBUG] [org.gradle.cache.internal.DefaultFileLockManager] Waiting to acquire shared lock on daemon addresses registry.
2026-04-18T01:15:58.860+0530 [DEBUG] [org.gradle.cache.internal.DefaultFileLockManager] Lock acquired on daemon addresses registry.
2026-04-18T01:15:58.860+0530 [DEBUG] [org.gradle.cache.internal.DefaultFileLockManager] Releasing lock on daemon addresses registry.
2026-04-18T01:15:58.861+0530 [DEBUG] [org.gradle.launcher.daemon.server.Daemon] Finished periodic daemon health check.
2026-04-18T01:16:08.860+0530 [DEBUG] [org.gradle.launcher.daemon.server.Daemon] Starting periodic daemon health check.
2026-04-18T01:16:08.860+0530 [DEBUG] [org.gradle.cache.internal.DefaultFileLockManager] Waiting to acquire shared lock on daemon addresses registry.
2026-04-18T01:16:08.860+0530 [DEBUG] [org.gradle.cache.internal.DefaultFileLockManager] Lock acquired on daemon addresses registry.
2026-04-18T01:16:08.860+0530 [DEBUG] [org.gradle.cache.internal.DefaultFileLockManager] Releasing lock on daemon addresses registry.
2026-04-18T01:16:08.860+0530 [DEBUG] [org.gradle.cache.internal.DefaultFileLockManager] Waiting to acquire shared lock on daemon addresses registry.
2026-04-18T01:16:08.860+0530 [DEBUG] [org.gradle.cache.internal.DefaultFileLockManager] Lock acquired on daemon addresses registry.
2026-04-18T01:16:08.861+0530 [DEBUG] [org.gradle.cache.internal.DefaultFileLockManager] Releasing lock on daemon addresses registry.
2026-04-18T01:16:08.861+0530 [DEBUG] [org.gradle.launcher.daemon.server.Daemon] Finished periodic daemon health check.
2026-04-18T01:16:18.860+0530 [DEBUG] [org.gradle.launcher.daemon.server.Daemon] Starting periodic daemon health check.
2026-04-18T01:16:18.860+0530 [DEBUG] [org.gradle.cache.internal.DefaultFileLockManager] Waiting to acquire shared lock on daemon addresses registry.
2026-04-18T01:16:18.860+0530 [DEBUG] [org.gradle.cache.internal.DefaultFileLockManager] Lock acquired on daemon addresses registry.
2026-04-18T01:16:18.860+0530 [DEBUG] [org.gradle.cache.internal.DefaultFileLockManager] Releasing lock on daemon addresses registry.
2026-04-18T01:16:18.860+0530 [DEBUG] [org.gradle.cache.internal.DefaultFileLockManager] Waiting to acquire shared lock on daemon addresses registry.
2026-04-18T01:16:18.861+0530 [DEBUG] [org.gradle.cache.internal.DefaultFileLockManager] Lock acquired on daemon addresses registry.
2026-04-18T01:16:18.861+0530 [DEBUG] [org.gradle.cache.internal.DefaultFileLockManager] Releasing lock on daemon addresses registry.
2026-04-18T01:16:18.861+0530 [DEBUG] [org.gradle.launcher.daemon.server.Daemon] Finished periodic daemon health check.
2026-04-18T01:16:28.860+0530 [DEBUG] [org.gradle.launcher.daemon.server.Daemon] Starting periodic daemon health check.
2026-04-18T01:16:28.860+0530 [DEBUG] [org.gradle.cache.internal.DefaultFileLockManager] Waiting to acquire shared lock on daemon addresses registry.
2026-04-18T01:16:28.860+0530 [DEBUG] [org.gradle.cache.internal.DefaultFileLockManager] Lock acquired on daemon addresses registry.
2026-04-18T01:16:28.861+0530 [DEBUG] [org.gradle.cache.internal.DefaultFileLockManager] Releasing lock on daemon addresses registry.
2026-04-18T01:16:28.861+0530 [DEBUG] [org.gradle.cache.internal.DefaultFileLockManager] Waiting to acquire shared lock on daemon addresses registry.
2026-04-18T01:16:28.861+0530 [DEBUG] [org.gradle.cache.internal.DefaultFileLockManager] Lock acquired on daemon addresses registry.
2026-04-18T01:16:28.862+0530 [DEBUG] [org.gradle.cache.internal.DefaultFileLockManager] Releasing lock on daemon addresses registry.
2026-04-18T01:16:28.862+0530 [DEBUG] [org.gradle.launcher.daemon.server.Daemon] Finished periodic daemon health check.
2026-04-18T01:16:38.860+0530 [DEBUG] [org.gradle.launcher.daemon.server.Daemon] Starting periodic daemon health check.
2026-04-18T01:16:38.860+0530 [DEBUG] [org.gradle.cache.internal.DefaultFileLockManager] Waiting to acquire shared lock on daemon addresses registry.
2026-04-18T01:16:38.860+0530 [DEBUG] [org.gradle.cache.internal.DefaultFileLockManager] Lock acquired on daemon addresses registry.
2026-04-18T01:16:38.860+0530 [DEBUG] [org.gradle.cache.internal.DefaultFileLockManager] Releasing lock on daemon addresses registry.
2026-04-18T01:16:38.861+0530 [DEBUG] [org.gradle.cache.internal.DefaultFileLockManager] Waiting to acquire shared lock on daemon addresses registry.
2026-04-18T01:16:38.861+0530 [DEBUG] [org.gradle.cache.internal.DefaultFileLockManager] Lock acquired on daemon addresses registry.
2026-04-18T01:16:38.861+0530 [DEBUG] [org.gradle.cache.internal.DefaultFileLockManager] Releasing lock on daemon addresses registry.
2026-04-18T01:16:38.861+0530 [DEBUG] [org.gradle.launcher.daemon.server.Daemon] Finished periodic daemon health check.
2026-04-18T01:16:48.860+0530 [DEBUG] [org.gradle.launcher.daemon.server.Daemon] Starting periodic daemon health check.
2026-04-18T01:16:48.860+0530 [DEBUG] [org.gradle.cache.internal.DefaultFileLockManager] Waiting to acquire shared lock on daemon addresses registry.
2026-04-18T01:16:48.860+0530 [DEBUG] [org.gradle.cache.internal.DefaultFileLockManager] Lock acquired on daemon addresses registry.
2026-04-18T01:16:48.860+0530 [DEBUG] [org.gradle.cache.internal.DefaultFileLockManager] Releasing lock on daemon addresses registry.
2026-04-18T01:16:48.860+0530 [DEBUG] [org.gradle.cache.internal.DefaultFileLockManager] Waiting to acquire shared lock on daemon addresses registry.
2026-04-18T01:16:48.861+0530 [DEBUG] [org.gradle.cache.internal.DefaultFileLockManager] Lock acquired on daemon addresses registry.
2026-04-18T01:16:48.861+0530 [DEBUG] [org.gradle.cache.internal.DefaultFileLockManager] Releasing lock on daemon addresses registry.
2026-04-18T01:16:48.861+0530 [DEBUG] [org.gradle.launcher.daemon.server.Daemon] Finished periodic daemon health check.
2026-04-18T01:16:58.859+0530 [DEBUG] [org.gradle.launcher.daemon.server.Daemon] Starting periodic daemon health check.
2026-04-18T01:16:58.860+0530 [DEBUG] [org.gradle.cache.internal.DefaultFileLockManager] Waiting to acquire shared lock on daemon addresses registry.
2026-04-18T01:16:58.860+0530 [DEBUG] [org.gradle.cache.internal.DefaultFileLockManager] Lock acquired on daemon addresses registry.
2026-04-18T01:16:58.860+0530 [DEBUG] [org.gradle.cache.internal.DefaultFileLockManager] Releasing lock on daemon addresses registry.
2026-04-18T01:16:58.860+0530 [DEBUG] [org.gradle.cache.internal.DefaultFileLockManager] Waiting to acquire shared lock on daemon addresses registry.
2026-04-18T01:16:58.861+0530 [DEBUG] [org.gradle.cache.internal.DefaultFileLockManager] Lock acquired on daemon addresses registry.
2026-04-18T01:16:58.861+0530 [DEBUG] [org.gradle.cache.internal.DefaultFileLockManager] Releasing lock on daemon addresses registry.
2026-04-18T01:16:58.861+0530 [DEBUG] [org.gradle.launcher.daemon.server.Daemon] Finished periodic daemon health check.
2026-04-18T01:17:08.860+0530 [DEBUG] [org.gradle.launcher.daemon.server.Daemon] Starting periodic daemon health check.
2026-04-18T01:17:08.860+0530 [DEBUG] [org.gradle.cache.internal.DefaultFileLockManager] Waiting to acquire shared lock on daemon addresses registry.
2026-04-18T01:17:08.860+0530 [DEBUG] [org.gradle.cache.internal.DefaultFileLockManager] Lock acquired on daemon addresses registry.
2026-04-18T01:17:08.861+0530 [DEBUG] [org.gradle.cache.internal.DefaultFileLockManager] Releasing lock on daemon addresses registry.
2026-04-18T01:17:08.861+0530 [DEBUG] [org.gradle.cache.internal.DefaultFileLockManager] Waiting to acquire shared lock on daemon addresses registry.
2026-04-18T01:17:08.861+0530 [DEBUG] [org.gradle.cache.internal.DefaultFileLockManager] Lock acquired on daemon addresses registry.
2026-04-18T01:17:08.861+0530 [DEBUG] [org.gradle.cache.internal.DefaultFileLockManager] Releasing lock on daemon addresses registry.
2026-04-18T01:17:08.861+0530 [DEBUG] [org.gradle.launcher.daemon.server.Daemon] Finished periodic daemon health check.
2026-04-18T01:17:18.860+0530 [DEBUG] [org.gradle.launcher.daemon.server.Daemon] Starting periodic daemon health check.
2026-04-18T01:17:18.860+0530 [DEBUG] [org.gradle.cache.internal.DefaultFileLockManager] Waiting to acquire shared lock on daemon addresses registry.
2026-04-18T01:17:18.860+0530 [DEBUG] [org.gradle.cache.internal.DefaultFileLockManager] Lock acquired on daemon addresses registry.
2026-04-18T01:17:18.860+0530 [DEBUG] [org.gradle.cache.internal.DefaultFileLockManager] Releasing lock on daemon addresses registry.
2026-04-18T01:17:18.860+0530 [DEBUG] [org.gradle.cache.internal.DefaultFileLockManager] Waiting to acquire shared lock on daemon addresses registry.
2026-04-18T01:17:18.861+0530 [DEBUG] [org.gradle.cache.internal.DefaultFileLockManager] Lock acquired on daemon addresses registry.
2026-04-18T01:17:18.861+0530 [DEBUG] [org.gradle.cache.internal.DefaultFileLockManager] Releasing lock on daemon addresses registry.
2026-04-18T01:17:18.861+0530 [DEBUG] [org.gradle.launcher.daemon.server.Daemon] Finished periodic daemon health check.
2026-04-18T01:17:28.860+0530 [DEBUG] [org.gradle.launcher.daemon.server.Daemon] Starting periodic daemon health check.
2026-04-18T01:17:28.860+0530 [DEBUG] [org.gradle.cache.internal.DefaultFileLockManager] Waiting to acquire shared lock on daemon addresses registry.
2026-04-18T01:17:28.860+0530 [DEBUG] [org.gradle.cache.internal.DefaultFileLockManager] Lock acquired on daemon addresses registry.
2026-04-18T01:17:28.860+0530 [DEBUG] [org.gradle.cache.internal.DefaultFileLockManager] Releasing lock on daemon addresses registry.
2026-04-18T01:17:28.861+0530 [DEBUG] [org.gradle.cache.internal.DefaultFileLockManager] Waiting to acquire shared lock on daemon addresses registry.
2026-04-18T01:17:28.861+0530 [DEBUG] [org.gradle.cache.internal.DefaultFileLockManager] Lock acquired on daemon addresses registry.
2026-04-18T01:17:28.861+0530 [DEBUG] [org.gradle.cache.internal.DefaultFileLockManager] Releasing lock on daemon addresses registry.
2026-04-18T01:17:28.861+0530 [DEBUG] [org.gradle.launcher.daemon.server.Daemon] Finished periodic daemon health check.
2026-04-18T01:17:38.860+0530 [DEBUG] [org.gradle.launcher.daemon.server.Daemon] Starting periodic daemon health check.
2026-04-18T01:17:38.860+0530 [DEBUG] [org.gradle.cache.internal.DefaultFileLockManager] Waiting to acquire shared lock on daemon addresses registry.
2026-04-18T01:17:38.860+0530 [DEBUG] [org.gradle.cache.internal.DefaultFileLockManager] Lock acquired on daemon addresses registry.
2026-04-18T01:17:38.860+0530 [DEBUG] [org.gradle.cache.internal.DefaultFileLockManager] Releasing lock on daemon addresses registry.
2026-04-18T01:17:38.860+0530 [DEBUG] [org.gradle.cache.internal.DefaultFileLockManager] Waiting to acquire shared lock on daemon addresses registry.
2026-04-18T01:17:38.861+0530 [DEBUG] [org.gradle.cache.internal.DefaultFileLockManager] Lock acquired on daemon addresses registry.
2026-04-18T01:17:38.861+0530 [DEBUG] [org.gradle.cache.internal.DefaultFileLockManager] Releasing lock on daemon addresses registry.
2026-04-18T01:17:38.861+0530 [DEBUG] [org.gradle.launcher.daemon.server.Daemon] Finished periodic daemon health check.
2026-04-18T01:17:48.860+0530 [DEBUG] [org.gradle.launcher.daemon.server.Daemon] Starting periodic daemon health check.
2026-04-18T01:17:48.860+0530 [DEBUG] [org.gradle.cache.internal.DefaultFileLockManager] Waiting to acquire shared lock on daemon addresses registry.
2026-04-18T01:17:48.860+0530 [DEBUG] [org.gradle.cache.internal.DefaultFileLockManager] Lock acquired on daemon addresses registry.
2026-04-18T01:17:48.860+0530 [DEBUG] [org.gradle.cache.internal.DefaultFileLockManager] Releasing lock on daemon addresses registry.
2026-04-18T01:17:48.861+0530 [DEBUG] [org.gradle.cache.internal.DefaultFileLockManager] Waiting to acquire shared lock on daemon addresses registry.
2026-04-18T01:17:48.861+0530 [DEBUG] [org.gradle.cache.internal.DefaultFileLockManager] Lock acquired on daemon addresses registry.
2026-04-18T01:17:48.861+0530 [DEBUG] [org.gradle.cache.internal.DefaultFileLockManager] Releasing lock on daemon addresses registry.
2026-04-18T01:17:48.862+0530 [DEBUG] [org.gradle.launcher.daemon.server.Daemon] Finished periodic daemon health check.
2026-04-18T01:17:58.860+0530 [DEBUG] [org.gradle.launcher.daemon.server.Daemon] Starting periodic daemon health check.
2026-04-18T01:17:58.860+0530 [DEBUG] [org.gradle.cache.internal.DefaultFileLockManager] Waiting to acquire shared lock on daemon addresses registry.
2026-04-18T01:17:58.860+0530 [DEBUG] [org.gradle.cache.internal.DefaultFileLockManager] Lock acquired on daemon addresses registry.
2026-04-18T01:17:58.860+0530 [DEBUG] [org.gradle.cache.internal.DefaultFileLockManager] Releasing lock on daemon addresses registry.
2026-04-18T01:17:58.861+0530 [DEBUG] [org.gradle.cache.internal.DefaultFileLockManager] Waiting to acquire shared lock on daemon addresses registry.
2026-04-18T01:17:58.861+0530 [DEBUG] [org.gradle.cache.internal.DefaultFileLockManager] Lock acquired on daemon addresses registry.
2026-04-18T01:17:58.861+0530 [DEBUG] [org.gradle.cache.internal.DefaultFileLockManager] Releasing lock on daemon addresses registry.
2026-04-18T01:17:58.861+0530 [DEBUG] [org.gradle.launcher.daemon.server.Daemon] Finished periodic daemon health check.
2026-04-18T01:18:08.860+0530 [DEBUG] [org.gradle.launcher.daemon.server.Daemon] Starting periodic daemon health check.
2026-04-18T01:18:08.860+0530 [DEBUG] [org.gradle.cache.internal.DefaultFileLockManager] Waiting to acquire shared lock on daemon addresses registry.
2026-04-18T01:18:08.860+0530 [DEBUG] [org.gradle.cache.internal.DefaultFileLockManager] Lock acquired on daemon addresses registry.
2026-04-18T01:18:08.860+0530 [DEBUG] [org.gradle.cache.internal.DefaultFileLockManager] Releasing lock on daemon addresses registry.
2026-04-18T01:18:08.861+0530 [DEBUG] [org.gradle.cache.internal.DefaultFileLockManager] Waiting to acquire shared lock on daemon addresses registry.
2026-04-18T01:18:08.861+0530 [DEBUG] [org.gradle.cache.internal.DefaultFileLockManager] Lock acquired on daemon addresses registry.
2026-04-18T01:18:08.861+0530 [DEBUG] [org.gradle.cache.internal.DefaultFileLockManager] Releasing lock on daemon addresses registry.
2026-04-18T01:18:08.861+0530 [DEBUG] [org.gradle.launcher.daemon.server.Daemon] Finished periodic daemon health check.
2026-04-18T01:18:18.860+0530 [DEBUG] [org.gradle.launcher.daemon.server.Daemon] Starting periodic daemon health check.
2026-04-18T01:18:18.860+0530 [DEBUG] [org.gradle.cache.internal.DefaultFileLockManager] Waiting to acquire shared lock on daemon addresses registry.
2026-04-18T01:18:18.860+0530 [DEBUG] [org.gradle.cache.internal.DefaultFileLockManager] Lock acquired on daemon addresses registry.
2026-04-18T01:18:18.860+0530 [DEBUG] [org.gradle.cache.internal.DefaultFileLockManager] Releasing lock on daemon addresses registry.
2026-04-18T01:18:18.861+0530 [DEBUG] [org.gradle.cache.internal.DefaultFileLockManager] Waiting to acquire shared lock on daemon addresses registry.
2026-04-18T01:18:18.861+0530 [DEBUG] [org.gradle.cache.internal.DefaultFileLockManager] Lock acquired on daemon addresses registry.
2026-04-18T01:18:18.861+0530 [DEBUG] [org.gradle.cache.internal.DefaultFileLockManager] Releasing lock on daemon addresses registry.
2026-04-18T01:18:18.861+0530 [DEBUG] [org.gradle.launcher.daemon.server.Daemon] Finished periodic daemon health check.
2026-04-18T01:18:28.859+0530 [DEBUG] [org.gradle.launcher.daemon.server.Daemon] Starting periodic daemon health check.
2026-04-18T01:18:28.860+0530 [DEBUG] [org.gradle.cache.internal.DefaultFileLockManager] Waiting to acquire shared lock on daemon addresses registry.
2026-04-18T01:18:28.860+0530 [DEBUG] [org.gradle.cache.internal.DefaultFileLockManager] Lock acquired on daemon addresses registry.
2026-04-18T01:18:28.860+0530 [DEBUG] [org.gradle.cache.internal.DefaultFileLockManager] Releasing lock on daemon addresses registry.
2026-04-18T01:18:28.860+0530 [DEBUG] [org.gradle.cache.internal.DefaultFileLockManager] Waiting to acquire shared lock on daemon addresses registry.
2026-04-18T01:18:28.861+0530 [DEBUG] [org.gradle.cache.internal.DefaultFileLockManager] Lock acquired on daemon addresses registry.
2026-04-18T01:18:28.861+0530 [DEBUG] [org.gradle.cache.internal.DefaultFileLockManager] Releasing lock on daemon addresses registry.
2026-04-18T01:18:28.861+0530 [DEBUG] [org.gradle.launcher.daemon.server.Daemon] Finished periodic daemon health check.
2026-04-18T01:18:38.860+0530 [DEBUG] [org.gradle.launcher.daemon.server.Daemon] Starting periodic daemon health check.
2026-04-18T01:18:38.860+0530 [DEBUG] [org.gradle.cache.internal.DefaultFileLockManager] Waiting to acquire shared lock on daemon addresses registry.
2026-04-18T01:18:38.860+0530 [DEBUG] [org.gradle.cache.internal.DefaultFileLockManager] Lock acquired on daemon addresses registry.
2026-04-18T01:18:38.860+0530 [DEBUG] [org.gradle.cache.internal.DefaultFileLockManager] Releasing lock on daemon addresses registry.
2026-04-18T01:18:38.861+0530 [DEBUG] [org.gradle.cache.internal.DefaultFileLockManager] Waiting to acquire shared lock on daemon addresses registry.
2026-04-18T01:18:38.861+0530 [DEBUG] [org.gradle.cache.internal.DefaultFileLockManager] Lock acquired on daemon addresses registry.
2026-04-18T01:18:38.861+0530 [DEBUG] [org.gradle.cache.internal.DefaultFileLockManager] Releasing lock on daemon addresses registry.
2026-04-18T01:18:38.861+0530 [DEBUG] [org.gradle.launcher.daemon.server.Daemon] Finished periodic daemon health check.
2026-04-18T01:18:48.860+0530 [DEBUG] [org.gradle.launcher.daemon.server.Daemon] Starting periodic daemon health check.
2026-04-18T01:18:48.860+0530 [DEBUG] [org.gradle.cache.internal.DefaultFileLockManager] Waiting to acquire shared lock on daemon addresses registry.
2026-04-18T01:18:48.860+0530 [DEBUG] [org.gradle.cache.internal.DefaultFileLockManager] Lock acquired on daemon addresses registry.
2026-04-18T01:18:48.860+0530 [DEBUG] [org.gradle.cache.internal.DefaultFileLockManager] Releasing lock on daemon addresses registry.
2026-04-18T01:18:48.860+0530 [DEBUG] [org.gradle.cache.internal.DefaultFileLockManager] Waiting to acquire shared lock on daemon addresses registry.
2026-04-18T01:18:48.860+0530 [DEBUG] [org.gradle.cache.internal.DefaultFileLockManager] Lock acquired on daemon addresses registry.
2026-04-18T01:18:48.861+0530 [DEBUG] [org.gradle.cache.internal.DefaultFileLockManager] Releasing lock on daemon addresses registry.
2026-04-18T01:18:48.861+0530 [DEBUG] [org.gradle.launcher.daemon.server.Daemon] Finished periodic daemon health check.
2026-04-18T01:18:58.862+0530 [DEBUG] [org.gradle.launcher.daemon.server.Daemon] Starting periodic daemon health check.
2026-04-18T01:18:58.862+0530 [DEBUG] [org.gradle.cache.internal.DefaultFileLockManager] Waiting to acquire shared lock on daemon addresses registry.
2026-04-18T01:18:58.862+0530 [DEBUG] [org.gradle.cache.internal.DefaultFileLockManager] Lock acquired on daemon addresses registry.
2026-04-18T01:18:58.863+0530 [DEBUG] [org.gradle.cache.internal.DefaultFileLockManager] Releasing lock on daemon addresses registry.
2026-04-18T01:18:58.863+0530 [DEBUG] [org.gradle.cache.internal.DefaultFileLockManager] Waiting to acquire shared lock on daemon addresses registry.
2026-04-18T01:18:58.863+0530 [DEBUG] [org.gradle.cache.internal.DefaultFileLockManager] Lock acquired on daemon addresses registry.
2026-04-18T01:18:58.863+0530 [DEBUG] [org.gradle.cache.internal.DefaultFileLockManager] Releasing lock on daemon addresses registry.
2026-04-18T01:18:58.863+0530 [DEBUG] [org.gradle.launcher.daemon.server.Daemon] Finished periodic daemon health check.
2026-04-18T01:19:08.860+0530 [DEBUG] [org.gradle.launcher.daemon.server.Daemon] Starting periodic daemon health check.
2026-04-18T01:19:08.860+0530 [DEBUG] [org.gradle.cache.internal.DefaultFileLockManager] Waiting to acquire shared lock on daemon addresses registry.
2026-04-18T01:19:08.860+0530 [DEBUG] [org.gradle.cache.internal.DefaultFileLockManager] Lock acquired on daemon addresses registry.
2026-04-18T01:19:08.860+0530 [DEBUG] [org.gradle.cache.internal.DefaultFileLockManager] Releasing lock on daemon addresses registry.
2026-04-18T01:19:08.860+0530 [DEBUG] [org.gradle.cache.internal.DefaultFileLockManager] Waiting to acquire shared lock on daemon addresses registry.
2026-04-18T01:19:08.860+0530 [DEBUG] [org.gradle.cache.internal.DefaultFileLockManager] Lock acquired on daemon addresses registry.
2026-04-18T01:19:08.860+0530 [DEBUG] [org.gradle.cache.internal.DefaultFileLockManager] Releasing lock on daemon addresses registry.
2026-04-18T01:19:08.860+0530 [DEBUG] [org.gradle.launcher.daemon.server.Daemon] Finished periodic daemon health check.
2026-04-18T01:19:18.860+0530 [DEBUG] [org.gradle.launcher.daemon.server.Daemon] Starting periodic daemon health check.
2026-04-18T01:19:18.860+0530 [DEBUG] [org.gradle.cache.internal.DefaultFileLockManager] Waiting to acquire shared lock on daemon addresses registry.
2026-04-18T01:19:18.860+0530 [DEBUG] [org.gradle.cache.internal.DefaultFileLockManager] Lock acquired on daemon addresses registry.
2026-04-18T01:19:18.860+0530 [DEBUG] [org.gradle.cache.internal.DefaultFileLockManager] Releasing lock on daemon addresses registry.
2026-04-18T01:19:18.860+0530 [DEBUG] [org.gradle.cache.internal.DefaultFileLockManager] Waiting to acquire shared lock on daemon addresses registry.
2026-04-18T01:19:18.860+0530 [DEBUG] [org.gradle.cache.internal.DefaultFileLockManager] Lock acquired on daemon addresses registry.
2026-04-18T01:19:18.860+0530 [DEBUG] [org.gradle.cache.internal.DefaultFileLockManager] Releasing lock on daemon addresses registry.
2026-04-18T01:19:18.860+0530 [DEBUG] [org.gradle.launcher.daemon.server.Daemon] Finished periodic daemon health check.
2026-04-18T01:19:28.860+0530 [DEBUG] [org.gradle.launcher.daemon.server.Daemon] Starting periodic daemon health check.
2026-04-18T01:19:28.860+0530 [DEBUG] [org.gradle.cache.internal.DefaultFileLockManager] Waiting to acquire shared lock on daemon addresses registry.
2026-04-18T01:19:28.860+0530 [DEBUG] [org.gradle.cache.internal.DefaultFileLockManager] Lock acquired on daemon addresses registry.
2026-04-18T01:19:28.860+0530 [DEBUG] [org.gradle.cache.internal.DefaultFileLockManager] Releasing lock on daemon addresses registry.
2026-04-18T01:19:28.861+0530 [DEBUG] [org.gradle.cache.internal.DefaultFileLockManager] Waiting to acquire shared lock on daemon addresses registry.
2026-04-18T01:19:28.861+0530 [DEBUG] [org.gradle.cache.internal.DefaultFileLockManager] Lock acquired on daemon addresses registry.
2026-04-18T01:19:28.861+0530 [DEBUG] [org.gradle.cache.internal.DefaultFileLockManager] Releasing lock on daemon addresses registry.
2026-04-18T01:19:28.861+0530 [DEBUG] [org.gradle.launcher.daemon.server.Daemon] Finished periodic daemon health check.
2026-04-18T01:19:38.860+0530 [DEBUG] [org.gradle.launcher.daemon.server.Daemon] Starting periodic daemon health check.
2026-04-18T01:19:38.860+0530 [DEBUG] [org.gradle.cache.internal.DefaultFileLockManager] Waiting to acquire shared lock on daemon addresses registry.
2026-04-18T01:19:38.860+0530 [DEBUG] [org.gradle.cache.internal.DefaultFileLockManager] Lock acquired on daemon addresses registry.
2026-04-18T01:19:38.860+0530 [DEBUG] [org.gradle.cache.internal.DefaultFileLockManager] Releasing lock on daemon addresses registry.
2026-04-18T01:19:38.860+0530 [DEBUG] [org.gradle.cache.internal.DefaultFileLockManager] Waiting to acquire shared lock on daemon addresses registry.
2026-04-18T01:19:38.860+0530 [DEBUG] [org.gradle.cache.internal.DefaultFileLockManager] Lock acquired on daemon addresses registry.
2026-04-18T01:19:38.860+0530 [DEBUG] [org.gradle.cache.internal.DefaultFileLockManager] Releasing lock on daemon addresses registry.
2026-04-18T01:19:38.861+0530 [DEBUG] [org.gradle.launcher.daemon.server.Daemon] Finished periodic daemon health check.
2026-04-18T01:19:48.860+0530 [DEBUG] [org.gradle.launcher.daemon.server.Daemon] Starting periodic daemon health check.
2026-04-18T01:19:48.860+0530 [DEBUG] [org.gradle.cache.internal.DefaultFileLockManager] Waiting to acquire shared lock on daemon addresses registry.
2026-04-18T01:19:48.860+0530 [DEBUG] [org.gradle.cache.internal.DefaultFileLockManager] Lock acquired on daemon addresses registry.
2026-04-18T01:19:48.860+0530 [DEBUG] [org.gradle.cache.internal.DefaultFileLockManager] Releasing lock on daemon addresses registry.
2026-04-18T01:19:48.860+0530 [DEBUG] [org.gradle.cache.internal.DefaultFileLockManager] Waiting to acquire shared lock on daemon addresses registry.
2026-04-18T01:19:48.860+0530 [DEBUG] [org.gradle.cache.internal.DefaultFileLockManager] Lock acquired on daemon addresses registry.
2026-04-18T01:19:48.861+0530 [DEBUG] [org.gradle.cache.internal.DefaultFileLockManager] Releasing lock on daemon addresses registry.
2026-04-18T01:19:48.861+0530 [DEBUG] [org.gradle.launcher.daemon.server.Daemon] Finished periodic daemon health check.
2026-04-18T01:19:58.860+0530 [DEBUG] [org.gradle.launcher.daemon.server.Daemon] Starting periodic daemon health check.
2026-04-18T01:19:58.860+0530 [DEBUG] [org.gradle.cache.internal.DefaultFileLockManager] Waiting to acquire shared lock on daemon addresses registry.
2026-04-18T01:19:58.860+0530 [DEBUG] [org.gradle.cache.internal.DefaultFileLockManager] Lock acquired on daemon addresses registry.
2026-04-18T01:19:58.860+0530 [DEBUG] [org.gradle.cache.internal.DefaultFileLockManager] Releasing lock on daemon addresses registry.
2026-04-18T01:19:58.860+0530 [DEBUG] [org.gradle.cache.internal.DefaultFileLockManager] Waiting to acquire shared lock on daemon addresses registry.
2026-04-18T01:19:58.860+0530 [DEBUG] [org.gradle.cache.internal.DefaultFileLockManager] Lock acquired on daemon addresses registry.
2026-04-18T01:19:58.861+0530 [DEBUG] [org.gradle.cache.internal.DefaultFileLockManager] Releasing lock on daemon addresses registry.
2026-04-18T01:19:58.861+0530 [DEBUG] [org.gradle.launcher.daemon.server.Daemon] Finished periodic daemon health check.
2026-04-18T01:20:08.860+0530 [DEBUG] [org.gradle.launcher.daemon.server.Daemon] Starting periodic daemon health check.
2026-04-18T01:20:08.860+0530 [DEBUG] [org.gradle.cache.internal.DefaultFileLockManager] Waiting to acquire shared lock on daemon addresses registry.
2026-04-18T01:20:08.860+0530 [DEBUG] [org.gradle.cache.internal.DefaultFileLockManager] Lock acquired on daemon addresses registry.
2026-04-18T01:20:08.860+0530 [DEBUG] [org.gradle.cache.internal.DefaultFileLockManager] Releasing lock on daemon addresses registry.
2026-04-18T01:20:08.860+0530 [DEBUG] [org.gradle.cache.internal.DefaultFileLockManager] Waiting to acquire shared lock on daemon addresses registry.
2026-04-18T01:20:08.860+0530 [DEBUG] [org.gradle.cache.internal.DefaultFileLockManager] Lock acquired on daemon addresses registry.
2026-04-18T01:20:08.860+0530 [DEBUG] [org.gradle.cache.internal.DefaultFileLockManager] Releasing lock on daemon addresses registry.
2026-04-18T01:20:08.861+0530 [DEBUG] [org.gradle.launcher.daemon.server.Daemon] Finished periodic daemon health check.
2026-04-18T01:20:18.860+0530 [DEBUG] [org.gradle.launcher.daemon.server.Daemon] Starting periodic daemon health check.
2026-04-18T01:20:18.860+0530 [DEBUG] [org.gradle.cache.internal.DefaultFileLockManager] Waiting to acquire shared lock on daemon addresses registry.
2026-04-18T01:20:18.860+0530 [DEBUG] [org.gradle.cache.internal.DefaultFileLockManager] Lock acquired on daemon addresses registry.
2026-04-18T01:20:18.860+0530 [DEBUG] [org.gradle.cache.internal.DefaultFileLockManager] Releasing lock on daemon addresses registry.
2026-04-18T01:20:18.860+0530 [DEBUG] [org.gradle.cache.internal.DefaultFileLockManager] Waiting to acquire shared lock on daemon addresses registry.
2026-04-18T01:20:18.860+0530 [DEBUG] [org.gradle.cache.internal.DefaultFileLockManager] Lock acquired on daemon addresses registry.
2026-04-18T01:20:18.861+0530 [DEBUG] [org.gradle.cache.internal.DefaultFileLockManager] Releasing lock on daemon addresses registry.
2026-04-18T01:20:18.861+0530 [DEBUG] [org.gradle.launcher.daemon.server.Daemon] Finished periodic daemon health check.
2026-04-18T01:20:28.860+0530 [DEBUG] [org.gradle.launcher.daemon.server.Daemon] Starting periodic daemon health check.
2026-04-18T01:20:28.860+0530 [DEBUG] [org.gradle.cache.internal.DefaultFileLockManager] Waiting to acquire shared lock on daemon addresses registry.
2026-04-18T01:20:28.860+0530 [DEBUG] [org.gradle.cache.internal.DefaultFileLockManager] Lock acquired on daemon addresses registry.
2026-04-18T01:20:28.860+0530 [DEBUG] [org.gradle.cache.internal.DefaultFileLockManager] Releasing lock on daemon addresses registry.
2026-04-18T01:20:28.860+0530 [DEBUG] [org.gradle.cache.internal.DefaultFileLockManager] Waiting to acquire shared lock on daemon addresses registry.
2026-04-18T01:20:28.860+0530 [DEBUG] [org.gradle.cache.internal.DefaultFileLockManager] Lock acquired on daemon addresses registry.
2026-04-18T01:20:28.860+0530 [DEBUG] [org.gradle.cache.internal.DefaultFileLockManager] Releasing lock on daemon addresses registry.
2026-04-18T01:20:28.861+0530 [DEBUG] [org.gradle.launcher.daemon.server.Daemon] Finished periodic daemon health check.
2026-04-18T01:20:38.859+0530 [DEBUG] [org.gradle.launcher.daemon.server.Daemon] Starting periodic daemon health check.
2026-04-18T01:20:38.860+0530 [DEBUG] [org.gradle.cache.internal.DefaultFileLockManager] Waiting to acquire shared lock on daemon addresses registry.
2026-04-18T01:20:38.860+0530 [DEBUG] [org.gradle.cache.internal.DefaultFileLockManager] Lock acquired on daemon addresses registry.
2026-04-18T01:20:38.860+0530 [DEBUG] [org.gradle.cache.internal.DefaultFileLockManager] Releasing lock on daemon addresses registry.
2026-04-18T01:20:38.860+0530 [DEBUG] [org.gradle.cache.internal.DefaultFileLockManager] Waiting to acquire shared lock on daemon addresses registry.
2026-04-18T01:20:38.860+0530 [DEBUG] [org.gradle.cache.internal.DefaultFileLockManager] Lock acquired on daemon addresses registry.
2026-04-18T01:20:38.860+0530 [DEBUG] [org.gradle.cache.internal.DefaultFileLockManager] Releasing lock on daemon addresses registry.
2026-04-18T01:20:38.860+0530 [DEBUG] [org.gradle.launcher.daemon.server.Daemon] Finished periodic daemon health check.
2026-04-18T01:20:48.860+0530 [DEBUG] [org.gradle.launcher.daemon.server.Daemon] Starting periodic daemon health check.
2026-04-18T01:20:48.860+0530 [DEBUG] [org.gradle.cache.internal.DefaultFileLockManager] Waiting to acquire shared lock on daemon addresses registry.
2026-04-18T01:20:48.860+0530 [DEBUG] [org.gradle.cache.internal.DefaultFileLockManager] Lock acquired on daemon addresses registry.
2026-04-18T01:20:48.860+0530 [DEBUG] [org.gradle.cache.internal.DefaultFileLockManager] Releasing lock on daemon addresses registry.
2026-04-18T01:20:48.860+0530 [DEBUG] [org.gradle.cache.internal.DefaultFileLockManager] Waiting to acquire shared lock on daemon addresses registry.
2026-04-18T01:20:48.861+0530 [DEBUG] [org.gradle.cache.internal.DefaultFileLockManager] Lock acquired on daemon addresses registry.
2026-04-18T01:20:48.861+0530 [DEBUG] [org.gradle.cache.internal.DefaultFileLockManager] Releasing lock on daemon addresses registry.
2026-04-18T01:20:48.861+0530 [DEBUG] [org.gradle.launcher.daemon.server.Daemon] Finished periodic daemon health check.
2026-04-18T01:20:58.860+0530 [DEBUG] [org.gradle.launcher.daemon.server.Daemon] Starting periodic daemon health check.
2026-04-18T01:20:58.860+0530 [DEBUG] [org.gradle.cache.internal.DefaultFileLockManager] Waiting to acquire shared lock on daemon addresses registry.
2026-04-18T01:20:58.860+0530 [DEBUG] [org.gradle.cache.internal.DefaultFileLockManager] Lock acquired on daemon addresses registry.
2026-04-18T01:20:58.860+0530 [DEBUG] [org.gradle.cache.internal.DefaultFileLockManager] Releasing lock on daemon addresses registry.
2026-04-18T01:20:58.860+0530 [DEBUG] [org.gradle.cache.internal.DefaultFileLockManager] Waiting to acquire shared lock on daemon addresses registry.
2026-04-18T01:20:58.861+0530 [DEBUG] [org.gradle.cache.internal.DefaultFileLockManager] Lock acquired on daemon addresses registry.
2026-04-18T01:20:58.861+0530 [DEBUG] [org.gradle.cache.internal.DefaultFileLockManager] Releasing lock on daemon addresses registry.
2026-04-18T01:20:58.861+0530 [DEBUG] [org.gradle.launcher.daemon.server.Daemon] Finished periodic daemon health check.
2026-04-18T01:21:08.860+0530 [DEBUG] [org.gradle.launcher.daemon.server.Daemon] Starting periodic daemon health check.
2026-04-18T01:21:08.860+0530 [DEBUG] [org.gradle.cache.internal.DefaultFileLockManager] Waiting to acquire shared lock on daemon addresses registry.
2026-04-18T01:21:08.860+0530 [DEBUG] [org.gradle.cache.internal.DefaultFileLockManager] Lock acquired on daemon addresses registry.
2026-04-18T01:21:08.860+0530 [DEBUG] [org.gradle.cache.internal.DefaultFileLockManager] Releasing lock on daemon addresses registry.
2026-04-18T01:21:08.860+0530 [DEBUG] [org.gradle.cache.internal.DefaultFileLockManager] Waiting to acquire shared lock on daemon addresses registry.
2026-04-18T01:21:08.860+0530 [DEBUG] [org.gradle.cache.internal.DefaultFileLockManager] Lock acquired on daemon addresses registry.
2026-04-18T01:21:08.860+0530 [DEBUG] [org.gradle.cache.internal.DefaultFileLockManager] Releasing lock on daemon addresses registry.
2026-04-18T01:21:08.860+0530 [DEBUG] [org.gradle.launcher.daemon.server.Daemon] Finished periodic daemon health check.
2026-04-18T01:21:18.860+0530 [DEBUG] [org.gradle.launcher.daemon.server.Daemon] Starting periodic daemon health check.
2026-04-18T01:21:18.860+0530 [DEBUG] [org.gradle.cache.internal.DefaultFileLockManager] Waiting to acquire shared lock on daemon addresses registry.
2026-04-18T01:21:18.860+0530 [DEBUG] [org.gradle.cache.internal.DefaultFileLockManager] Lock acquired on daemon addresses registry.
2026-04-18T01:21:18.860+0530 [DEBUG] [org.gradle.cache.internal.DefaultFileLockManager] Releasing lock on daemon addresses registry.
2026-04-18T01:21:18.860+0530 [DEBUG] [org.gradle.cache.internal.DefaultFileLockManager] Waiting to acquire shared lock on daemon addresses registry.
2026-04-18T01:21:18.860+0530 [DEBUG] [org.gradle.cache.internal.DefaultFileLockManager] Lock acquired on daemon addresses registry.
2026-04-18T01:21:18.860+0530 [DEBUG] [org.gradle.cache.internal.DefaultFileLockManager] Releasing lock on daemon addresses registry.
2026-04-18T01:21:18.860+0530 [DEBUG] [org.gradle.launcher.daemon.server.Daemon] Finished periodic daemon health check.
2026-04-18T01:21:28.860+0530 [DEBUG] [org.gradle.launcher.daemon.server.Daemon] Starting periodic daemon health check.
2026-04-18T01:21:28.860+0530 [DEBUG] [org.gradle.cache.internal.DefaultFileLockManager] Waiting to acquire shared lock on daemon addresses registry.
2026-04-18T01:21:28.860+0530 [DEBUG] [org.gradle.cache.internal.DefaultFileLockManager] Lock acquired on daemon addresses registry.
2026-04-18T01:21:28.860+0530 [DEBUG] [org.gradle.cache.internal.DefaultFileLockManager] Releasing lock on daemon addresses registry.
2026-04-18T01:21:28.860+0530 [DEBUG] [org.gradle.cache.internal.DefaultFileLockManager] Waiting to acquire shared lock on daemon addresses registry.
2026-04-18T01:21:28.861+0530 [DEBUG] [org.gradle.cache.internal.DefaultFileLockManager] Lock acquired on daemon addresses registry.
2026-04-18T01:21:28.861+0530 [DEBUG] [org.gradle.cache.internal.DefaultFileLockManager] Releasing lock on daemon addresses registry.
2026-04-18T01:21:28.861+0530 [DEBUG] [org.gradle.launcher.daemon.server.Daemon] Finished periodic daemon health check.
2026-04-18T01:21:38.860+0530 [DEBUG] [org.gradle.launcher.daemon.server.Daemon] Starting periodic daemon health check.
2026-04-18T01:21:38.860+0530 [DEBUG] [org.gradle.cache.internal.DefaultFileLockManager] Waiting to acquire shared lock on daemon addresses registry.
2026-04-18T01:21:38.860+0530 [DEBUG] [org.gradle.cache.internal.DefaultFileLockManager] Lock acquired on daemon addresses registry.
2026-04-18T01:21:38.860+0530 [DEBUG] [org.gradle.cache.internal.DefaultFileLockManager] Releasing lock on daemon addresses registry.
2026-04-18T01:21:38.860+0530 [DEBUG] [org.gradle.cache.internal.DefaultFileLockManager] Waiting to acquire shared lock on daemon addresses registry.
2026-04-18T01:21:38.860+0530 [DEBUG] [org.gradle.cache.internal.DefaultFileLockManager] Lock acquired on daemon addresses registry.
2026-04-18T01:21:38.861+0530 [DEBUG] [org.gradle.cache.internal.DefaultFileLockManager] Releasing lock on daemon addresses registry.
2026-04-18T01:21:38.861+0530 [DEBUG] [org.gradle.launcher.daemon.server.Daemon] Finished periodic daemon health check.
2026-04-18T01:21:48.860+0530 [DEBUG] [org.gradle.launcher.daemon.server.Daemon] Starting periodic daemon health check.
2026-04-18T01:21:48.860+0530 [DEBUG] [org.gradle.cache.internal.DefaultFileLockManager] Waiting to acquire shared lock on daemon addresses registry.
2026-04-18T01:21:48.860+0530 [DEBUG] [org.gradle.cache.internal.DefaultFileLockManager] Lock acquired on daemon addresses registry.
2026-04-18T01:21:48.860+0530 [DEBUG] [org.gradle.cache.internal.DefaultFileLockManager] Releasing lock on daemon addresses registry.
2026-04-18T01:21:48.861+0530 [DEBUG] [org.gradle.cache.internal.DefaultFileLockManager] Waiting to acquire shared lock on daemon addresses registry.
2026-04-18T01:21:48.861+0530 [DEBUG] [org.gradle.cache.internal.DefaultFileLockManager] Lock acquired on daemon addresses registry.
2026-04-18T01:21:48.861+0530 [DEBUG] [org.gradle.cache.internal.DefaultFileLockManager] Releasing lock on daemon addresses registry.
2026-04-18T01:21:48.861+0530 [DEBUG] [org.gradle.launcher.daemon.server.Daemon] Finished periodic daemon health check.
2026-04-18T01:21:58.860+0530 [DEBUG] [org.gradle.launcher.daemon.server.Daemon] Starting periodic daemon health check.
2026-04-18T01:21:58.860+0530 [DEBUG] [org.gradle.cache.internal.DefaultFileLockManager] Waiting to acquire shared lock on daemon addresses registry.
2026-04-18T01:21:58.860+0530 [DEBUG] [org.gradle.cache.internal.DefaultFileLockManager] Lock acquired on daemon addresses registry.
2026-04-18T01:21:58.860+0530 [DEBUG] [org.gradle.cache.internal.DefaultFileLockManager] Releasing lock on daemon addresses registry.
2026-04-18T01:21:58.860+0530 [DEBUG] [org.gradle.cache.internal.DefaultFileLockManager] Waiting to acquire shared lock on daemon addresses registry.
2026-04-18T01:21:58.860+0530 [DEBUG] [org.gradle.cache.internal.DefaultFileLockManager] Lock acquired on daemon addresses registry.
2026-04-18T01:21:58.860+0530 [DEBUG] [org.gradle.cache.internal.DefaultFileLockManager] Releasing lock on daemon addresses registry.
2026-04-18T01:21:58.860+0530 [DEBUG] [org.gradle.launcher.daemon.server.Daemon] Finished periodic daemon health check.
2026-04-18T01:22:08.860+0530 [DEBUG] [org.gradle.launcher.daemon.server.Daemon] Starting periodic daemon health check.
2026-04-18T01:22:08.860+0530 [DEBUG] [org.gradle.cache.internal.DefaultFileLockManager] Waiting to acquire shared lock on daemon addresses registry.
2026-04-18T01:22:08.860+0530 [DEBUG] [org.gradle.cache.internal.DefaultFileLockManager] Lock acquired on daemon addresses registry.
2026-04-18T01:22:08.861+0530 [DEBUG] [org.gradle.cache.internal.DefaultFileLockManager] Releasing lock on daemon addresses registry.
2026-04-18T01:22:08.861+0530 [DEBUG] [org.gradle.cache.internal.DefaultFileLockManager] Waiting to acquire shared lock on daemon addresses registry.
2026-04-18T01:22:08.861+0530 [DEBUG] [org.gradle.cache.internal.DefaultFileLockManager] Lock acquired on daemon addresses registry.
2026-04-18T01:22:08.861+0530 [DEBUG] [org.gradle.cache.internal.DefaultFileLockManager] Releasing lock on daemon addresses registry.
2026-04-18T01:22:08.862+0530 [DEBUG] [org.gradle.launcher.daemon.server.Daemon] Finished periodic daemon health check.
2026-04-18T01:22:18.860+0530 [DEBUG] [org.gradle.launcher.daemon.server.Daemon] Starting periodic daemon health check.
2026-04-18T01:22:18.860+0530 [DEBUG] [org.gradle.cache.internal.DefaultFileLockManager] Waiting to acquire shared lock on daemon addresses registry.
2026-04-18T01:22:18.860+0530 [DEBUG] [org.gradle.cache.internal.DefaultFileLockManager] Lock acquired on daemon addresses registry.
2026-04-18T01:22:18.860+0530 [DEBUG] [org.gradle.cache.internal.DefaultFileLockManager] Releasing lock on daemon addresses registry.
2026-04-18T01:22:18.860+0530 [DEBUG] [org.gradle.cache.internal.DefaultFileLockManager] Waiting to acquire shared lock on daemon addresses registry.
2026-04-18T01:22:18.861+0530 [DEBUG] [org.gradle.cache.internal.DefaultFileLockManager] Lock acquired on daemon addresses registry.
2026-04-18T01:22:18.861+0530 [DEBUG] [org.gradle.cache.internal.DefaultFileLockManager] Releasing lock on daemon addresses registry.
2026-04-18T01:22:18.861+0530 [DEBUG] [org.gradle.launcher.daemon.server.Daemon] Finished periodic daemon health check.
2026-04-18T01:22:28.860+0530 [DEBUG] [org.gradle.launcher.daemon.server.Daemon] Starting periodic daemon health check.
2026-04-18T01:22:28.860+0530 [DEBUG] [org.gradle.cache.internal.DefaultFileLockManager] Waiting to acquire shared lock on daemon addresses registry.
2026-04-18T01:22:28.860+0530 [DEBUG] [org.gradle.cache.internal.DefaultFileLockManager] Lock acquired on daemon addresses registry.
2026-04-18T01:22:28.860+0530 [DEBUG] [org.gradle.cache.internal.DefaultFileLockManager] Releasing lock on daemon addresses registry.
2026-04-18T01:22:28.860+0530 [DEBUG] [org.gradle.cache.internal.DefaultFileLockManager] Waiting to acquire shared lock on daemon addresses registry.
2026-04-18T01:22:28.861+0530 [DEBUG] [org.gradle.cache.internal.DefaultFileLockManager] Lock acquired on daemon addresses registry.
2026-04-18T01:22:28.861+0530 [DEBUG] [org.gradle.cache.internal.DefaultFileLockManager] Releasing lock on daemon addresses registry.
2026-04-18T01:22:28.861+0530 [DEBUG] [org.gradle.launcher.daemon.server.Daemon] Finished periodic daemon health check.
2026-04-18T01:22:38.860+0530 [DEBUG] [org.gradle.launcher.daemon.server.Daemon] Starting periodic daemon health check.
2026-04-18T01:22:38.860+0530 [DEBUG] [org.gradle.cache.internal.DefaultFileLockManager] Waiting to acquire shared lock on daemon addresses registry.
2026-04-18T01:22:38.860+0530 [DEBUG] [org.gradle.cache.internal.DefaultFileLockManager] Lock acquired on daemon addresses registry.
2026-04-18T01:22:38.860+0530 [DEBUG] [org.gradle.cache.internal.DefaultFileLockManager] Releasing lock on daemon addresses registry.
2026-04-18T01:22:38.860+0530 [DEBUG] [org.gradle.cache.internal.DefaultFileLockManager] Waiting to acquire shared lock on daemon addresses registry.
2026-04-18T01:22:38.860+0530 [DEBUG] [org.gradle.cache.internal.DefaultFileLockManager] Lock acquired on daemon addresses registry.
2026-04-18T01:22:38.861+0530 [DEBUG] [org.gradle.cache.internal.DefaultFileLockManager] Releasing lock on daemon addresses registry.
2026-04-18T01:22:38.861+0530 [DEBUG] [org.gradle.launcher.daemon.server.Daemon] Finished periodic daemon health check.
2026-04-18T01:22:48.860+0530 [DEBUG] [org.gradle.launcher.daemon.server.Daemon] Starting periodic daemon health check.
2026-04-18T01:22:48.860+0530 [DEBUG] [org.gradle.cache.internal.DefaultFileLockManager] Waiting to acquire shared lock on daemon addresses registry.
2026-04-18T01:22:48.860+0530 [DEBUG] [org.gradle.cache.internal.DefaultFileLockManager] Lock acquired on daemon addresses registry.
2026-04-18T01:22:48.861+0530 [DEBUG] [org.gradle.cache.internal.DefaultFileLockManager] Releasing lock on daemon addresses registry.
2026-04-18T01:22:48.861+0530 [DEBUG] [org.gradle.cache.internal.DefaultFileLockManager] Waiting to acquire shared lock on daemon addresses registry.
2026-04-18T01:22:48.861+0530 [DEBUG] [org.gradle.cache.internal.DefaultFileLockManager] Lock acquired on daemon addresses registry.
2026-04-18T01:22:48.861+0530 [DEBUG] [org.gradle.cache.internal.DefaultFileLockManager] Releasing lock on daemon addresses registry.
2026-04-18T01:22:48.862+0530 [DEBUG] [org.gradle.launcher.daemon.server.Daemon] Finished periodic daemon health check.
2026-04-18T01:22:58.860+0530 [DEBUG] [org.gradle.launcher.daemon.server.Daemon] Starting periodic daemon health check.
2026-04-18T01:22:58.860+0530 [DEBUG] [org.gradle.cache.internal.DefaultFileLockManager] Waiting to acquire shared lock on daemon addresses registry.
2026-04-18T01:22:58.860+0530 [DEBUG] [org.gradle.cache.internal.DefaultFileLockManager] Lock acquired on daemon addresses registry.
2026-04-18T01:22:58.860+0530 [DEBUG] [org.gradle.cache.internal.DefaultFileLockManager] Releasing lock on daemon addresses registry.
2026-04-18T01:22:58.860+0530 [DEBUG] [org.gradle.cache.internal.DefaultFileLockManager] Waiting to acquire shared lock on daemon addresses registry.
2026-04-18T01:22:58.860+0530 [DEBUG] [org.gradle.cache.internal.DefaultFileLockManager] Lock acquired on daemon addresses registry.
2026-04-18T01:22:58.860+0530 [DEBUG] [org.gradle.cache.internal.DefaultFileLockManager] Releasing lock on daemon addresses registry.
2026-04-18T01:22:58.861+0530 [DEBUG] [org.gradle.launcher.daemon.server.Daemon] Finished periodic daemon health check.
2026-04-18T01:23:08.860+0530 [DEBUG] [org.gradle.launcher.daemon.server.Daemon] Starting periodic daemon health check.
2026-04-18T01:23:08.860+0530 [DEBUG] [org.gradle.cache.internal.DefaultFileLockManager] Waiting to acquire shared lock on daemon addresses registry.
2026-04-18T01:23:08.860+0530 [DEBUG] [org.gradle.cache.internal.DefaultFileLockManager] Lock acquired on daemon addresses registry.
2026-04-18T01:23:08.860+0530 [DEBUG] [org.gradle.cache.internal.DefaultFileLockManager] Releasing lock on daemon addresses registry.
2026-04-18T01:23:08.860+0530 [DEBUG] [org.gradle.cache.internal.DefaultFileLockManager] Waiting to acquire shared lock on daemon addresses registry.
2026-04-18T01:23:08.861+0530 [DEBUG] [org.gradle.cache.internal.DefaultFileLockManager] Lock acquired on daemon addresses registry.
2026-04-18T01:23:08.861+0530 [DEBUG] [org.gradle.cache.internal.DefaultFileLockManager] Releasing lock on daemon addresses registry.
2026-04-18T01:23:08.861+0530 [DEBUG] [org.gradle.launcher.daemon.server.Daemon] Finished periodic daemon health check.
2026-04-18T01:23:18.860+0530 [DEBUG] [org.gradle.launcher.daemon.server.Daemon] Starting periodic daemon health check.
2026-04-18T01:23:18.860+0530 [DEBUG] [org.gradle.cache.internal.DefaultFileLockManager] Waiting to acquire shared lock on daemon addresses registry.
2026-04-18T01:23:18.860+0530 [DEBUG] [org.gradle.cache.internal.DefaultFileLockManager] Lock acquired on daemon addresses registry.
2026-04-18T01:23:18.860+0530 [DEBUG] [org.gradle.cache.internal.DefaultFileLockManager] Releasing lock on daemon addresses registry.
2026-04-18T01:23:18.860+0530 [DEBUG] [org.gradle.cache.internal.DefaultFileLockManager] Waiting to acquire shared lock on daemon addresses registry.
2026-04-18T01:23:18.860+0530 [DEBUG] [org.gradle.cache.internal.DefaultFileLockManager] Lock acquired on daemon addresses registry.
2026-04-18T01:23:18.861+0530 [DEBUG] [org.gradle.cache.internal.DefaultFileLockManager] Releasing lock on daemon addresses registry.
2026-04-18T01:23:18.861+0530 [DEBUG] [org.gradle.launcher.daemon.server.Daemon] Finished periodic daemon health check.
2026-04-18T01:23:28.860+0530 [DEBUG] [org.gradle.launcher.daemon.server.Daemon] Starting periodic daemon health check.
2026-04-18T01:23:28.860+0530 [DEBUG] [org.gradle.cache.internal.DefaultFileLockManager] Waiting to acquire shared lock on daemon addresses registry.
2026-04-18T01:23:28.860+0530 [DEBUG] [org.gradle.cache.internal.DefaultFileLockManager] Lock acquired on daemon addresses registry.
2026-04-18T01:23:28.860+0530 [DEBUG] [org.gradle.cache.internal.DefaultFileLockManager] Releasing lock on daemon addresses registry.
2026-04-18T01:23:28.861+0530 [DEBUG] [org.gradle.cache.internal.DefaultFileLockManager] Waiting to acquire shared lock on daemon addresses registry.
2026-04-18T01:23:28.861+0530 [DEBUG] [org.gradle.cache.internal.DefaultFileLockManager] Lock acquired on daemon addresses registry.
2026-04-18T01:23:28.861+0530 [DEBUG] [org.gradle.cache.internal.DefaultFileLockManager] Releasing lock on daemon addresses registry.
2026-04-18T01:23:28.861+0530 [DEBUG] [org.gradle.launcher.daemon.server.Daemon] Finished periodic daemon health check.
2026-04-18T01:23:38.860+0530 [DEBUG] [org.gradle.launcher.daemon.server.Daemon] Starting periodic daemon health check.
2026-04-18T01:23:38.860+0530 [DEBUG] [org.gradle.cache.internal.DefaultFileLockManager] Waiting to acquire shared lock on daemon addresses registry.
2026-04-18T01:23:38.860+0530 [DEBUG] [org.gradle.cache.internal.DefaultFileLockManager] Lock acquired on daemon addresses registry.
2026-04-18T01:23:38.860+0530 [DEBUG] [org.gradle.cache.internal.DefaultFileLockManager] Releasing lock on daemon addresses registry.
2026-04-18T01:23:38.860+0530 [DEBUG] [org.gradle.cache.internal.DefaultFileLockManager] Waiting to acquire shared lock on daemon addresses registry.
2026-04-18T01:23:38.861+0530 [DEBUG] [org.gradle.cache.internal.DefaultFileLockManager] Lock acquired on daemon addresses registry.
2026-04-18T01:23:38.861+0530 [DEBUG] [org.gradle.cache.internal.DefaultFileLockManager] Releasing lock on daemon addresses registry.
2026-04-18T01:23:38.861+0530 [DEBUG] [org.gradle.launcher.daemon.server.Daemon] Finished periodic daemon health check.
2026-04-18T01:23:48.860+0530 [DEBUG] [org.gradle.launcher.daemon.server.Daemon] Starting periodic daemon health check.
2026-04-18T01:23:48.861+0530 [DEBUG] [org.gradle.cache.internal.DefaultFileLockManager] Waiting to acquire shared lock on daemon addresses registry.
2026-04-18T01:23:48.861+0530 [DEBUG] [org.gradle.cache.internal.DefaultFileLockManager] Lock acquired on daemon addresses registry.
2026-04-18T01:23:48.861+0530 [DEBUG] [org.gradle.cache.internal.DefaultFileLockManager] Releasing lock on daemon addresses registry.
2026-04-18T01:23:48.861+0530 [DEBUG] [org.gradle.cache.internal.DefaultFileLockManager] Waiting to acquire shared lock on daemon addresses registry.
2026-04-18T01:23:48.861+0530 [DEBUG] [org.gradle.cache.internal.DefaultFileLockManager] Lock acquired on daemon addresses registry.
2026-04-18T01:23:48.861+0530 [DEBUG] [org.gradle.cache.internal.DefaultFileLockManager] Releasing lock on daemon addresses registry.
2026-04-18T01:23:48.862+0530 [DEBUG] [org.gradle.launcher.daemon.server.Daemon] Finished periodic daemon health check.
2026-04-18T01:23:58.860+0530 [DEBUG] [org.gradle.launcher.daemon.server.Daemon] Starting periodic daemon health check.
2026-04-18T01:23:58.860+0530 [DEBUG] [org.gradle.cache.internal.DefaultFileLockManager] Waiting to acquire shared lock on daemon addresses registry.
2026-04-18T01:23:58.860+0530 [DEBUG] [org.gradle.cache.internal.DefaultFileLockManager] Lock acquired on daemon addresses registry.
2026-04-18T01:23:58.860+0530 [DEBUG] [org.gradle.cache.internal.DefaultFileLockManager] Releasing lock on daemon addresses registry.
2026-04-18T01:23:58.861+0530 [DEBUG] [org.gradle.cache.internal.DefaultFileLockManager] Waiting to acquire shared lock on daemon addresses registry.
2026-04-18T01:23:58.861+0530 [DEBUG] [org.gradle.cache.internal.DefaultFileLockManager] Lock acquired on daemon addresses registry.
2026-04-18T01:23:58.861+0530 [DEBUG] [org.gradle.cache.internal.DefaultFileLockManager] Releasing lock on daemon addresses registry.
2026-04-18T01:23:58.861+0530 [DEBUG] [org.gradle.launcher.daemon.server.Daemon] Finished periodic daemon health check.
2026-04-18T01:24:08.860+0530 [DEBUG] [org.gradle.launcher.daemon.server.Daemon] Starting periodic daemon health check.
2026-04-18T01:24:08.860+0530 [DEBUG] [org.gradle.cache.internal.DefaultFileLockManager] Waiting to acquire shared lock on daemon addresses registry.
2026-04-18T01:24:08.860+0530 [DEBUG] [org.gradle.cache.internal.DefaultFileLockManager] Lock acquired on daemon addresses registry.
2026-04-18T01:24:08.860+0530 [DEBUG] [org.gradle.cache.internal.DefaultFileLockManager] Releasing lock on daemon addresses registry.
2026-04-18T01:24:08.860+0530 [DEBUG] [org.gradle.cache.internal.DefaultFileLockManager] Waiting to acquire shared lock on daemon addresses registry.
2026-04-18T01:24:08.860+0530 [DEBUG] [org.gradle.cache.internal.DefaultFileLockManager] Lock acquired on daemon addresses registry.
2026-04-18T01:24:08.860+0530 [DEBUG] [org.gradle.cache.internal.DefaultFileLockManager] Releasing lock on daemon addresses registry.
2026-04-18T01:24:08.861+0530 [DEBUG] [org.gradle.launcher.daemon.server.Daemon] Finished periodic daemon health check.
2026-04-18T01:24:18.860+0530 [DEBUG] [org.gradle.launcher.daemon.server.Daemon] Starting periodic daemon health check.
2026-04-18T01:24:18.860+0530 [DEBUG] [org.gradle.cache.internal.DefaultFileLockManager] Waiting to acquire shared lock on daemon addresses registry.
2026-04-18T01:24:18.860+0530 [DEBUG] [org.gradle.cache.internal.DefaultFileLockManager] Lock acquired on daemon addresses registry.
2026-04-18T01:24:18.860+0530 [DEBUG] [org.gradle.cache.internal.DefaultFileLockManager] Releasing lock on daemon addresses registry.
2026-04-18T01:24:18.860+0530 [DEBUG] [org.gradle.cache.internal.DefaultFileLockManager] Waiting to acquire shared lock on daemon addresses registry.
2026-04-18T01:24:18.860+0530 [DEBUG] [org.gradle.cache.internal.DefaultFileLockManager] Lock acquired on daemon addresses registry.
2026-04-18T01:24:18.860+0530 [DEBUG] [org.gradle.cache.internal.DefaultFileLockManager] Releasing lock on daemon addresses registry.
2026-04-18T01:24:18.861+0530 [DEBUG] [org.gradle.launcher.daemon.server.Daemon] Finished periodic daemon health check.
2026-04-18T01:24:28.860+0530 [DEBUG] [org.gradle.launcher.daemon.server.Daemon] Starting periodic daemon health check.
2026-04-18T01:24:28.860+0530 [DEBUG] [org.gradle.cache.internal.DefaultFileLockManager] Waiting to acquire shared lock on daemon addresses registry.
2026-04-18T01:24:28.860+0530 [DEBUG] [org.gradle.cache.internal.DefaultFileLockManager] Lock acquired on daemon addresses registry.
2026-04-18T01:24:28.860+0530 [DEBUG] [org.gradle.cache.internal.DefaultFileLockManager] Releasing lock on daemon addresses registry.
2026-04-18T01:24:28.860+0530 [DEBUG] [org.gradle.cache.internal.DefaultFileLockManager] Waiting to acquire shared lock on daemon addresses registry.
2026-04-18T01:24:28.860+0530 [DEBUG] [org.gradle.cache.internal.DefaultFileLockManager] Lock acquired on daemon addresses registry.
2026-04-18T01:24:28.860+0530 [DEBUG] [org.gradle.cache.internal.DefaultFileLockManager] Releasing lock on daemon addresses registry.
2026-04-18T01:24:28.860+0530 [DEBUG] [org.gradle.launcher.daemon.server.Daemon] Finished periodic daemon health check.
2026-04-18T01:24:38.860+0530 [DEBUG] [org.gradle.launcher.daemon.server.Daemon] Starting periodic daemon health check.
2026-04-18T01:24:38.860+0530 [DEBUG] [org.gradle.cache.internal.DefaultFileLockManager] Waiting to acquire shared lock on daemon addresses registry.
2026-04-18T01:24:38.860+0530 [DEBUG] [org.gradle.cache.internal.DefaultFileLockManager] Lock acquired on daemon addresses registry.
2026-04-18T01:24:38.860+0530 [DEBUG] [org.gradle.cache.internal.DefaultFileLockManager] Releasing lock on daemon addresses registry.
2026-04-18T01:24:38.860+0530 [DEBUG] [org.gradle.cache.internal.DefaultFileLockManager] Waiting to acquire shared lock on daemon addresses registry.
2026-04-18T01:24:38.860+0530 [DEBUG] [org.gradle.cache.internal.DefaultFileLockManager] Lock acquired on daemon addresses registry.
2026-04-18T01:24:38.860+0530 [DEBUG] [org.gradle.cache.internal.DefaultFileLockManager] Releasing lock on daemon addresses registry.
2026-04-18T01:24:38.860+0530 [DEBUG] [org.gradle.launcher.daemon.server.Daemon] Finished periodic daemon health check.
2026-04-18T01:24:48.860+0530 [DEBUG] [org.gradle.launcher.daemon.server.Daemon] Starting periodic daemon health check.
2026-04-18T01:24:48.860+0530 [DEBUG] [org.gradle.cache.internal.DefaultFileLockManager] Waiting to acquire shared lock on daemon addresses registry.
2026-04-18T01:24:48.860+0530 [DEBUG] [org.gradle.cache.internal.DefaultFileLockManager] Lock acquired on daemon addresses registry.
2026-04-18T01:24:48.860+0530 [DEBUG] [org.gradle.cache.internal.DefaultFileLockManager] Releasing lock on daemon addresses registry.
2026-04-18T01:24:48.861+0530 [DEBUG] [org.gradle.cache.internal.DefaultFileLockManager] Waiting to acquire shared lock on daemon addresses registry.
2026-04-18T01:24:48.861+0530 [DEBUG] [org.gradle.cache.internal.DefaultFileLockManager] Lock acquired on daemon addresses registry.
2026-04-18T01:24:48.861+0530 [DEBUG] [org.gradle.cache.internal.DefaultFileLockManager] Releasing lock on daemon addresses registry.
2026-04-18T01:24:48.861+0530 [DEBUG] [org.gradle.launcher.daemon.server.Daemon] Finished periodic daemon health check.
2026-04-18T01:24:58.860+0530 [DEBUG] [org.gradle.launcher.daemon.server.Daemon] Starting periodic daemon health check.
2026-04-18T01:24:58.860+0530 [DEBUG] [org.gradle.cache.internal.DefaultFileLockManager] Waiting to acquire shared lock on daemon addresses registry.
2026-04-18T01:24:58.860+0530 [DEBUG] [org.gradle.cache.internal.DefaultFileLockManager] Lock acquired on daemon addresses registry.
2026-04-18T01:24:58.860+0530 [DEBUG] [org.gradle.cache.internal.DefaultFileLockManager] Releasing lock on daemon addresses registry.
2026-04-18T01:24:58.860+0530 [DEBUG] [org.gradle.cache.internal.DefaultFileLockManager] Waiting to acquire shared lock on daemon addresses registry.
2026-04-18T01:24:58.860+0530 [DEBUG] [org.gradle.cache.internal.DefaultFileLockManager] Lock acquired on daemon addresses registry.
2026-04-18T01:24:58.860+0530 [DEBUG] [org.gradle.cache.internal.DefaultFileLockManager] Releasing lock on daemon addresses registry.
2026-04-18T01:24:58.860+0530 [DEBUG] [org.gradle.launcher.daemon.server.Daemon] Finished periodic daemon health check.
2026-04-18T01:25:08.860+0530 [DEBUG] [org.gradle.launcher.daemon.server.Daemon] Starting periodic daemon health check.
2026-04-18T01:25:08.860+0530 [DEBUG] [org.gradle.cache.internal.DefaultFileLockManager] Waiting to acquire shared lock on daemon addresses registry.
2026-04-18T01:25:08.860+0530 [DEBUG] [org.gradle.cache.internal.DefaultFileLockManager] Lock acquired on daemon addresses registry.
2026-04-18T01:25:08.860+0530 [DEBUG] [org.gradle.cache.internal.DefaultFileLockManager] Releasing lock on daemon addresses registry.
2026-04-18T01:25:08.860+0530 [DEBUG] [org.gradle.cache.internal.DefaultFileLockManager] Waiting to acquire shared lock on daemon addresses registry.
2026-04-18T01:25:08.860+0530 [DEBUG] [org.gradle.cache.internal.DefaultFileLockManager] Lock acquired on daemon addresses registry.
2026-04-18T01:25:08.860+0530 [DEBUG] [org.gradle.cache.internal.DefaultFileLockManager] Releasing lock on daemon addresses registry.
2026-04-18T01:25:08.861+0530 [DEBUG] [org.gradle.launcher.daemon.server.Daemon] Finished periodic daemon health check.
2026-04-18T01:25:18.860+0530 [DEBUG] [org.gradle.launcher.daemon.server.Daemon] Starting periodic daemon health check.
2026-04-18T01:25:18.860+0530 [DEBUG] [org.gradle.cache.internal.DefaultFileLockManager] Waiting to acquire shared lock on daemon addresses registry.
2026-04-18T01:25:18.860+0530 [DEBUG] [org.gradle.cache.internal.DefaultFileLockManager] Lock acquired on daemon addresses registry.
2026-04-18T01:25:18.860+0530 [DEBUG] [org.gradle.cache.internal.DefaultFileLockManager] Releasing lock on daemon addresses registry.
2026-04-18T01:25:18.860+0530 [DEBUG] [org.gradle.cache.internal.DefaultFileLockManager] Waiting to acquire shared lock on daemon addresses registry.
2026-04-18T01:25:18.860+0530 [DEBUG] [org.gradle.cache.internal.DefaultFileLockManager] Lock acquired on daemon addresses registry.
2026-04-18T01:25:18.861+0530 [DEBUG] [org.gradle.cache.internal.DefaultFileLockManager] Releasing lock on daemon addresses registry.
2026-04-18T01:25:18.861+0530 [DEBUG] [org.gradle.launcher.daemon.server.Daemon] Finished periodic daemon health check.
2026-04-18T01:25:28.860+0530 [DEBUG] [org.gradle.launcher.daemon.server.Daemon] Starting periodic daemon health check.
2026-04-18T01:25:28.860+0530 [DEBUG] [org.gradle.cache.internal.DefaultFileLockManager] Waiting to acquire shared lock on daemon addresses registry.
2026-04-18T01:25:28.860+0530 [DEBUG] [org.gradle.cache.internal.DefaultFileLockManager] Lock acquired on daemon addresses registry.
2026-04-18T01:25:28.860+0530 [DEBUG] [org.gradle.cache.internal.DefaultFileLockManager] Releasing lock on daemon addresses registry.
2026-04-18T01:25:28.860+0530 [DEBUG] [org.gradle.cache.internal.DefaultFileLockManager] Waiting to acquire shared lock on daemon addresses registry.
2026-04-18T01:25:28.860+0530 [DEBUG] [org.gradle.cache.internal.DefaultFileLockManager] Lock acquired on daemon addresses registry.
2026-04-18T01:25:28.860+0530 [DEBUG] [org.gradle.cache.internal.DefaultFileLockManager] Releasing lock on daemon addresses registry.
2026-04-18T01:25:28.861+0530 [DEBUG] [org.gradle.launcher.daemon.server.Daemon] Finished periodic daemon health check.
2026-04-18T01:25:38.860+0530 [DEBUG] [org.gradle.launcher.daemon.server.Daemon] Starting periodic daemon health check.
2026-04-18T01:25:38.860+0530 [DEBUG] [org.gradle.cache.internal.DefaultFileLockManager] Waiting to acquire shared lock on daemon addresses registry.
2026-04-18T01:25:38.860+0530 [DEBUG] [org.gradle.cache.internal.DefaultFileLockManager] Lock acquired on daemon addresses registry.
2026-04-18T01:25:38.860+0530 [DEBUG] [org.gradle.cache.internal.DefaultFileLockManager] Releasing lock on daemon addresses registry.
2026-04-18T01:25:38.860+0530 [DEBUG] [org.gradle.cache.internal.DefaultFileLockManager] Waiting to acquire shared lock on daemon addresses registry.
2026-04-18T01:25:38.860+0530 [DEBUG] [org.gradle.cache.internal.DefaultFileLockManager] Lock acquired on daemon addresses registry.
2026-04-18T01:25:38.861+0530 [DEBUG] [org.gradle.cache.internal.DefaultFileLockManager] Releasing lock on daemon addresses registry.
2026-04-18T01:25:38.861+0530 [DEBUG] [org.gradle.launcher.daemon.server.Daemon] Finished periodic daemon health check.
2026-04-18T01:25:48.860+0530 [DEBUG] [org.gradle.launcher.daemon.server.Daemon] Starting periodic daemon health check.
2026-04-18T01:25:48.860+0530 [DEBUG] [org.gradle.cache.internal.DefaultFileLockManager] Waiting to acquire shared lock on daemon addresses registry.
2026-04-18T01:25:48.860+0530 [DEBUG] [org.gradle.cache.internal.DefaultFileLockManager] Lock acquired on daemon addresses registry.
2026-04-18T01:25:48.861+0530 [DEBUG] [org.gradle.cache.internal.DefaultFileLockManager] Releasing lock on daemon addresses registry.
2026-04-18T01:25:48.861+0530 [DEBUG] [org.gradle.cache.internal.DefaultFileLockManager] Waiting to acquire shared lock on daemon addresses registry.
2026-04-18T01:25:48.862+0530 [DEBUG] [org.gradle.cache.internal.DefaultFileLockManager] Lock acquired on daemon addresses registry.
2026-04-18T01:25:48.862+0530 [DEBUG] [org.gradle.cache.internal.DefaultFileLockManager] Releasing lock on daemon addresses registry.
2026-04-18T01:25:48.862+0530 [DEBUG] [org.gradle.launcher.daemon.server.Daemon] Finished periodic daemon health check.
2026-04-18T01:25:58.860+0530 [DEBUG] [org.gradle.launcher.daemon.server.Daemon] Starting periodic daemon health check.
2026-04-18T01:25:58.860+0530 [DEBUG] [org.gradle.cache.internal.DefaultFileLockManager] Waiting to acquire shared lock on daemon addresses registry.
2026-04-18T01:25:58.860+0530 [DEBUG] [org.gradle.cache.internal.DefaultFileLockManager] Lock acquired on daemon addresses registry.
2026-04-18T01:25:58.860+0530 [DEBUG] [org.gradle.cache.internal.DefaultFileLockManager] Releasing lock on daemon addresses registry.
2026-04-18T01:25:58.860+0530 [DEBUG] [org.gradle.cache.internal.DefaultFileLockManager] Waiting to acquire shared lock on daemon addresses registry.
2026-04-18T01:25:58.860+0530 [DEBUG] [org.gradle.cache.internal.DefaultFileLockManager] Lock acquired on daemon addresses registry.
2026-04-18T01:25:58.861+0530 [DEBUG] [org.gradle.cache.internal.DefaultFileLockManager] Releasing lock on daemon addresses registry.
2026-04-18T01:25:58.861+0530 [DEBUG] [org.gradle.launcher.daemon.server.Daemon] Finished periodic daemon health check.
2026-04-18T01:26:08.860+0530 [DEBUG] [org.gradle.launcher.daemon.server.Daemon] Starting periodic daemon health check.
2026-04-18T01:26:08.860+0530 [DEBUG] [org.gradle.cache.internal.DefaultFileLockManager] Waiting to acquire shared lock on daemon addresses registry.
2026-04-18T01:26:08.860+0530 [DEBUG] [org.gradle.cache.internal.DefaultFileLockManager] Lock acquired on daemon addresses registry.
2026-04-18T01:26:08.860+0530 [DEBUG] [org.gradle.cache.internal.DefaultFileLockManager] Releasing lock on daemon addresses registry.
2026-04-18T01:26:08.861+0530 [DEBUG] [org.gradle.cache.internal.DefaultFileLockManager] Waiting to acquire shared lock on daemon addresses registry.
2026-04-18T01:26:08.861+0530 [DEBUG] [org.gradle.cache.internal.DefaultFileLockManager] Lock acquired on daemon addresses registry.
2026-04-18T01:26:08.861+0530 [DEBUG] [org.gradle.cache.internal.DefaultFileLockManager] Releasing lock on daemon addresses registry.
2026-04-18T01:26:08.861+0530 [DEBUG] [org.gradle.launcher.daemon.server.Daemon] Finished periodic daemon health check.
2026-04-18T01:26:18.860+0530 [DEBUG] [org.gradle.launcher.daemon.server.Daemon] Starting periodic daemon health check.
2026-04-18T01:26:18.860+0530 [DEBUG] [org.gradle.cache.internal.DefaultFileLockManager] Waiting to acquire shared lock on daemon addresses registry.
2026-04-18T01:26:18.860+0530 [DEBUG] [org.gradle.cache.internal.DefaultFileLockManager] Lock acquired on daemon addresses registry.
2026-04-18T01:26:18.860+0530 [DEBUG] [org.gradle.cache.internal.DefaultFileLockManager] Releasing lock on daemon addresses registry.
2026-04-18T01:26:18.860+0530 [DEBUG] [org.gradle.cache.internal.DefaultFileLockManager] Waiting to acquire shared lock on daemon addresses registry.
2026-04-18T01:26:18.860+0530 [DEBUG] [org.gradle.cache.internal.DefaultFileLockManager] Lock acquired on daemon addresses registry.
2026-04-18T01:26:18.861+0530 [DEBUG] [org.gradle.cache.internal.DefaultFileLockManager] Releasing lock on daemon addresses registry.
2026-04-18T01:26:18.861+0530 [DEBUG] [org.gradle.launcher.daemon.server.Daemon] Finished periodic daemon health check.
2026-04-18T01:26:28.860+0530 [DEBUG] [org.gradle.launcher.daemon.server.Daemon] Starting periodic daemon health check.
2026-04-18T01:26:28.860+0530 [DEBUG] [org.gradle.cache.internal.DefaultFileLockManager] Waiting to acquire shared lock on daemon addresses registry.
2026-04-18T01:26:28.860+0530 [DEBUG] [org.gradle.cache.internal.DefaultFileLockManager] Lock acquired on daemon addresses registry.
2026-04-18T01:26:28.860+0530 [DEBUG] [org.gradle.cache.internal.DefaultFileLockManager] Releasing lock on daemon addresses registry.
2026-04-18T01:26:28.861+0530 [DEBUG] [org.gradle.cache.internal.DefaultFileLockManager] Waiting to acquire shared lock on daemon addresses registry.
2026-04-18T01:26:28.861+0530 [DEBUG] [org.gradle.cache.internal.DefaultFileLockManager] Lock acquired on daemon addresses registry.
2026-04-18T01:26:28.861+0530 [DEBUG] [org.gradle.cache.internal.DefaultFileLockManager] Releasing lock on daemon addresses registry.
2026-04-18T01:26:28.861+0530 [DEBUG] [org.gradle.launcher.daemon.server.Daemon] Finished periodic daemon health check.
2026-04-18T01:26:38.860+0530 [DEBUG] [org.gradle.launcher.daemon.server.Daemon] Starting periodic daemon health check.
2026-04-18T01:26:38.860+0530 [DEBUG] [org.gradle.cache.internal.DefaultFileLockManager] Waiting to acquire shared lock on daemon addresses registry.
2026-04-18T01:26:38.860+0530 [DEBUG] [org.gradle.cache.internal.DefaultFileLockManager] Lock acquired on daemon addresses registry.
2026-04-18T01:26:38.860+0530 [DEBUG] [org.gradle.cache.internal.DefaultFileLockManager] Releasing lock on daemon addresses registry.
2026-04-18T01:26:38.860+0530 [DEBUG] [org.gradle.cache.internal.DefaultFileLockManager] Waiting to acquire shared lock on daemon addresses registry.
2026-04-18T01:26:38.860+0530 [DEBUG] [org.gradle.cache.internal.DefaultFileLockManager] Lock acquired on daemon addresses registry.
2026-04-18T01:26:38.860+0530 [DEBUG] [org.gradle.cache.internal.DefaultFileLockManager] Releasing lock on daemon addresses registry.
2026-04-18T01:26:38.861+0530 [DEBUG] [org.gradle.launcher.daemon.server.Daemon] Finished periodic daemon health check.
2026-04-18T01:26:48.860+0530 [DEBUG] [org.gradle.launcher.daemon.server.Daemon] Starting periodic daemon health check.
2026-04-18T01:26:48.860+0530 [DEBUG] [org.gradle.cache.internal.DefaultFileLockManager] Waiting to acquire shared lock on daemon addresses registry.
2026-04-18T01:26:48.860+0530 [DEBUG] [org.gradle.cache.internal.DefaultFileLockManager] Lock acquired on daemon addresses registry.
2026-04-18T01:26:48.860+0530 [DEBUG] [org.gradle.cache.internal.DefaultFileLockManager] Releasing lock on daemon addresses registry.
2026-04-18T01:26:48.861+0530 [DEBUG] [org.gradle.cache.internal.DefaultFileLockManager] Waiting to acquire shared lock on daemon addresses registry.
2026-04-18T01:26:48.861+0530 [DEBUG] [org.gradle.cache.internal.DefaultFileLockManager] Lock acquired on daemon addresses registry.
2026-04-18T01:26:48.861+0530 [DEBUG] [org.gradle.cache.internal.DefaultFileLockManager] Releasing lock on daemon addresses registry.
2026-04-18T01:26:48.861+0530 [DEBUG] [org.gradle.launcher.daemon.server.Daemon] Finished periodic daemon health check.
2026-04-18T01:26:58.860+0530 [DEBUG] [org.gradle.launcher.daemon.server.Daemon] Starting periodic daemon health check.
2026-04-18T01:26:58.860+0530 [DEBUG] [org.gradle.cache.internal.DefaultFileLockManager] Waiting to acquire shared lock on daemon addresses registry.
2026-04-18T01:26:58.860+0530 [DEBUG] [org.gradle.cache.internal.DefaultFileLockManager] Lock acquired on daemon addresses registry.
2026-04-18T01:26:58.860+0530 [DEBUG] [org.gradle.cache.internal.DefaultFileLockManager] Releasing lock on daemon addresses registry.
2026-04-18T01:26:58.860+0530 [DEBUG] [org.gradle.cache.internal.DefaultFileLockManager] Waiting to acquire shared lock on daemon addresses registry.
2026-04-18T01:26:58.860+0530 [DEBUG] [org.gradle.cache.internal.DefaultFileLockManager] Lock acquired on daemon addresses registry.
2026-04-18T01:26:58.860+0530 [DEBUG] [org.gradle.cache.internal.DefaultFileLockManager] Releasing lock on daemon addresses registry.
2026-04-18T01:26:58.861+0530 [DEBUG] [org.gradle.launcher.daemon.server.Daemon] Finished periodic daemon health check.
2026-04-18T01:27:08.860+0530 [DEBUG] [org.gradle.launcher.daemon.server.Daemon] Starting periodic daemon health check.
2026-04-18T01:27:08.860+0530 [DEBUG] [org.gradle.cache.internal.DefaultFileLockManager] Waiting to acquire shared lock on daemon addresses registry.
2026-04-18T01:27:08.860+0530 [DEBUG] [org.gradle.cache.internal.DefaultFileLockManager] Lock acquired on daemon addresses registry.
2026-04-18T01:27:08.860+0530 [DEBUG] [org.gradle.cache.internal.DefaultFileLockManager] Releasing lock on daemon addresses registry.
2026-04-18T01:27:08.861+0530 [DEBUG] [org.gradle.cache.internal.DefaultFileLockManager] Waiting to acquire shared lock on daemon addresses registry.
2026-04-18T01:27:08.861+0530 [DEBUG] [org.gradle.cache.internal.DefaultFileLockManager] Lock acquired on daemon addresses registry.
2026-04-18T01:27:08.861+0530 [DEBUG] [org.gradle.cache.internal.DefaultFileLockManager] Releasing lock on daemon addresses registry.
2026-04-18T01:27:08.861+0530 [DEBUG] [org.gradle.launcher.daemon.server.Daemon] Finished periodic daemon health check.
2026-04-18T01:27:18.860+0530 [DEBUG] [org.gradle.launcher.daemon.server.Daemon] Starting periodic daemon health check.
2026-04-18T01:27:18.860+0530 [DEBUG] [org.gradle.cache.internal.DefaultFileLockManager] Waiting to acquire shared lock on daemon addresses registry.
2026-04-18T01:27:18.860+0530 [DEBUG] [org.gradle.cache.internal.DefaultFileLockManager] Lock acquired on daemon addresses registry.
2026-04-18T01:27:18.860+0530 [DEBUG] [org.gradle.cache.internal.DefaultFileLockManager] Releasing lock on daemon addresses registry.
2026-04-18T01:27:18.861+0530 [DEBUG] [org.gradle.cache.internal.DefaultFileLockManager] Waiting to acquire shared lock on daemon addresses registry.
2026-04-18T01:27:18.861+0530 [DEBUG] [org.gradle.cache.internal.DefaultFileLockManager] Lock acquired on daemon addresses registry.
2026-04-18T01:27:18.861+0530 [DEBUG] [org.gradle.cache.internal.DefaultFileLockManager] Releasing lock on daemon addresses registry.
2026-04-18T01:27:18.861+0530 [DEBUG] [org.gradle.launcher.daemon.server.Daemon] Finished periodic daemon health check.
2026-04-18T01:27:28.859+0530 [DEBUG] [org.gradle.launcher.daemon.server.Daemon] Starting periodic daemon health check.
2026-04-18T01:27:28.860+0530 [DEBUG] [org.gradle.cache.internal.DefaultFileLockManager] Waiting to acquire shared lock on daemon addresses registry.
2026-04-18T01:27:28.860+0530 [DEBUG] [org.gradle.cache.internal.DefaultFileLockManager] Lock acquired on daemon addresses registry.
2026-04-18T01:27:28.860+0530 [DEBUG] [org.gradle.cache.internal.DefaultFileLockManager] Releasing lock on daemon addresses registry.
2026-04-18T01:27:28.860+0530 [DEBUG] [org.gradle.cache.internal.DefaultFileLockManager] Waiting to acquire shared lock on daemon addresses registry.
2026-04-18T01:27:28.860+0530 [DEBUG] [org.gradle.cache.internal.DefaultFileLockManager] Lock acquired on daemon addresses registry.
2026-04-18T01:27:28.860+0530 [DEBUG] [org.gradle.cache.internal.DefaultFileLockManager] Releasing lock on daemon addresses registry.
2026-04-18T01:27:28.860+0530 [DEBUG] [org.gradle.launcher.daemon.server.Daemon] Finished periodic daemon health check.
2026-04-18T01:27:30.811+0530 [DEBUG] [org.gradle.internal.remote.internal.inet.TcpIncomingConnector] Accepted connection from /127.0.0.1:52946 to /127.0.0.1:36845.
2026-04-18T01:27:30.813+0530 [DEBUG] [org.gradle.launcher.daemon.server.SynchronizedDispatchConnection] thread 225: received class org.gradle.launcher.daemon.protocol.Build
2026-04-18T01:27:30.813+0530 [DEBUG] [org.gradle.launcher.daemon.server.DefaultDaemonConnection] thread 225: Received non-IO message from client: Build{id=a7dbeab1-a387-43e1-8029-2821c7dc5e5d, currentDir=/home/intervest/Desktop/IIT/cloud/cw1/cc-cw-group-03/search_service}
2026-04-18T01:27:30.813+0530 [INFO] [org.gradle.launcher.daemon.server.DefaultIncomingConnectionHandler] Received command: Build{id=a7dbeab1-a387-43e1-8029-2821c7dc5e5d, currentDir=/home/intervest/Desktop/IIT/cloud/cw1/cc-cw-group-03/search_service}.
2026-04-18T01:27:30.813+0530 [DEBUG] [org.gradle.launcher.daemon.server.DefaultIncomingConnectionHandler] Starting executing command: Build{id=a7dbeab1-a387-43e1-8029-2821c7dc5e5d, currentDir=/home/intervest/Desktop/IIT/cloud/cw1/cc-cw-group-03/search_service} with connection: socket connection from /127.0.0.1:36845 to /127.0.0.1:52946.
2026-04-18T01:27:30.813+0530 [DEBUG] [org.gradle.launcher.daemon.server.DaemonStateCoordinator] Command execution: started DaemonCommandExecution[command = Build{id=a7dbeab1-a387-43e1-8029-2821c7dc5e5d, currentDir=/home/intervest/Desktop/IIT/cloud/cw1/cc-cw-group-03/search_service}, connection = DefaultDaemonConnection: socket connection from /127.0.0.1:36845 to /127.0.0.1:52946] after 57.02376666666667 minutes of idle
2026-04-18T01:27:30.814+0530 [INFO] [org.gradle.launcher.daemon.server.DaemonRegistryUpdater] Marking the daemon as busy, address: [710e502e-9680-4521-aa75-ed7da72a27e1 port:36845, addresses:[localhost/127.0.0.1]]
2026-04-18T01:27:30.814+0530 [DEBUG] [org.gradle.launcher.daemon.registry.PersistentDaemonRegistry] Marking busy by address: [710e502e-9680-4521-aa75-ed7da72a27e1 port:36845, addresses:[localhost/127.0.0.1]]
2026-04-18T01:27:30.814+0530 [DEBUG] [org.gradle.cache.internal.DefaultFileLockManager] Waiting to acquire exclusive lock on daemon addresses registry.
2026-04-18T01:27:30.814+0530 [DEBUG] [org.gradle.cache.internal.DefaultFileLockManager] Lock acquired on daemon addresses registry.
2026-04-18T01:27:30.814+0530 [DEBUG] [org.gradle.cache.internal.DefaultFileLockManager] Releasing lock on daemon addresses registry.
2026-04-18T01:27:30.815+0530 [DEBUG] [org.gradle.launcher.daemon.server.DaemonStateCoordinator] resetting idle timer
2026-04-18T01:27:30.815+0530 [DEBUG] [org.gradle.launcher.daemon.server.DaemonStateCoordinator] daemon is running. Sleeping until state changes.
2026-04-18T01:27:30.815+0530 [INFO] [org.gradle.launcher.daemon.server.exec.StartBuildOrRespondWithBusy] Daemon is about to start building Build{id=a7dbeab1-a387-43e1-8029-2821c7dc5e5d, currentDir=/home/intervest/Desktop/IIT/cloud/cw1/cc-cw-group-03/search_service}. Dispatching build started information...
2026-04-18T01:27:30.815+0530 [DEBUG] [org.gradle.launcher.daemon.server.SynchronizedDispatchConnection] thread 227: dispatching org.gradle.launcher.daemon.protocol.BuildStarted@5ec0aa79
2026-04-18T01:27:30.815+0530 [DEBUG] [org.gradle.launcher.daemon.server.exec.EstablishBuildEnvironment] Configuring env variables: [PATH, XAUTHORITY, INVOCATION_ID, LC_MEASUREMENT, XMODIFIERS, LC_TELEPHONE, GDMSESSION, XDG_DATA_DIRS, LC_TIME, GTK_IM_MODULE, DBUS_SESSION_BUS_ADDRESS, XDG_CURRENT_DESKTOP, JOURNAL_STREAM, LC_PAPER, USERNAME, SESSION_MANAGER, LOGNAME, PWD, MANAGERPID, IM_CONFIG_PHASE, GJS_DEBUG_TOPICS, SHELL, LC_ADDRESS, GIO_LAUNCHED_DESKTOP_FILE, GNOME_DESKTOP_SESSION_ID, GTK_MODULES, SYSTEMD_EXEC_PID, XDG_SESSION_DESKTOP, SSH_AGENT_LAUNCHER, SHLVL, LC_IDENTIFICATION, LC_MONETARY, QT_IM_MODULE, XDG_CONFIG_DIRS, LANG, XDG_SESSION_TYPE, DISPLAY, LC_NAME, _, XDG_SESSION_CLASS, GTK3_MODULES, GPG_AGENT_INFO, DESKTOP_SESSION, USER, XDG_MENU_PREFIX, GIO_LAUNCHED_DESKTOP_FILE_PID, WINDOWPATH, QT_ACCESSIBILITY, GJS_DEBUG_OUTPUT, LC_NUMERIC, SSH_AUTH_SOCK, GNOME_SHELL_SESSION_MODE, XDG_RUNTIME_DIR, HOME]
2026-04-18T01:27:30.817+0530 [DEBUG] [org.gradle.launcher.daemon.server.exec.LogToClient] About to start relaying all logs to the client via the connection.
2026-04-18T01:27:30.817+0530 [INFO] [org.gradle.launcher.daemon.server.exec.LogToClient] The client will now receive all logging from the daemon (pid: 303917). The daemon log file: /home/intervest/Desktop/IIT/cloud/cw1/cc-cw-group-03/search_service/daemon/9.3.1/daemon-303917.out.log
2026-04-18T01:27:30.827+0530 [INFO] [org.gradle.launcher.daemon.server.exec.LogAndCheckHealth] Starting 2nd build in daemon [uptime: 57 mins 12.187 secs, performance: 99%, GC rate: 0.00/s, heap usage: 0% of 512 MiB, non-heap usage: 20% of 384 MiB]
2026-04-18T01:27:30.827+0530 [DEBUG] [org.gradle.launcher.daemon.server.exec.ExecuteBuild] The daemon has started executing the build.
2026-04-18T01:27:30.828+0530 [DEBUG] [org.gradle.launcher.daemon.server.exec.ExecuteBuild] Executing build with daemon context: DefaultDaemonContext[uid=bb7e8095-3a97-4917-a9da-e62e239e2c37,javaHome=/home/intervest/.jdks/temurin-21.0.10,javaVersion=21,javaVendor=Eclipse Adoptium,daemonRegistryDir=/home/intervest/Desktop/IIT/cloud/cw1/cc-cw-group-03/search_service/daemon,pid=303917,idleTimeout=10800000,priority=NORMAL,applyInstrumentationAgent=true,nativeServicesMode=ENABLED,daemonOpts=-XX:MaxMetaspaceSize=384m,-XX:+HeapDumpOnOutOfMemoryError,-Xms256m,-Xmx512m,-Dfile.encoding=UTF-8,-Duser.country=US,-Duser.language=en,-Duser.variant]
/home/intervest/Desktop/IIT/cloud/cw1/cc-cw-group-03/search_service/src/main/java/lk/zalary/search_service/dto/SearchRequestDTO.java:27: warning: @Builder will ignore the initializing expression entirely. If you want the initializing expression to serve as default, add @Builder.Default. If it is not supposed to be settable during building, make the field final.
    private Integer page = 0;
                    ^
/home/intervest/Desktop/IIT/cloud/cw1/cc-cw-group-03/search_service/src/main/java/lk/zalary/search_service/dto/SearchRequestDTO.java:28: warning: @Builder will ignore the initializing expression entirely. If you want the initializing expression to serve as default, add @Builder.Default. If it is not supposed to be settable during building, make the field final.
    private Integer pageSize = 20;
                    ^
2 warnings

[Incubating] Problems report is available at: file:///home/intervest/Desktop/IIT/cloud/cw1/cc-cw-group-03/search_service/build/reports/problems/problems-report.html

BUILD SUCCESSFUL in 4s
2 actionable tasks: 2 executed
Consider enabling configuration cache to speed up this build: https://docs.gradle.org/9.3.1/userguide/configuration_cache_enabling.html
2026-04-18T01:27:34.936+0530 [DEBUG] [org.gradle.launcher.daemon.server.exec.ExecuteBuild] The daemon has finished executing the build.
2026-04-18T01:27:34.939+0530 [DEBUG] [org.gradle.launcher.daemon.server.DaemonStateCoordinator] daemon is running. Sleeping until state changes.
2026-04-18T01:27:34.939+0530 [DEBUG] [org.gradle.launcher.daemon.server.DaemonStateCoordinator] Command execution: finished waiting for DaemonCommandExecution[command = Build{id=a7dbeab1-a387-43e1-8029-2821c7dc5e5d, currentDir=/home/intervest/Desktop/IIT/cloud/cw1/cc-cw-group-03/search_service}, connection = DefaultDaemonConnection: socket connection from /127.0.0.1:36845 to /127.0.0.1:52946]. Result org.gradle.launcher.daemon.server.DaemonStateCoordinator@5bdaf214 with state Busy
2026-04-18T01:27:34.940+0530 [DEBUG] [org.gradle.launcher.daemon.server.DaemonStateCoordinator] Command execution: completed DaemonCommandExecution[command = Build{id=a7dbeab1-a387-43e1-8029-2821c7dc5e5d, currentDir=/home/intervest/Desktop/IIT/cloud/cw1/cc-cw-group-03/search_service}, connection = DefaultDaemonConnection: socket connection from /127.0.0.1:36845 to /127.0.0.1:52946]
2026-04-18T01:27:34.940+0530 [DEBUG] [org.gradle.launcher.daemon.server.DaemonStateCoordinator] resetting idle timer
2026-04-18T01:27:34.940+0530 [INFO] [org.gradle.launcher.daemon.server.DaemonRegistryUpdater] Marking the daemon as idle, address: [710e502e-9680-4521-aa75-ed7da72a27e1 port:36845, addresses:[localhost/127.0.0.1]]
2026-04-18T01:27:34.940+0530 [DEBUG] [org.gradle.launcher.daemon.registry.PersistentDaemonRegistry] Marking busy by address: [710e502e-9680-4521-aa75-ed7da72a27e1 port:36845, addresses:[localhost/127.0.0.1]]
2026-04-18T01:27:34.941+0530 [DEBUG] [org.gradle.cache.internal.DefaultFileLockManager] Waiting to acquire exclusive lock on daemon addresses registry.
2026-04-18T01:27:34.941+0530 [DEBUG] [org.gradle.cache.internal.DefaultFileLockManager] Lock acquired on daemon addresses registry.
2026-04-18T01:27:34.942+0530 [DEBUG] [org.gradle.cache.internal.DefaultFileLockManager] Releasing lock on daemon addresses registry.
2026-04-18T01:27:34.942+0530 [DEBUG] [org.gradle.launcher.daemon.server.DaemonStateCoordinator] daemon is running. Sleeping until state changes.
2026-04-18T01:27:34.942+0530 [DEBUG] [org.gradle.launcher.daemon.server.exec.ReturnResult] Daemon is dispatching the build result: Success[value=org.gradle.launcher.exec.BuildActionResult@89fe91c]
2026-04-18T01:27:34.942+0530 [DEBUG] [org.gradle.launcher.daemon.server.SynchronizedDispatchConnection] thread 224: dispatching Success[value=org.gradle.launcher.exec.BuildActionResult@89fe91c]
2026-04-18T01:27:34.943+0530 [DEBUG] [org.gradle.launcher.daemon.server.exec.CleanUpVirtualFileSystemAfterBuild] Cleaning virtual file system after build finished
2026-04-18T01:27:34.943+0530 [DEBUG] [org.gradle.launcher.daemon.server.DefaultIncomingConnectionHandler] Finishing executing command: Build{id=a7dbeab1-a387-43e1-8029-2821c7dc5e5d, currentDir=/home/intervest/Desktop/IIT/cloud/cw1/cc-cw-group-03/search_service}
2026-04-18T01:27:34.943+0530 [DEBUG] [org.gradle.launcher.daemon.server.SynchronizedDispatchConnection] thread 225: received class org.gradle.launcher.daemon.protocol.CloseInput
2026-04-18T01:27:34.944+0530 [DEBUG] [org.gradle.launcher.daemon.server.DefaultDaemonConnection] thread 225: Received IO message from client: org.gradle.launcher.daemon.protocol.CloseInput@21d7a835
2026-04-18T01:27:34.944+0530 [DEBUG] [org.gradle.launcher.daemon.server.SynchronizedDispatchConnection] thread 225: received class org.gradle.launcher.daemon.protocol.Finished
2026-04-18T01:27:34.944+0530 [DEBUG] [org.gradle.launcher.daemon.server.DefaultDaemonConnection] thread 225: Received non-IO message from client: org.gradle.launcher.daemon.protocol.Finished@2f10427f
2026-04-18T01:27:34.944+0530 [DEBUG] [org.gradle.launcher.daemon.server.DefaultIncomingConnectionHandler] Received finished message: org.gradle.launcher.daemon.protocol.Finished@2f10427f
2026-04-18T01:27:34.944+0530 [DEBUG] [org.gradle.launcher.daemon.server.SynchronizedDispatchConnection] thread 224: stopping connection
2026-04-18T01:27:34.944+0530 [DEBUG] [org.gradle.internal.remote.internal.inet.SocketConnection] Discarding EOFException: java.io.EOFException
2026-04-18T01:27:34.947+0530 [DEBUG] [org.gradle.launcher.daemon.server.SynchronizedDispatchConnection] thread 225: received null
2026-04-18T01:27:34.947+0530 [DEBUG] [org.gradle.launcher.daemon.server.DefaultDaemonConnection] thread 225: Received end-of-input from client.
2026-04-18T01:27:34.948+0530 [DEBUG] [org.gradle.launcher.daemon.server.SynchronizedDispatchConnection] thread 224: stopping connection
2026-04-18T01:27:38.860+0530 [DEBUG] [org.gradle.launcher.daemon.server.Daemon] Starting periodic daemon health check.
2026-04-18T01:27:38.860+0530 [DEBUG] [org.gradle.cache.internal.DefaultFileLockManager] Waiting to acquire shared lock on daemon addresses registry.
2026-04-18T01:27:38.860+0530 [DEBUG] [org.gradle.cache.internal.DefaultFileLockManager] Lock acquired on daemon addresses registry.
2026-04-18T01:27:38.860+0530 [DEBUG] [org.gradle.cache.internal.DefaultFileLockManager] Releasing lock on daemon addresses registry.
2026-04-18T01:27:38.861+0530 [DEBUG] [org.gradle.cache.internal.DefaultFileLockManager] Waiting to acquire shared lock on daemon addresses registry.
2026-04-18T01:27:38.861+0530 [DEBUG] [org.gradle.cache.internal.DefaultFileLockManager] Lock acquired on daemon addresses registry.
2026-04-18T01:27:38.861+0530 [DEBUG] [org.gradle.cache.internal.DefaultFileLockManager] Releasing lock on daemon addresses registry.
2026-04-18T01:27:38.861+0530 [DEBUG] [org.gradle.launcher.daemon.server.Daemon] Finished periodic daemon health check.
2026-04-18T01:27:48.860+0530 [DEBUG] [org.gradle.launcher.daemon.server.Daemon] Starting periodic daemon health check.
2026-04-18T01:27:48.860+0530 [DEBUG] [org.gradle.cache.internal.DefaultFileLockManager] Waiting to acquire shared lock on daemon addresses registry.
2026-04-18T01:27:48.860+0530 [DEBUG] [org.gradle.cache.internal.DefaultFileLockManager] Lock acquired on daemon addresses registry.
2026-04-18T01:27:48.860+0530 [DEBUG] [org.gradle.cache.internal.DefaultFileLockManager] Releasing lock on daemon addresses registry.
2026-04-18T01:27:48.860+0530 [DEBUG] [org.gradle.cache.internal.DefaultFileLockManager] Waiting to acquire shared lock on daemon addresses registry.
2026-04-18T01:27:48.861+0530 [DEBUG] [org.gradle.cache.internal.DefaultFileLockManager] Lock acquired on daemon addresses registry.
2026-04-18T01:27:48.861+0530 [DEBUG] [org.gradle.cache.internal.DefaultFileLockManager] Releasing lock on daemon addresses registry.
2026-04-18T01:27:48.861+0530 [DEBUG] [org.gradle.launcher.daemon.server.Daemon] Finished periodic daemon health check.
2026-04-18T01:27:58.860+0530 [DEBUG] [org.gradle.launcher.daemon.server.Daemon] Starting periodic daemon health check.
2026-04-18T01:27:58.860+0530 [DEBUG] [org.gradle.cache.internal.DefaultFileLockManager] Waiting to acquire shared lock on daemon addresses registry.
2026-04-18T01:27:58.860+0530 [DEBUG] [org.gradle.cache.internal.DefaultFileLockManager] Lock acquired on daemon addresses registry.
2026-04-18T01:27:58.860+0530 [DEBUG] [org.gradle.cache.internal.DefaultFileLockManager] Releasing lock on daemon addresses registry.
2026-04-18T01:27:58.860+0530 [DEBUG] [org.gradle.cache.internal.DefaultFileLockManager] Waiting to acquire shared lock on daemon addresses registry.
2026-04-18T01:27:58.860+0530 [DEBUG] [org.gradle.cache.internal.DefaultFileLockManager] Lock acquired on daemon addresses registry.
2026-04-18T01:27:58.860+0530 [DEBUG] [org.gradle.cache.internal.DefaultFileLockManager] Releasing lock on daemon addresses registry.
2026-04-18T01:27:58.860+0530 [DEBUG] [org.gradle.launcher.daemon.server.Daemon] Finished periodic daemon health check.
2026-04-18T01:28:08.860+0530 [DEBUG] [org.gradle.launcher.daemon.server.Daemon] Starting periodic daemon health check.
2026-04-18T01:28:08.860+0530 [DEBUG] [org.gradle.cache.internal.DefaultFileLockManager] Waiting to acquire shared lock on daemon addresses registry.
2026-04-18T01:28:08.860+0530 [DEBUG] [org.gradle.cache.internal.DefaultFileLockManager] Lock acquired on daemon addresses registry.
2026-04-18T01:28:08.860+0530 [DEBUG] [org.gradle.cache.internal.DefaultFileLockManager] Releasing lock on daemon addresses registry.
2026-04-18T01:28:08.860+0530 [DEBUG] [org.gradle.cache.internal.DefaultFileLockManager] Waiting to acquire shared lock on daemon addresses registry.
2026-04-18T01:28:08.860+0530 [DEBUG] [org.gradle.cache.internal.DefaultFileLockManager] Lock acquired on daemon addresses registry.
2026-04-18T01:28:08.860+0530 [DEBUG] [org.gradle.cache.internal.DefaultFileLockManager] Releasing lock on daemon addresses registry.
2026-04-18T01:28:08.860+0530 [DEBUG] [org.gradle.launcher.daemon.server.Daemon] Finished periodic daemon health check.
2026-04-18T01:28:18.727+0530 [DEBUG] [org.gradle.internal.watch.vfs.impl.WatchingVirtualFileSystem] Handling VFS change CREATED /home/intervest/Desktop/IIT/cloud/cw1/cc-cw-group-03/search_service/src/main/resources/application.properties~
2026-04-18T01:28:18.728+0530 [DEBUG] [org.gradle.internal.watch.registry.impl.NonHierarchicalFileWatcherUpdater] Watching 29 directories to track changes
2026-04-18T01:28:18.733+0530 [DEBUG] [org.gradle.internal.watch.vfs.impl.WatchingVirtualFileSystem] Handling VFS change MODIFIED /home/intervest/Desktop/IIT/cloud/cw1/cc-cw-group-03/search_service/src/main/resources/application.properties
2026-04-18T01:28:18.733+0530 [DEBUG] [org.gradle.internal.watch.registry.impl.NonHierarchicalFileWatcherUpdater] Watching 29 directories to track changes
2026-04-18T01:28:18.860+0530 [DEBUG] [org.gradle.launcher.daemon.server.Daemon] Starting periodic daemon health check.
2026-04-18T01:28:18.860+0530 [DEBUG] [org.gradle.cache.internal.DefaultFileLockManager] Waiting to acquire shared lock on daemon addresses registry.
2026-04-18T01:28:18.860+0530 [DEBUG] [org.gradle.cache.internal.DefaultFileLockManager] Lock acquired on daemon addresses registry.
2026-04-18T01:28:18.860+0530 [DEBUG] [org.gradle.cache.internal.DefaultFileLockManager] Releasing lock on daemon addresses registry.
2026-04-18T01:28:18.861+0530 [DEBUG] [org.gradle.cache.internal.DefaultFileLockManager] Waiting to acquire shared lock on daemon addresses registry.
2026-04-18T01:28:18.861+0530 [DEBUG] [org.gradle.cache.internal.DefaultFileLockManager] Lock acquired on daemon addresses registry.
2026-04-18T01:28:18.861+0530 [DEBUG] [org.gradle.cache.internal.DefaultFileLockManager] Releasing lock on daemon addresses registry.
2026-04-18T01:28:18.861+0530 [DEBUG] [org.gradle.launcher.daemon.server.Daemon] Finished periodic daemon health check.
2026-04-18T01:28:28.860+0530 [DEBUG] [org.gradle.launcher.daemon.server.Daemon] Starting periodic daemon health check.
2026-04-18T01:28:28.860+0530 [DEBUG] [org.gradle.cache.internal.DefaultFileLockManager] Waiting to acquire shared lock on daemon addresses registry.
2026-04-18T01:28:28.860+0530 [DEBUG] [org.gradle.cache.internal.DefaultFileLockManager] Lock acquired on daemon addresses registry.
2026-04-18T01:28:28.860+0530 [DEBUG] [org.gradle.cache.internal.DefaultFileLockManager] Releasing lock on daemon addresses registry.
2026-04-18T01:28:28.860+0530 [DEBUG] [org.gradle.cache.internal.DefaultFileLockManager] Waiting to acquire shared lock on daemon addresses registry.
2026-04-18T01:28:28.860+0530 [DEBUG] [org.gradle.cache.internal.DefaultFileLockManager] Lock acquired on daemon addresses registry.
2026-04-18T01:28:28.860+0530 [DEBUG] [org.gradle.cache.internal.DefaultFileLockManager] Releasing lock on daemon addresses registry.
2026-04-18T01:28:28.861+0530 [DEBUG] [org.gradle.launcher.daemon.server.Daemon] Finished periodic daemon health check.
2026-04-18T01:28:38.860+0530 [DEBUG] [org.gradle.launcher.daemon.server.Daemon] Starting periodic daemon health check.
2026-04-18T01:28:38.860+0530 [DEBUG] [org.gradle.cache.internal.DefaultFileLockManager] Waiting to acquire shared lock on daemon addresses registry.
2026-04-18T01:28:38.860+0530 [DEBUG] [org.gradle.cache.internal.DefaultFileLockManager] Lock acquired on daemon addresses registry.
2026-04-18T01:28:38.860+0530 [DEBUG] [org.gradle.cache.internal.DefaultFileLockManager] Releasing lock on daemon addresses registry.
2026-04-18T01:28:38.861+0530 [DEBUG] [org.gradle.cache.internal.DefaultFileLockManager] Waiting to acquire shared lock on daemon addresses registry.
2026-04-18T01:28:38.861+0530 [DEBUG] [org.gradle.cache.internal.DefaultFileLockManager] Lock acquired on daemon addresses registry.
2026-04-18T01:28:38.861+0530 [DEBUG] [org.gradle.cache.internal.DefaultFileLockManager] Releasing lock on daemon addresses registry.
2026-04-18T01:28:38.861+0530 [DEBUG] [org.gradle.launcher.daemon.server.Daemon] Finished periodic daemon health check.
2026-04-18T01:28:48.860+0530 [DEBUG] [org.gradle.launcher.daemon.server.Daemon] Starting periodic daemon health check.
2026-04-18T01:28:48.860+0530 [DEBUG] [org.gradle.cache.internal.DefaultFileLockManager] Waiting to acquire shared lock on daemon addresses registry.
2026-04-18T01:28:48.860+0530 [DEBUG] [org.gradle.cache.internal.DefaultFileLockManager] Lock acquired on daemon addresses registry.
2026-04-18T01:28:48.860+0530 [DEBUG] [org.gradle.cache.internal.DefaultFileLockManager] Releasing lock on daemon addresses registry.
2026-04-18T01:28:48.860+0530 [DEBUG] [org.gradle.cache.internal.DefaultFileLockManager] Waiting to acquire shared lock on daemon addresses registry.
2026-04-18T01:28:48.860+0530 [DEBUG] [org.gradle.cache.internal.DefaultFileLockManager] Lock acquired on daemon addresses registry.
2026-04-18T01:28:48.860+0530 [DEBUG] [org.gradle.cache.internal.DefaultFileLockManager] Releasing lock on daemon addresses registry.
2026-04-18T01:28:48.860+0530 [DEBUG] [org.gradle.launcher.daemon.server.Daemon] Finished periodic daemon health check.
2026-04-18T01:28:58.860+0530 [DEBUG] [org.gradle.launcher.daemon.server.Daemon] Starting periodic daemon health check.
2026-04-18T01:28:58.860+0530 [DEBUG] [org.gradle.cache.internal.DefaultFileLockManager] Waiting to acquire shared lock on daemon addresses registry.
2026-04-18T01:28:58.860+0530 [DEBUG] [org.gradle.cache.internal.DefaultFileLockManager] Lock acquired on daemon addresses registry.
2026-04-18T01:28:58.860+0530 [DEBUG] [org.gradle.cache.internal.DefaultFileLockManager] Releasing lock on daemon addresses registry.
2026-04-18T01:28:58.860+0530 [DEBUG] [org.gradle.cache.internal.DefaultFileLockManager] Waiting to acquire shared lock on daemon addresses registry.
2026-04-18T01:28:58.860+0530 [DEBUG] [org.gradle.cache.internal.DefaultFileLockManager] Lock acquired on daemon addresses registry.
2026-04-18T01:28:58.861+0530 [DEBUG] [org.gradle.cache.internal.DefaultFileLockManager] Releasing lock on daemon addresses registry.
2026-04-18T01:28:58.861+0530 [DEBUG] [org.gradle.launcher.daemon.server.Daemon] Finished periodic daemon health check.
2026-04-18T01:29:08.860+0530 [DEBUG] [org.gradle.launcher.daemon.server.Daemon] Starting periodic daemon health check.
2026-04-18T01:29:08.860+0530 [DEBUG] [org.gradle.cache.internal.DefaultFileLockManager] Waiting to acquire shared lock on daemon addresses registry.
2026-04-18T01:29:08.860+0530 [DEBUG] [org.gradle.cache.internal.DefaultFileLockManager] Lock acquired on daemon addresses registry.
2026-04-18T01:29:08.860+0530 [DEBUG] [org.gradle.cache.internal.DefaultFileLockManager] Releasing lock on daemon addresses registry.
2026-04-18T01:29:08.860+0530 [DEBUG] [org.gradle.cache.internal.DefaultFileLockManager] Waiting to acquire shared lock on daemon addresses registry.
2026-04-18T01:29:08.860+0530 [DEBUG] [org.gradle.cache.internal.DefaultFileLockManager] Lock acquired on daemon addresses registry.
2026-04-18T01:29:08.860+0530 [DEBUG] [org.gradle.cache.internal.DefaultFileLockManager] Releasing lock on daemon addresses registry.
2026-04-18T01:29:08.860+0530 [DEBUG] [org.gradle.launcher.daemon.server.Daemon] Finished periodic daemon health check.
2026-04-18T01:29:18.860+0530 [DEBUG] [org.gradle.launcher.daemon.server.Daemon] Starting periodic daemon health check.
2026-04-18T01:29:18.860+0530 [DEBUG] [org.gradle.cache.internal.DefaultFileLockManager] Waiting to acquire shared lock on daemon addresses registry.
2026-04-18T01:29:18.860+0530 [DEBUG] [org.gradle.cache.internal.DefaultFileLockManager] Lock acquired on daemon addresses registry.
2026-04-18T01:29:18.860+0530 [DEBUG] [org.gradle.cache.internal.DefaultFileLockManager] Releasing lock on daemon addresses registry.
2026-04-18T01:29:18.860+0530 [DEBUG] [org.gradle.cache.internal.DefaultFileLockManager] Waiting to acquire shared lock on daemon addresses registry.
2026-04-18T01:29:18.860+0530 [DEBUG] [org.gradle.cache.internal.DefaultFileLockManager] Lock acquired on daemon addresses registry.
2026-04-18T01:29:18.860+0530 [DEBUG] [org.gradle.cache.internal.DefaultFileLockManager] Releasing lock on daemon addresses registry.
2026-04-18T01:29:18.860+0530 [DEBUG] [org.gradle.launcher.daemon.server.Daemon] Finished periodic daemon health check.
2026-04-18T01:29:28.860+0530 [DEBUG] [org.gradle.launcher.daemon.server.Daemon] Starting periodic daemon health check.
2026-04-18T01:29:28.860+0530 [DEBUG] [org.gradle.cache.internal.DefaultFileLockManager] Waiting to acquire shared lock on daemon addresses registry.
2026-04-18T01:29:28.860+0530 [DEBUG] [org.gradle.cache.internal.DefaultFileLockManager] Lock acquired on daemon addresses registry.
2026-04-18T01:29:28.860+0530 [DEBUG] [org.gradle.cache.internal.DefaultFileLockManager] Releasing lock on daemon addresses registry.
2026-04-18T01:29:28.860+0530 [DEBUG] [org.gradle.cache.internal.DefaultFileLockManager] Waiting to acquire shared lock on daemon addresses registry.
2026-04-18T01:29:28.860+0530 [DEBUG] [org.gradle.cache.internal.DefaultFileLockManager] Lock acquired on daemon addresses registry.
2026-04-18T01:29:28.860+0530 [DEBUG] [org.gradle.cache.internal.DefaultFileLockManager] Releasing lock on daemon addresses registry.
2026-04-18T01:29:28.860+0530 [DEBUG] [org.gradle.launcher.daemon.server.Daemon] Finished periodic daemon health check.
2026-04-18T01:29:38.859+0530 [DEBUG] [org.gradle.launcher.daemon.server.Daemon] Starting periodic daemon health check.
2026-04-18T01:29:38.860+0530 [DEBUG] [org.gradle.cache.internal.DefaultFileLockManager] Waiting to acquire shared lock on daemon addresses registry.
2026-04-18T01:29:38.860+0530 [DEBUG] [org.gradle.cache.internal.DefaultFileLockManager] Lock acquired on daemon addresses registry.
2026-04-18T01:29:38.860+0530 [DEBUG] [org.gradle.cache.internal.DefaultFileLockManager] Releasing lock on daemon addresses registry.
2026-04-18T01:29:38.860+0530 [DEBUG] [org.gradle.cache.internal.DefaultFileLockManager] Waiting to acquire shared lock on daemon addresses registry.
2026-04-18T01:29:38.860+0530 [DEBUG] [org.gradle.cache.internal.DefaultFileLockManager] Lock acquired on daemon addresses registry.
2026-04-18T01:29:38.860+0530 [DEBUG] [org.gradle.cache.internal.DefaultFileLockManager] Releasing lock on daemon addresses registry.
2026-04-18T01:29:38.860+0530 [DEBUG] [org.gradle.launcher.daemon.server.Daemon] Finished periodic daemon health check.
2026-04-18T01:29:48.860+0530 [DEBUG] [org.gradle.launcher.daemon.server.Daemon] Starting periodic daemon health check.
2026-04-18T01:29:48.860+0530 [DEBUG] [org.gradle.cache.internal.DefaultFileLockManager] Waiting to acquire shared lock on daemon addresses registry.
2026-04-18T01:29:48.860+0530 [DEBUG] [org.gradle.cache.internal.DefaultFileLockManager] Lock acquired on daemon addresses registry.
2026-04-18T01:29:48.860+0530 [DEBUG] [org.gradle.cache.internal.DefaultFileLockManager] Releasing lock on daemon addresses registry.
2026-04-18T01:29:48.860+0530 [DEBUG] [org.gradle.cache.internal.DefaultFileLockManager] Waiting to acquire shared lock on daemon addresses registry.
2026-04-18T01:29:48.860+0530 [DEBUG] [org.gradle.cache.internal.DefaultFileLockManager] Lock acquired on daemon addresses registry.
2026-04-18T01:29:48.860+0530 [DEBUG] [org.gradle.cache.internal.DefaultFileLockManager] Releasing lock on daemon addresses registry.
2026-04-18T01:29:48.860+0530 [DEBUG] [org.gradle.launcher.daemon.server.Daemon] Finished periodic daemon health check.
2026-04-18T01:29:58.860+0530 [DEBUG] [org.gradle.launcher.daemon.server.Daemon] Starting periodic daemon health check.
2026-04-18T01:29:58.860+0530 [DEBUG] [org.gradle.cache.internal.DefaultFileLockManager] Waiting to acquire shared lock on daemon addresses registry.
2026-04-18T01:29:58.860+0530 [DEBUG] [org.gradle.cache.internal.DefaultFileLockManager] Lock acquired on daemon addresses registry.
2026-04-18T01:29:58.860+0530 [DEBUG] [org.gradle.cache.internal.DefaultFileLockManager] Releasing lock on daemon addresses registry.
2026-04-18T01:29:58.860+0530 [DEBUG] [org.gradle.cache.internal.DefaultFileLockManager] Waiting to acquire shared lock on daemon addresses registry.
2026-04-18T01:29:58.860+0530 [DEBUG] [org.gradle.cache.internal.DefaultFileLockManager] Lock acquired on daemon addresses registry.
2026-04-18T01:29:58.860+0530 [DEBUG] [org.gradle.cache.internal.DefaultFileLockManager] Releasing lock on daemon addresses registry.
2026-04-18T01:29:58.860+0530 [DEBUG] [org.gradle.launcher.daemon.server.Daemon] Finished periodic daemon health check.
2026-04-18T01:30:08.860+0530 [DEBUG] [org.gradle.launcher.daemon.server.Daemon] Starting periodic daemon health check.
2026-04-18T01:30:08.860+0530 [DEBUG] [org.gradle.cache.internal.DefaultFileLockManager] Waiting to acquire shared lock on daemon addresses registry.
2026-04-18T01:30:08.860+0530 [DEBUG] [org.gradle.cache.internal.DefaultFileLockManager] Lock acquired on daemon addresses registry.
2026-04-18T01:30:08.860+0530 [DEBUG] [org.gradle.cache.internal.DefaultFileLockManager] Releasing lock on daemon addresses registry.
2026-04-18T01:30:08.861+0530 [DEBUG] [org.gradle.cache.internal.DefaultFileLockManager] Waiting to acquire shared lock on daemon addresses registry.
2026-04-18T01:30:08.861+0530 [DEBUG] [org.gradle.cache.internal.DefaultFileLockManager] Lock acquired on daemon addresses registry.
2026-04-18T01:30:08.861+0530 [DEBUG] [org.gradle.cache.internal.DefaultFileLockManager] Releasing lock on daemon addresses registry.
2026-04-18T01:30:08.861+0530 [DEBUG] [org.gradle.launcher.daemon.server.Daemon] Finished periodic daemon health check.
2026-04-18T01:30:18.860+0530 [DEBUG] [org.gradle.launcher.daemon.server.Daemon] Starting periodic daemon health check.
2026-04-18T01:30:18.860+0530 [DEBUG] [org.gradle.cache.internal.DefaultFileLockManager] Waiting to acquire shared lock on daemon addresses registry.
2026-04-18T01:30:18.860+0530 [DEBUG] [org.gradle.cache.internal.DefaultFileLockManager] Lock acquired on daemon addresses registry.
2026-04-18T01:30:18.860+0530 [DEBUG] [org.gradle.cache.internal.DefaultFileLockManager] Releasing lock on daemon addresses registry.
2026-04-18T01:30:18.860+0530 [DEBUG] [org.gradle.cache.internal.DefaultFileLockManager] Waiting to acquire shared lock on daemon addresses registry.
2026-04-18T01:30:18.860+0530 [DEBUG] [org.gradle.cache.internal.DefaultFileLockManager] Lock acquired on daemon addresses registry.
2026-04-18T01:30:18.860+0530 [DEBUG] [org.gradle.cache.internal.DefaultFileLockManager] Releasing lock on daemon addresses registry.
2026-04-18T01:30:18.861+0530 [DEBUG] [org.gradle.launcher.daemon.server.Daemon] Finished periodic daemon health check.
2026-04-18T01:30:28.860+0530 [DEBUG] [org.gradle.launcher.daemon.server.Daemon] Starting periodic daemon health check.
2026-04-18T01:30:28.860+0530 [DEBUG] [org.gradle.cache.internal.DefaultFileLockManager] Waiting to acquire shared lock on daemon addresses registry.
2026-04-18T01:30:28.860+0530 [DEBUG] [org.gradle.cache.internal.DefaultFileLockManager] Lock acquired on daemon addresses registry.
2026-04-18T01:30:28.860+0530 [DEBUG] [org.gradle.cache.internal.DefaultFileLockManager] Releasing lock on daemon addresses registry.
2026-04-18T01:30:28.860+0530 [DEBUG] [org.gradle.cache.internal.DefaultFileLockManager] Waiting to acquire shared lock on daemon addresses registry.
2026-04-18T01:30:28.861+0530 [DEBUG] [org.gradle.cache.internal.DefaultFileLockManager] Lock acquired on daemon addresses registry.
2026-04-18T01:30:28.861+0530 [DEBUG] [org.gradle.cache.internal.DefaultFileLockManager] Releasing lock on daemon addresses registry.
2026-04-18T01:30:28.861+0530 [DEBUG] [org.gradle.launcher.daemon.server.Daemon] Finished periodic daemon health check.
2026-04-18T01:30:38.860+0530 [DEBUG] [org.gradle.launcher.daemon.server.Daemon] Starting periodic daemon health check.
2026-04-18T01:30:38.860+0530 [DEBUG] [org.gradle.cache.internal.DefaultFileLockManager] Waiting to acquire shared lock on daemon addresses registry.
2026-04-18T01:30:38.860+0530 [DEBUG] [org.gradle.cache.internal.DefaultFileLockManager] Lock acquired on daemon addresses registry.
2026-04-18T01:30:38.860+0530 [DEBUG] [org.gradle.cache.internal.DefaultFileLockManager] Releasing lock on daemon addresses registry.
2026-04-18T01:30:38.860+0530 [DEBUG] [org.gradle.cache.internal.DefaultFileLockManager] Waiting to acquire shared lock on daemon addresses registry.
2026-04-18T01:30:38.860+0530 [DEBUG] [org.gradle.cache.internal.DefaultFileLockManager] Lock acquired on daemon addresses registry.
2026-04-18T01:30:38.860+0530 [DEBUG] [org.gradle.cache.internal.DefaultFileLockManager] Releasing lock on daemon addresses registry.
2026-04-18T01:30:38.860+0530 [DEBUG] [org.gradle.launcher.daemon.server.Daemon] Finished periodic daemon health check.
2026-04-18T01:30:47.310+0530 [DEBUG] [org.gradle.internal.remote.internal.inet.TcpIncomingConnector] Accepted connection from /127.0.0.1:39398 to /127.0.0.1:36845.
2026-04-18T01:30:47.317+0530 [DEBUG] [org.gradle.launcher.daemon.server.SynchronizedDispatchConnection] thread 393: received class org.gradle.launcher.daemon.protocol.InvalidateVirtualFileSystemAfterChange
2026-04-18T01:30:47.317+0530 [DEBUG] [org.gradle.launcher.daemon.server.DefaultDaemonConnection] thread 393: Received non-IO message from client: InvalidateVirtualFileSystemAfterChange[id=5ebe53af-9b89-4410-8e5d-f4cf7720e77c]
2026-04-18T01:30:47.318+0530 [INFO] [org.gradle.launcher.daemon.server.DefaultIncomingConnectionHandler] Received command: InvalidateVirtualFileSystemAfterChange[id=5ebe53af-9b89-4410-8e5d-f4cf7720e77c].
2026-04-18T01:30:47.318+0530 [DEBUG] [org.gradle.launcher.daemon.server.DefaultIncomingConnectionHandler] Starting executing command: InvalidateVirtualFileSystemAfterChange[id=5ebe53af-9b89-4410-8e5d-f4cf7720e77c] with connection: socket connection from /127.0.0.1:36845 to /127.0.0.1:39398.
2026-04-18T01:30:47.318+0530 [INFO] [org.gradle.launcher.daemon.server.api.HandleInvalidateVirtualFileSystem] Invalidating [/home/intervest/Desktop/IIT/cloud/cw1/cc-cw-group-03/search_service/src/main/resources/application.properties]
2026-04-18T01:30:47.318+0530 [DEBUG] [org.gradle.internal.vfs.impl.AbstractVirtualFileSystem] Invalidating VFS paths: [/home/intervest/Desktop/IIT/cloud/cw1/cc-cw-group-03/search_service/src/main/resources/application.properties]
2026-04-18T01:30:47.318+0530 [DEBUG] [org.gradle.launcher.daemon.server.SynchronizedDispatchConnection] thread 392: dispatching Success[value=null]
2026-04-18T01:30:47.318+0530 [DEBUG] [org.gradle.launcher.daemon.server.DefaultIncomingConnectionHandler] Finishing executing command: InvalidateVirtualFileSystemAfterChange[id=5ebe53af-9b89-4410-8e5d-f4cf7720e77c]
2026-04-18T01:30:47.319+0530 [DEBUG] [org.gradle.launcher.daemon.server.SynchronizedDispatchConnection] thread 393: received class org.gradle.launcher.daemon.protocol.Finished
2026-04-18T01:30:47.319+0530 [DEBUG] [org.gradle.launcher.daemon.server.DefaultDaemonConnection] thread 393: Received non-IO message from client: org.gradle.launcher.daemon.protocol.Finished@3722b4f7
2026-04-18T01:30:47.319+0530 [DEBUG] [org.gradle.launcher.daemon.server.DefaultIncomingConnectionHandler] Received finished message: org.gradle.launcher.daemon.protocol.Finished@3722b4f7
2026-04-18T01:30:47.319+0530 [DEBUG] [org.gradle.launcher.daemon.server.SynchronizedDispatchConnection] thread 392: stopping connection
2026-04-18T01:30:47.319+0530 [DEBUG] [org.gradle.internal.remote.internal.inet.SocketConnection] Discarding EOFException: java.io.EOFException
2026-04-18T01:30:47.319+0530 [DEBUG] [org.gradle.launcher.daemon.server.SynchronizedDispatchConnection] thread 393: received null
2026-04-18T01:30:47.319+0530 [DEBUG] [org.gradle.launcher.daemon.server.DefaultDaemonConnection] thread 393: Received end-of-input from client.
2026-04-18T01:30:47.319+0530 [DEBUG] [org.gradle.launcher.daemon.server.SynchronizedDispatchConnection] thread 392: stopping connection
2026-04-18T01:30:47.330+0530 [DEBUG] [org.gradle.internal.remote.internal.inet.TcpIncomingConnector] Accepted connection from /127.0.0.1:39412 to /127.0.0.1:36845.
2026-04-18T01:30:47.344+0530 [DEBUG] [org.gradle.launcher.daemon.server.SynchronizedDispatchConnection] thread 394: received class org.gradle.launcher.daemon.protocol.Build
2026-04-18T01:30:47.344+0530 [DEBUG] [org.gradle.launcher.daemon.server.DefaultDaemonConnection] thread 394: Received non-IO message from client: Build{id=cbbb6602-1f94-4cf2-abe0-b5836a10a812, currentDir=/home/intervest/Desktop/IIT/cloud/cw1/cc-cw-group-03/search_service}
2026-04-18T01:30:47.344+0530 [INFO] [org.gradle.launcher.daemon.server.DefaultIncomingConnectionHandler] Received command: Build{id=cbbb6602-1f94-4cf2-abe0-b5836a10a812, currentDir=/home/intervest/Desktop/IIT/cloud/cw1/cc-cw-group-03/search_service}.
2026-04-18T01:30:47.344+0530 [DEBUG] [org.gradle.launcher.daemon.server.DefaultIncomingConnectionHandler] Starting executing command: Build{id=cbbb6602-1f94-4cf2-abe0-b5836a10a812, currentDir=/home/intervest/Desktop/IIT/cloud/cw1/cc-cw-group-03/search_service} with connection: socket connection from /127.0.0.1:36845 to /127.0.0.1:39412.
2026-04-18T01:30:47.345+0530 [DEBUG] [org.gradle.launcher.daemon.server.DaemonStateCoordinator] Command execution: started DaemonCommandExecution[command = Build{id=cbbb6602-1f94-4cf2-abe0-b5836a10a812, currentDir=/home/intervest/Desktop/IIT/cloud/cw1/cc-cw-group-03/search_service}, connection = DefaultDaemonConnection: socket connection from /127.0.0.1:36845 to /127.0.0.1:39412] after 3.206733333333333 minutes of idle
2026-04-18T01:30:47.345+0530 [INFO] [org.gradle.launcher.daemon.server.DaemonRegistryUpdater] Marking the daemon as busy, address: [710e502e-9680-4521-aa75-ed7da72a27e1 port:36845, addresses:[localhost/127.0.0.1]]
2026-04-18T01:30:47.345+0530 [DEBUG] [org.gradle.launcher.daemon.registry.PersistentDaemonRegistry] Marking busy by address: [710e502e-9680-4521-aa75-ed7da72a27e1 port:36845, addresses:[localhost/127.0.0.1]]
2026-04-18T01:30:47.345+0530 [DEBUG] [org.gradle.cache.internal.DefaultFileLockManager] Waiting to acquire exclusive lock on daemon addresses registry.
2026-04-18T01:30:47.345+0530 [DEBUG] [org.gradle.cache.internal.DefaultFileLockManager] Lock acquired on daemon addresses registry.
2026-04-18T01:30:47.346+0530 [DEBUG] [org.gradle.cache.internal.DefaultFileLockManager] Releasing lock on daemon addresses registry.
2026-04-18T01:30:47.346+0530 [DEBUG] [org.gradle.launcher.daemon.server.DaemonStateCoordinator] resetting idle timer
2026-04-18T01:30:47.346+0530 [DEBUG] [org.gradle.launcher.daemon.server.DaemonStateCoordinator] daemon is running. Sleeping until state changes.
2026-04-18T01:30:47.346+0530 [INFO] [org.gradle.launcher.daemon.server.exec.StartBuildOrRespondWithBusy] Daemon is about to start building Build{id=cbbb6602-1f94-4cf2-abe0-b5836a10a812, currentDir=/home/intervest/Desktop/IIT/cloud/cw1/cc-cw-group-03/search_service}. Dispatching build started information...
2026-04-18T01:30:47.346+0530 [DEBUG] [org.gradle.launcher.daemon.server.SynchronizedDispatchConnection] thread 396: dispatching org.gradle.launcher.daemon.protocol.BuildStarted@6e3cff29
2026-04-18T01:30:47.347+0530 [DEBUG] [org.gradle.launcher.daemon.server.exec.EstablishBuildEnvironment] Configuring env variables: [PATH, XAUTHORITY, INVOCATION_ID, LC_MEASUREMENT, XMODIFIERS, LC_TELEPHONE, GDMSESSION, XDG_DATA_DIRS, LC_TIME, GTK_IM_MODULE, DBUS_SESSION_BUS_ADDRESS, XDG_CURRENT_DESKTOP, JOURNAL_STREAM, LC_PAPER, USERNAME, SESSION_MANAGER, LOGNAME, PWD, MANAGERPID, IM_CONFIG_PHASE, GJS_DEBUG_TOPICS, SHELL, LC_ADDRESS, GIO_LAUNCHED_DESKTOP_FILE, GNOME_DESKTOP_SESSION_ID, GTK_MODULES, SYSTEMD_EXEC_PID, XDG_SESSION_DESKTOP, SSH_AGENT_LAUNCHER, SHLVL, LC_IDENTIFICATION, LC_MONETARY, QT_IM_MODULE, XDG_CONFIG_DIRS, LANG, XDG_SESSION_TYPE, DISPLAY, LC_NAME, _, XDG_SESSION_CLASS, GTK3_MODULES, GPG_AGENT_INFO, DESKTOP_SESSION, USER, XDG_MENU_PREFIX, GIO_LAUNCHED_DESKTOP_FILE_PID, WINDOWPATH, QT_ACCESSIBILITY, GJS_DEBUG_OUTPUT, LC_NUMERIC, SSH_AUTH_SOCK, GNOME_SHELL_SESSION_MODE, XDG_RUNTIME_DIR, HOME]
2026-04-18T01:30:47.348+0530 [DEBUG] [org.gradle.launcher.daemon.server.exec.LogToClient] About to start relaying all logs to the client via the connection.
2026-04-18T01:30:47.348+0530 [INFO] [org.gradle.launcher.daemon.server.exec.LogToClient] The client will now receive all logging from the daemon (pid: 303917). The daemon log file: /home/intervest/Desktop/IIT/cloud/cw1/cc-cw-group-03/search_service/daemon/9.3.1/daemon-303917.out.log
2026-04-18T01:30:47.349+0530 [INFO] [org.gradle.launcher.daemon.server.exec.LogAndCheckHealth] Starting 3rd build in daemon [uptime: 1 hrs 0 mins 28.718 secs, performance: 99%, GC rate: 0.00/s, heap usage: 0% of 512 MiB, non-heap usage: 24% of 384 MiB]
2026-04-18T01:30:47.349+0530 [DEBUG] [org.gradle.launcher.daemon.server.exec.ExecuteBuild] The daemon has started executing the build.
2026-04-18T01:30:47.349+0530 [DEBUG] [org.gradle.launcher.daemon.server.exec.ExecuteBuild] Executing build with daemon context: DefaultDaemonContext[uid=bb7e8095-3a97-4917-a9da-e62e239e2c37,javaHome=/home/intervest/.jdks/temurin-21.0.10,javaVersion=21,javaVendor=Eclipse Adoptium,daemonRegistryDir=/home/intervest/Desktop/IIT/cloud/cw1/cc-cw-group-03/search_service/daemon,pid=303917,idleTimeout=10800000,priority=NORMAL,applyInstrumentationAgent=true,nativeServicesMode=ENABLED,daemonOpts=-XX:MaxMetaspaceSize=384m,-XX:+HeapDumpOnOutOfMemoryError,-Xms256m,-Xmx512m,-Dfile.encoding=UTF-8,-Duser.country=US,-Duser.language=en,-Duser.variant]

[Incubating] Problems report is available at: file:///home/intervest/Desktop/IIT/cloud/cw1/cc-cw-group-03/search_service/build/reports/problems/problems-report.html

Deprecated Gradle features were used in this build, making it incompatible with Gradle 10.

You can use '--warning-mode all' to show the individual deprecation warnings and determine if they come from your own scripts or plugins.

For more on this, please refer to https://docs.gradle.org/9.3.1/userguide/command_line_interface.html#sec:command_line_warnings in the Gradle documentation.

BUILD SUCCESSFUL in 7s
2026-04-18T01:30:54.825+0530 [DEBUG] [org.gradle.launcher.daemon.server.exec.ExecuteBuild] The daemon has finished executing the build.
2026-04-18T01:30:54.834+0530 [DEBUG] [org.gradle.launcher.daemon.server.DaemonStateCoordinator] daemon is running. Sleeping until state changes.
2026-04-18T01:30:54.835+0530 [DEBUG] [org.gradle.launcher.daemon.server.DaemonStateCoordinator] Command execution: finished waiting for DaemonCommandExecution[command = Build{id=cbbb6602-1f94-4cf2-abe0-b5836a10a812, currentDir=/home/intervest/Desktop/IIT/cloud/cw1/cc-cw-group-03/search_service}, connection = DefaultDaemonConnection: socket connection from /127.0.0.1:36845 to /127.0.0.1:39412]. Result org.gradle.launcher.daemon.server.DaemonStateCoordinator@5bdaf214 with state Busy
2026-04-18T01:30:54.835+0530 [DEBUG] [org.gradle.launcher.daemon.server.DaemonStateCoordinator] Command execution: completed DaemonCommandExecution[command = Build{id=cbbb6602-1f94-4cf2-abe0-b5836a10a812, currentDir=/home/intervest/Desktop/IIT/cloud/cw1/cc-cw-group-03/search_service}, connection = DefaultDaemonConnection: socket connection from /127.0.0.1:36845 to /127.0.0.1:39412]
2026-04-18T01:30:54.835+0530 [DEBUG] [org.gradle.launcher.daemon.server.DaemonStateCoordinator] resetting idle timer
2026-04-18T01:30:54.835+0530 [INFO] [org.gradle.launcher.daemon.server.DaemonRegistryUpdater] Marking the daemon as idle, address: [710e502e-9680-4521-aa75-ed7da72a27e1 port:36845, addresses:[localhost/127.0.0.1]]
2026-04-18T01:30:54.835+0530 [DEBUG] [org.gradle.launcher.daemon.registry.PersistentDaemonRegistry] Marking busy by address: [710e502e-9680-4521-aa75-ed7da72a27e1 port:36845, addresses:[localhost/127.0.0.1]]
2026-04-18T01:30:54.835+0530 [DEBUG] [org.gradle.cache.internal.DefaultFileLockManager] Waiting to acquire exclusive lock on daemon addresses registry.
2026-04-18T01:30:54.835+0530 [DEBUG] [org.gradle.cache.internal.DefaultFileLockManager] Lock acquired on daemon addresses registry.
2026-04-18T01:30:54.836+0530 [DEBUG] [org.gradle.cache.internal.DefaultFileLockManager] Releasing lock on daemon addresses registry.
2026-04-18T01:30:54.836+0530 [DEBUG] [org.gradle.launcher.daemon.server.DaemonStateCoordinator] daemon is running. Sleeping until state changes.
2026-04-18T01:30:54.836+0530 [DEBUG] [org.gradle.launcher.daemon.server.exec.ReturnResult] Daemon is dispatching the build result: Success[value=org.gradle.launcher.exec.BuildActionResult@349fd48e]
2026-04-18T01:30:54.836+0530 [DEBUG] [org.gradle.launcher.daemon.server.SynchronizedDispatchConnection] thread 392: dispatching Success[value=org.gradle.launcher.exec.BuildActionResult@349fd48e]
2026-04-18T01:30:54.836+0530 [DEBUG] [org.gradle.launcher.daemon.server.SynchronizedDispatchConnection] thread 394: received class org.gradle.launcher.daemon.protocol.CloseInput
2026-04-18T01:30:54.836+0530 [DEBUG] [org.gradle.launcher.daemon.server.DefaultDaemonConnection] thread 394: Received IO message from client: org.gradle.launcher.daemon.protocol.CloseInput@64da26f9
2026-04-18T01:30:54.837+0530 [DEBUG] [org.gradle.launcher.daemon.server.SynchronizedDispatchConnection] thread 394: received class org.gradle.launcher.daemon.protocol.Finished
2026-04-18T01:30:54.837+0530 [DEBUG] [org.gradle.launcher.daemon.server.DefaultDaemonConnection] thread 394: Received non-IO message from client: org.gradle.launcher.daemon.protocol.Finished@473f9a6c
2026-04-18T01:30:54.837+0530 [DEBUG] [org.gradle.internal.remote.internal.inet.SocketConnection] Discarding EOFException: java.io.EOFException
2026-04-18T01:30:54.837+0530 [DEBUG] [org.gradle.launcher.daemon.server.SynchronizedDispatchConnection] thread 394: received null
2026-04-18T01:30:54.837+0530 [DEBUG] [org.gradle.launcher.daemon.server.DefaultDaemonConnection] thread 394: Received end-of-input from client.
2026-04-18T01:30:54.836+0530 [DEBUG] [org.gradle.launcher.daemon.server.DefaultIncomingConnectionHandler] Finishing executing command: Build{id=cbbb6602-1f94-4cf2-abe0-b5836a10a812, currentDir=/home/intervest/Desktop/IIT/cloud/cw1/cc-cw-group-03/search_service}
2026-04-18T01:30:54.836+0530 [DEBUG] [org.gradle.launcher.daemon.server.exec.CleanUpVirtualFileSystemAfterBuild] Cleaning virtual file system after build finished
2026-04-18T01:30:54.837+0530 [WARN] [org.gradle.launcher.daemon.server.DefaultIncomingConnectionHandler] Timed out waiting for finished message from client socket connection from /127.0.0.1:36845 to /127.0.0.1:39412. Discarding connection.
2026-04-18T01:30:54.837+0530 [DEBUG] [org.gradle.launcher.daemon.server.SynchronizedDispatchConnection] thread 392: stopping connection
2026-04-18T01:30:54.837+0530 [DEBUG] [org.gradle.launcher.daemon.server.SynchronizedDispatchConnection] thread 392: stopping connection
2026-04-18T01:30:58.860+0530 [DEBUG] [org.gradle.launcher.daemon.server.Daemon] Starting periodic daemon health check.
2026-04-18T01:30:58.860+0530 [DEBUG] [org.gradle.cache.internal.DefaultFileLockManager] Waiting to acquire shared lock on daemon addresses registry.
2026-04-18T01:30:58.860+0530 [DEBUG] [org.gradle.cache.internal.DefaultFileLockManager] Lock acquired on daemon addresses registry.
2026-04-18T01:30:58.860+0530 [DEBUG] [org.gradle.cache.internal.DefaultFileLockManager] Releasing lock on daemon addresses registry.
2026-04-18T01:30:58.860+0530 [DEBUG] [org.gradle.cache.internal.DefaultFileLockManager] Waiting to acquire shared lock on daemon addresses registry.
2026-04-18T01:30:58.860+0530 [DEBUG] [org.gradle.cache.internal.DefaultFileLockManager] Lock acquired on daemon addresses registry.
2026-04-18T01:30:58.861+0530 [DEBUG] [org.gradle.cache.internal.DefaultFileLockManager] Releasing lock on daemon addresses registry.
2026-04-18T01:30:58.861+0530 [DEBUG] [org.gradle.launcher.daemon.server.Daemon] Finished periodic daemon health check.
2026-04-18T01:31:01.371+0530 [DEBUG] [org.gradle.internal.remote.internal.inet.TcpIncomingConnector] Accepted connection from /127.0.0.1:44908 to /127.0.0.1:36845.
2026-04-18T01:31:01.374+0530 [DEBUG] [org.gradle.launcher.daemon.server.SynchronizedDispatchConnection] thread 548: received class org.gradle.launcher.daemon.protocol.Build
2026-04-18T01:31:01.374+0530 [DEBUG] [org.gradle.launcher.daemon.server.DefaultDaemonConnection] thread 548: Received non-IO message from client: Build{id=1be35b96-381c-4235-a8c2-d43f38285435, currentDir=/home/intervest/Desktop/IIT/cloud/cw1/cc-cw-group-03/search_service}
2026-04-18T01:31:01.374+0530 [INFO] [org.gradle.launcher.daemon.server.DefaultIncomingConnectionHandler] Received command: Build{id=1be35b96-381c-4235-a8c2-d43f38285435, currentDir=/home/intervest/Desktop/IIT/cloud/cw1/cc-cw-group-03/search_service}.
2026-04-18T01:31:01.374+0530 [DEBUG] [org.gradle.launcher.daemon.server.DefaultIncomingConnectionHandler] Starting executing command: Build{id=1be35b96-381c-4235-a8c2-d43f38285435, currentDir=/home/intervest/Desktop/IIT/cloud/cw1/cc-cw-group-03/search_service} with connection: socket connection from /127.0.0.1:36845 to /127.0.0.1:44908.
2026-04-18T01:31:01.374+0530 [DEBUG] [org.gradle.launcher.daemon.server.DaemonStateCoordinator] Command execution: started DaemonCommandExecution[command = Build{id=1be35b96-381c-4235-a8c2-d43f38285435, currentDir=/home/intervest/Desktop/IIT/cloud/cw1/cc-cw-group-03/search_service}, connection = DefaultDaemonConnection: socket connection from /127.0.0.1:36845 to /127.0.0.1:44908] after 0.10898333333333333 minutes of idle
2026-04-18T01:31:01.374+0530 [INFO] [org.gradle.launcher.daemon.server.DaemonRegistryUpdater] Marking the daemon as busy, address: [710e502e-9680-4521-aa75-ed7da72a27e1 port:36845, addresses:[localhost/127.0.0.1]]
2026-04-18T01:31:01.374+0530 [DEBUG] [org.gradle.launcher.daemon.registry.PersistentDaemonRegistry] Marking busy by address: [710e502e-9680-4521-aa75-ed7da72a27e1 port:36845, addresses:[localhost/127.0.0.1]]
2026-04-18T01:31:01.375+0530 [DEBUG] [org.gradle.cache.internal.DefaultFileLockManager] Waiting to acquire exclusive lock on daemon addresses registry.
2026-04-18T01:31:01.375+0530 [DEBUG] [org.gradle.cache.internal.DefaultFileLockManager] Lock acquired on daemon addresses registry.
2026-04-18T01:31:01.375+0530 [DEBUG] [org.gradle.cache.internal.DefaultFileLockManager] Releasing lock on daemon addresses registry.
2026-04-18T01:31:01.376+0530 [DEBUG] [org.gradle.launcher.daemon.server.DaemonStateCoordinator] resetting idle timer
2026-04-18T01:31:01.376+0530 [DEBUG] [org.gradle.launcher.daemon.server.DaemonStateCoordinator] daemon is running. Sleeping until state changes.
2026-04-18T01:31:01.376+0530 [INFO] [org.gradle.launcher.daemon.server.exec.StartBuildOrRespondWithBusy] Daemon is about to start building Build{id=1be35b96-381c-4235-a8c2-d43f38285435, currentDir=/home/intervest/Desktop/IIT/cloud/cw1/cc-cw-group-03/search_service}. Dispatching build started information...
2026-04-18T01:31:01.376+0530 [DEBUG] [org.gradle.launcher.daemon.server.SynchronizedDispatchConnection] thread 396: dispatching org.gradle.launcher.daemon.protocol.BuildStarted@2b6b13bb
2026-04-18T01:31:01.376+0530 [DEBUG] [org.gradle.launcher.daemon.server.exec.EstablishBuildEnvironment] Configuring env variables: [PATH, XAUTHORITY, INVOCATION_ID, LC_MEASUREMENT, XMODIFIERS, LC_TELEPHONE, GDMSESSION, XDG_DATA_DIRS, LC_TIME, GTK_IM_MODULE, DBUS_SESSION_BUS_ADDRESS, XDG_CURRENT_DESKTOP, JOURNAL_STREAM, LC_PAPER, USERNAME, SESSION_MANAGER, LOGNAME, PWD, MANAGERPID, IM_CONFIG_PHASE, GJS_DEBUG_TOPICS, SHELL, LC_ADDRESS, GIO_LAUNCHED_DESKTOP_FILE, GNOME_DESKTOP_SESSION_ID, GTK_MODULES, SYSTEMD_EXEC_PID, XDG_SESSION_DESKTOP, SSH_AGENT_LAUNCHER, SHLVL, LC_IDENTIFICATION, LC_MONETARY, QT_IM_MODULE, XDG_CONFIG_DIRS, LANG, XDG_SESSION_TYPE, DISPLAY, LC_NAME, _, XDG_SESSION_CLASS, GTK3_MODULES, GPG_AGENT_INFO, DESKTOP_SESSION, USER, XDG_MENU_PREFIX, GIO_LAUNCHED_DESKTOP_FILE_PID, WINDOWPATH, QT_ACCESSIBILITY, GJS_DEBUG_OUTPUT, LC_NUMERIC, SSH_AUTH_SOCK, GNOME_SHELL_SESSION_MODE, XDG_RUNTIME_DIR, HOME]
2026-04-18T01:31:01.377+0530 [DEBUG] [org.gradle.launcher.daemon.server.exec.LogToClient] About to start relaying all logs to the client via the connection.
2026-04-18T01:31:01.377+0530 [INFO] [org.gradle.launcher.daemon.server.exec.LogToClient] The client will now receive all logging from the daemon (pid: 303917). The daemon log file: /home/intervest/Desktop/IIT/cloud/cw1/cc-cw-group-03/search_service/daemon/9.3.1/daemon-303917.out.log
2026-04-18T01:31:01.378+0530 [INFO] [org.gradle.launcher.daemon.server.exec.LogAndCheckHealth] Starting 4th build in daemon [uptime: 1 hrs 0 mins 42.747 secs, performance: 100%, GC rate: 0.00/s, heap usage: 0% of 512 MiB, non-heap usage: 25% of 384 MiB]
2026-04-18T01:31:01.379+0530 [DEBUG] [org.gradle.launcher.daemon.server.exec.ExecuteBuild] The daemon has started executing the build.
2026-04-18T01:31:01.379+0530 [DEBUG] [org.gradle.launcher.daemon.server.exec.ExecuteBuild] Executing build with daemon context: DefaultDaemonContext[uid=bb7e8095-3a97-4917-a9da-e62e239e2c37,javaHome=/home/intervest/.jdks/temurin-21.0.10,javaVersion=21,javaVendor=Eclipse Adoptium,daemonRegistryDir=/home/intervest/Desktop/IIT/cloud/cw1/cc-cw-group-03/search_service/daemon,pid=303917,idleTimeout=10800000,priority=NORMAL,applyInstrumentationAgent=true,nativeServicesMode=ENABLED,daemonOpts=-XX:MaxMetaspaceSize=384m,-XX:+HeapDumpOnOutOfMemoryError,-Xms256m,-Xmx512m,-Dfile.encoding=UTF-8,-Duser.country=US,-Duser.language=en,-Duser.variant]

[Incubating] Problems report is available at: file:///home/intervest/Desktop/IIT/cloud/cw1/cc-cw-group-03/search_service/build/reports/problems/problems-report.html

Deprecated Gradle features were used in this build, making it incompatible with Gradle 10.

You can use '--warning-mode all' to show the individual deprecation warnings and determine if they come from your own scripts or plugins.

For more on this, please refer to https://docs.gradle.org/9.3.1/userguide/command_line_interface.html#sec:command_line_warnings in the Gradle documentation.

BUILD SUCCESSFUL in 964ms
2026-04-18T01:31:02.344+0530 [DEBUG] [org.gradle.launcher.daemon.server.exec.ExecuteBuild] The daemon has finished executing the build.
2026-04-18T01:31:02.347+0530 [DEBUG] [org.gradle.launcher.daemon.server.DaemonStateCoordinator] daemon is running. Sleeping until state changes.
2026-04-18T01:31:02.347+0530 [DEBUG] [org.gradle.launcher.daemon.server.DaemonStateCoordinator] Command execution: finished waiting for DaemonCommandExecution[command = Build{id=1be35b96-381c-4235-a8c2-d43f38285435, currentDir=/home/intervest/Desktop/IIT/cloud/cw1/cc-cw-group-03/search_service}, connection = DefaultDaemonConnection: socket connection from /127.0.0.1:36845 to /127.0.0.1:44908]. Result org.gradle.launcher.daemon.server.DaemonStateCoordinator@5bdaf214 with state Busy
2026-04-18T01:31:02.347+0530 [DEBUG] [org.gradle.launcher.daemon.server.DaemonStateCoordinator] Command execution: completed DaemonCommandExecution[command = Build{id=1be35b96-381c-4235-a8c2-d43f38285435, currentDir=/home/intervest/Desktop/IIT/cloud/cw1/cc-cw-group-03/search_service}, connection = DefaultDaemonConnection: socket connection from /127.0.0.1:36845 to /127.0.0.1:44908]
2026-04-18T01:31:02.347+0530 [DEBUG] [org.gradle.launcher.daemon.server.DaemonStateCoordinator] resetting idle timer
2026-04-18T01:31:02.347+0530 [INFO] [org.gradle.launcher.daemon.server.DaemonRegistryUpdater] Marking the daemon as idle, address: [710e502e-9680-4521-aa75-ed7da72a27e1 port:36845, addresses:[localhost/127.0.0.1]]
2026-04-18T01:31:02.347+0530 [DEBUG] [org.gradle.launcher.daemon.registry.PersistentDaemonRegistry] Marking busy by address: [710e502e-9680-4521-aa75-ed7da72a27e1 port:36845, addresses:[localhost/127.0.0.1]]
2026-04-18T01:31:02.348+0530 [DEBUG] [org.gradle.cache.internal.DefaultFileLockManager] Waiting to acquire exclusive lock on daemon addresses registry.
2026-04-18T01:31:02.348+0530 [DEBUG] [org.gradle.cache.internal.DefaultFileLockManager] Lock acquired on daemon addresses registry.
2026-04-18T01:31:02.349+0530 [DEBUG] [org.gradle.cache.internal.DefaultFileLockManager] Releasing lock on daemon addresses registry.
2026-04-18T01:31:02.349+0530 [DEBUG] [org.gradle.launcher.daemon.server.exec.ReturnResult] Daemon is dispatching the build result: Success[value=org.gradle.launcher.exec.BuildActionResult@556eff8d]
2026-04-18T01:31:02.349+0530 [DEBUG] [org.gradle.launcher.daemon.server.DaemonStateCoordinator] daemon is running. Sleeping until state changes.
2026-04-18T01:31:02.349+0530 [DEBUG] [org.gradle.launcher.daemon.server.SynchronizedDispatchConnection] thread 392: dispatching Success[value=org.gradle.launcher.exec.BuildActionResult@556eff8d]
2026-04-18T01:31:02.350+0530 [DEBUG] [org.gradle.launcher.daemon.server.exec.CleanUpVirtualFileSystemAfterBuild] Cleaning virtual file system after build finished
2026-04-18T01:31:02.350+0530 [DEBUG] [org.gradle.launcher.daemon.server.DefaultIncomingConnectionHandler] Finishing executing command: Build{id=1be35b96-381c-4235-a8c2-d43f38285435, currentDir=/home/intervest/Desktop/IIT/cloud/cw1/cc-cw-group-03/search_service}
2026-04-18T01:31:02.351+0530 [DEBUG] [org.gradle.launcher.daemon.server.SynchronizedDispatchConnection] thread 548: received class org.gradle.launcher.daemon.protocol.CloseInput
2026-04-18T01:31:02.351+0530 [DEBUG] [org.gradle.launcher.daemon.server.DefaultDaemonConnection] thread 548: Received IO message from client: org.gradle.launcher.daemon.protocol.CloseInput@bb04424
2026-04-18T01:31:02.351+0530 [DEBUG] [org.gradle.launcher.daemon.server.SynchronizedDispatchConnection] thread 548: received class org.gradle.launcher.daemon.protocol.Finished
2026-04-18T01:31:02.352+0530 [DEBUG] [org.gradle.launcher.daemon.server.DefaultDaemonConnection] thread 548: Received non-IO message from client: org.gradle.launcher.daemon.protocol.Finished@577ab22
2026-04-18T01:31:02.352+0530 [DEBUG] [org.gradle.internal.remote.internal.inet.SocketConnection] Discarding EOFException: java.io.EOFException
2026-04-18T01:31:02.352+0530 [DEBUG] [org.gradle.launcher.daemon.server.SynchronizedDispatchConnection] thread 548: received null
2026-04-18T01:31:02.352+0530 [DEBUG] [org.gradle.launcher.daemon.server.DefaultDaemonConnection] thread 548: Received end-of-input from client.
2026-04-18T01:31:02.353+0530 [WARN] [org.gradle.launcher.daemon.server.DefaultIncomingConnectionHandler] Timed out waiting for finished message from client socket connection from /127.0.0.1:36845 to /127.0.0.1:44908. Discarding connection.
2026-04-18T01:31:02.353+0530 [DEBUG] [org.gradle.launcher.daemon.server.SynchronizedDispatchConnection] thread 392: stopping connection
2026-04-18T01:31:02.353+0530 [DEBUG] [org.gradle.launcher.daemon.server.SynchronizedDispatchConnection] thread 392: stopping connection
2026-04-18T01:31:03.993+0530 [DEBUG] [org.gradle.internal.remote.internal.inet.TcpIncomingConnector] Accepted connection from /127.0.0.1:44922 to /127.0.0.1:36845.
2026-04-18T01:31:03.994+0530 [DEBUG] [org.gradle.launcher.daemon.server.SynchronizedDispatchConnection] thread 696: received class org.gradle.launcher.daemon.protocol.Build
2026-04-18T01:31:03.994+0530 [DEBUG] [org.gradle.launcher.daemon.server.DefaultDaemonConnection] thread 696: Received non-IO message from client: Build{id=65c2bb7e-1a60-42ed-b419-f7bf5a1ca344, currentDir=/home/intervest/Desktop/IIT/cloud/cw1/cc-cw-group-03/search_service}
2026-04-18T01:31:03.994+0530 [INFO] [org.gradle.launcher.daemon.server.DefaultIncomingConnectionHandler] Received command: Build{id=65c2bb7e-1a60-42ed-b419-f7bf5a1ca344, currentDir=/home/intervest/Desktop/IIT/cloud/cw1/cc-cw-group-03/search_service}.
2026-04-18T01:31:03.994+0530 [DEBUG] [org.gradle.launcher.daemon.server.DefaultIncomingConnectionHandler] Starting executing command: Build{id=65c2bb7e-1a60-42ed-b419-f7bf5a1ca344, currentDir=/home/intervest/Desktop/IIT/cloud/cw1/cc-cw-group-03/search_service} with connection: socket connection from /127.0.0.1:36845 to /127.0.0.1:44922.
2026-04-18T01:31:03.995+0530 [DEBUG] [org.gradle.launcher.daemon.server.DaemonStateCoordinator] Command execution: started DaemonCommandExecution[command = Build{id=65c2bb7e-1a60-42ed-b419-f7bf5a1ca344, currentDir=/home/intervest/Desktop/IIT/cloud/cw1/cc-cw-group-03/search_service}, connection = DefaultDaemonConnection: socket connection from /127.0.0.1:36845 to /127.0.0.1:44922] after 0.02745 minutes of idle
2026-04-18T01:31:03.995+0530 [INFO] [org.gradle.launcher.daemon.server.DaemonRegistryUpdater] Marking the daemon as busy, address: [710e502e-9680-4521-aa75-ed7da72a27e1 port:36845, addresses:[localhost/127.0.0.1]]
2026-04-18T01:31:03.995+0530 [DEBUG] [org.gradle.launcher.daemon.registry.PersistentDaemonRegistry] Marking busy by address: [710e502e-9680-4521-aa75-ed7da72a27e1 port:36845, addresses:[localhost/127.0.0.1]]
2026-04-18T01:31:03.995+0530 [DEBUG] [org.gradle.cache.internal.DefaultFileLockManager] Waiting to acquire exclusive lock on daemon addresses registry.
2026-04-18T01:31:03.995+0530 [DEBUG] [org.gradle.cache.internal.DefaultFileLockManager] Lock acquired on daemon addresses registry.
2026-04-18T01:31:03.995+0530 [DEBUG] [org.gradle.cache.internal.DefaultFileLockManager] Releasing lock on daemon addresses registry.
2026-04-18T01:31:03.995+0530 [DEBUG] [org.gradle.launcher.daemon.server.DaemonStateCoordinator] resetting idle timer
2026-04-18T01:31:03.995+0530 [DEBUG] [org.gradle.launcher.daemon.server.DaemonStateCoordinator] daemon is running. Sleeping until state changes.
2026-04-18T01:31:03.995+0530 [INFO] [org.gradle.launcher.daemon.server.exec.StartBuildOrRespondWithBusy] Daemon is about to start building Build{id=65c2bb7e-1a60-42ed-b419-f7bf5a1ca344, currentDir=/home/intervest/Desktop/IIT/cloud/cw1/cc-cw-group-03/search_service}. Dispatching build started information...
2026-04-18T01:31:03.995+0530 [DEBUG] [org.gradle.launcher.daemon.server.SynchronizedDispatchConnection] thread 396: dispatching org.gradle.launcher.daemon.protocol.BuildStarted@77077f8e
2026-04-18T01:31:03.996+0530 [DEBUG] [org.gradle.launcher.daemon.server.exec.EstablishBuildEnvironment] Configuring env variables: [PATH, XAUTHORITY, INVOCATION_ID, LC_MEASUREMENT, XMODIFIERS, LC_TELEPHONE, GDMSESSION, XDG_DATA_DIRS, LC_TIME, GTK_IM_MODULE, DBUS_SESSION_BUS_ADDRESS, XDG_CURRENT_DESKTOP, JOURNAL_STREAM, LC_PAPER, USERNAME, SESSION_MANAGER, LOGNAME, PWD, MANAGERPID, IM_CONFIG_PHASE, GJS_DEBUG_TOPICS, SHELL, LC_ADDRESS, GIO_LAUNCHED_DESKTOP_FILE, GNOME_DESKTOP_SESSION_ID, GTK_MODULES, SYSTEMD_EXEC_PID, XDG_SESSION_DESKTOP, SSH_AGENT_LAUNCHER, SHLVL, LC_IDENTIFICATION, LC_MONETARY, QT_IM_MODULE, XDG_CONFIG_DIRS, LANG, XDG_SESSION_TYPE, DISPLAY, LC_NAME, _, XDG_SESSION_CLASS, GTK3_MODULES, GPG_AGENT_INFO, DESKTOP_SESSION, USER, XDG_MENU_PREFIX, GIO_LAUNCHED_DESKTOP_FILE_PID, WINDOWPATH, QT_ACCESSIBILITY, GJS_DEBUG_OUTPUT, LC_NUMERIC, SSH_AUTH_SOCK, GNOME_SHELL_SESSION_MODE, XDG_RUNTIME_DIR, HOME]
2026-04-18T01:31:03.997+0530 [DEBUG] [org.gradle.launcher.daemon.server.exec.LogToClient] About to start relaying all logs to the client via the connection.
2026-04-18T01:31:03.997+0530 [INFO] [org.gradle.launcher.daemon.server.exec.LogToClient] The client will now receive all logging from the daemon (pid: 303917). The daemon log file: /home/intervest/Desktop/IIT/cloud/cw1/cc-cw-group-03/search_service/daemon/9.3.1/daemon-303917.out.log
2026-04-18T01:31:03.997+0530 [INFO] [org.gradle.launcher.daemon.server.exec.LogAndCheckHealth] Starting 5th build in daemon [uptime: 1 hrs 0 mins 45.367 secs, performance: 99%, GC rate: 0.00/s, heap usage: 0% of 512 MiB, non-heap usage: 25% of 384 MiB]
2026-04-18T01:31:03.998+0530 [DEBUG] [org.gradle.launcher.daemon.server.exec.ExecuteBuild] The daemon has started executing the build.
2026-04-18T01:31:03.998+0530 [DEBUG] [org.gradle.launcher.daemon.server.exec.ExecuteBuild] Executing build with daemon context: DefaultDaemonContext[uid=bb7e8095-3a97-4917-a9da-e62e239e2c37,javaHome=/home/intervest/.jdks/temurin-21.0.10,javaVersion=21,javaVendor=Eclipse Adoptium,daemonRegistryDir=/home/intervest/Desktop/IIT/cloud/cw1/cc-cw-group-03/search_service/daemon,pid=303917,idleTimeout=10800000,priority=NORMAL,applyInstrumentationAgent=true,nativeServicesMode=ENABLED,daemonOpts=-XX:MaxMetaspaceSize=384m,-XX:+HeapDumpOnOutOfMemoryError,-Xms256m,-Xmx512m,-Dfile.encoding=UTF-8,-Duser.country=US,-Duser.language=en,-Duser.variant]

BUILD SUCCESSFUL in 724ms
2 actionable tasks: 1 executed, 1 up-to-date
Consider enabling configuration cache to speed up this build: https://docs.gradle.org/9.3.1/userguide/configuration_cache_enabling.html
2026-04-18T01:31:04.731+0530 [DEBUG] [org.gradle.launcher.daemon.server.exec.ExecuteBuild] The daemon has finished executing the build.
2026-04-18T01:31:04.735+0530 [DEBUG] [org.gradle.launcher.daemon.server.DaemonStateCoordinator] daemon is running. Sleeping until state changes.
2026-04-18T01:31:04.736+0530 [DEBUG] [org.gradle.launcher.daemon.server.DaemonStateCoordinator] Command execution: finished waiting for DaemonCommandExecution[command = Build{id=65c2bb7e-1a60-42ed-b419-f7bf5a1ca344, currentDir=/home/intervest/Desktop/IIT/cloud/cw1/cc-cw-group-03/search_service}, connection = DefaultDaemonConnection: socket connection from /127.0.0.1:36845 to /127.0.0.1:44922]. Result org.gradle.launcher.daemon.server.DaemonStateCoordinator@5bdaf214 with state Busy
2026-04-18T01:31:04.736+0530 [DEBUG] [org.gradle.launcher.daemon.server.DaemonStateCoordinator] Command execution: completed DaemonCommandExecution[command = Build{id=65c2bb7e-1a60-42ed-b419-f7bf5a1ca344, currentDir=/home/intervest/Desktop/IIT/cloud/cw1/cc-cw-group-03/search_service}, connection = DefaultDaemonConnection: socket connection from /127.0.0.1:36845 to /127.0.0.1:44922]
2026-04-18T01:31:04.736+0530 [DEBUG] [org.gradle.launcher.daemon.server.DaemonStateCoordinator] resetting idle timer
2026-04-18T01:31:04.736+0530 [INFO] [org.gradle.launcher.daemon.server.DaemonRegistryUpdater] Marking the daemon as idle, address: [710e502e-9680-4521-aa75-ed7da72a27e1 port:36845, addresses:[localhost/127.0.0.1]]
2026-04-18T01:31:04.736+0530 [DEBUG] [org.gradle.launcher.daemon.registry.PersistentDaemonRegistry] Marking busy by address: [710e502e-9680-4521-aa75-ed7da72a27e1 port:36845, addresses:[localhost/127.0.0.1]]
2026-04-18T01:31:04.736+0530 [DEBUG] [org.gradle.cache.internal.DefaultFileLockManager] Waiting to acquire exclusive lock on daemon addresses registry.
2026-04-18T01:31:04.736+0530 [DEBUG] [org.gradle.cache.internal.DefaultFileLockManager] Lock acquired on daemon addresses registry.
2026-04-18T01:31:04.737+0530 [DEBUG] [org.gradle.cache.internal.DefaultFileLockManager] Releasing lock on daemon addresses registry.
2026-04-18T01:31:04.737+0530 [DEBUG] [org.gradle.launcher.daemon.server.DaemonStateCoordinator] daemon is running. Sleeping until state changes.
2026-04-18T01:31:04.737+0530 [DEBUG] [org.gradle.launcher.daemon.server.exec.ReturnResult] Daemon is dispatching the build result: Success[value=org.gradle.launcher.exec.BuildActionResult@4783a35d]
2026-04-18T01:31:04.737+0530 [DEBUG] [org.gradle.launcher.daemon.server.SynchronizedDispatchConnection] thread 392: dispatching Success[value=org.gradle.launcher.exec.BuildActionResult@4783a35d]
2026-04-18T01:31:04.738+0530 [DEBUG] [org.gradle.launcher.daemon.server.exec.CleanUpVirtualFileSystemAfterBuild] Cleaning virtual file system after build finished
2026-04-18T01:31:04.738+0530 [DEBUG] [org.gradle.launcher.daemon.server.DefaultIncomingConnectionHandler] Finishing executing command: Build{id=65c2bb7e-1a60-42ed-b419-f7bf5a1ca344, currentDir=/home/intervest/Desktop/IIT/cloud/cw1/cc-cw-group-03/search_service}
2026-04-18T01:31:04.738+0530 [DEBUG] [org.gradle.launcher.daemon.server.SynchronizedDispatchConnection] thread 696: received class org.gradle.launcher.daemon.protocol.CloseInput
2026-04-18T01:31:04.738+0530 [DEBUG] [org.gradle.launcher.daemon.server.DefaultDaemonConnection] thread 696: Received IO message from client: org.gradle.launcher.daemon.protocol.CloseInput@1dcfbbb8
2026-04-18T01:31:04.738+0530 [DEBUG] [org.gradle.launcher.daemon.server.SynchronizedDispatchConnection] thread 696: received class org.gradle.launcher.daemon.protocol.Finished
2026-04-18T01:31:04.738+0530 [DEBUG] [org.gradle.launcher.daemon.server.DefaultDaemonConnection] thread 696: Received non-IO message from client: org.gradle.launcher.daemon.protocol.Finished@13084671
2026-04-18T01:31:04.738+0530 [DEBUG] [org.gradle.launcher.daemon.server.DefaultIncomingConnectionHandler] Received finished message: org.gradle.launcher.daemon.protocol.Finished@13084671
2026-04-18T01:31:04.738+0530 [DEBUG] [org.gradle.launcher.daemon.server.SynchronizedDispatchConnection] thread 392: stopping connection
2026-04-18T01:31:04.738+0530 [DEBUG] [org.gradle.internal.remote.internal.inet.SocketConnection] Discarding EOFException: java.io.EOFException
2026-04-18T01:31:04.738+0530 [DEBUG] [org.gradle.launcher.daemon.server.SynchronizedDispatchConnection] thread 696: received null
2026-04-18T01:31:04.738+0530 [DEBUG] [org.gradle.launcher.daemon.server.DefaultDaemonConnection] thread 696: Received end-of-input from client.
2026-04-18T01:31:04.739+0530 [DEBUG] [org.gradle.launcher.daemon.server.SynchronizedDispatchConnection] thread 392: stopping connection
2026-04-18T01:31:08.860+0530 [DEBUG] [org.gradle.launcher.daemon.server.Daemon] Starting periodic daemon health check.
2026-04-18T01:31:08.860+0530 [DEBUG] [org.gradle.cache.internal.DefaultFileLockManager] Waiting to acquire shared lock on daemon addresses registry.
2026-04-18T01:31:08.860+0530 [DEBUG] [org.gradle.cache.internal.DefaultFileLockManager] Lock acquired on daemon addresses registry.
2026-04-18T01:31:08.860+0530 [DEBUG] [org.gradle.cache.internal.DefaultFileLockManager] Releasing lock on daemon addresses registry.
2026-04-18T01:31:08.860+0530 [DEBUG] [org.gradle.cache.internal.DefaultFileLockManager] Waiting to acquire shared lock on daemon addresses registry.
2026-04-18T01:31:08.860+0530 [DEBUG] [org.gradle.cache.internal.DefaultFileLockManager] Lock acquired on daemon addresses registry.
2026-04-18T01:31:08.860+0530 [DEBUG] [org.gradle.cache.internal.DefaultFileLockManager] Releasing lock on daemon addresses registry.
2026-04-18T01:31:08.860+0530 [DEBUG] [org.gradle.launcher.daemon.server.Daemon] Finished periodic daemon health check.
2026-04-18T01:31:18.860+0530 [DEBUG] [org.gradle.launcher.daemon.server.Daemon] Starting periodic daemon health check.
2026-04-18T01:31:18.860+0530 [DEBUG] [org.gradle.cache.internal.DefaultFileLockManager] Waiting to acquire shared lock on daemon addresses registry.
2026-04-18T01:31:18.860+0530 [DEBUG] [org.gradle.cache.internal.DefaultFileLockManager] Lock acquired on daemon addresses registry.
2026-04-18T01:31:18.860+0530 [DEBUG] [org.gradle.cache.internal.DefaultFileLockManager] Releasing lock on daemon addresses registry.
2026-04-18T01:31:18.860+0530 [DEBUG] [org.gradle.cache.internal.DefaultFileLockManager] Waiting to acquire shared lock on daemon addresses registry.
2026-04-18T01:31:18.860+0530 [DEBUG] [org.gradle.cache.internal.DefaultFileLockManager] Lock acquired on daemon addresses registry.
2026-04-18T01:31:18.860+0530 [DEBUG] [org.gradle.cache.internal.DefaultFileLockManager] Releasing lock on daemon addresses registry.
2026-04-18T01:31:18.860+0530 [DEBUG] [org.gradle.launcher.daemon.server.Daemon] Finished periodic daemon health check.
2026-04-18T01:31:28.860+0530 [DEBUG] [org.gradle.launcher.daemon.server.Daemon] Starting periodic daemon health check.
2026-04-18T01:31:28.860+0530 [DEBUG] [org.gradle.cache.internal.DefaultFileLockManager] Waiting to acquire shared lock on daemon addresses registry.
2026-04-18T01:31:28.860+0530 [DEBUG] [org.gradle.cache.internal.DefaultFileLockManager] Lock acquired on daemon addresses registry.
2026-04-18T01:31:28.860+0530 [DEBUG] [org.gradle.cache.internal.DefaultFileLockManager] Releasing lock on daemon addresses registry.
2026-04-18T01:31:28.860+0530 [DEBUG] [org.gradle.cache.internal.DefaultFileLockManager] Waiting to acquire shared lock on daemon addresses registry.
2026-04-18T01:31:28.860+0530 [DEBUG] [org.gradle.cache.internal.DefaultFileLockManager] Lock acquired on daemon addresses registry.
2026-04-18T01:31:28.860+0530 [DEBUG] [org.gradle.cache.internal.DefaultFileLockManager] Releasing lock on daemon addresses registry.
2026-04-18T01:31:28.860+0530 [DEBUG] [org.gradle.launcher.daemon.server.Daemon] Finished periodic daemon health check.
2026-04-18T01:31:38.860+0530 [DEBUG] [org.gradle.launcher.daemon.server.Daemon] Starting periodic daemon health check.
2026-04-18T01:31:38.860+0530 [DEBUG] [org.gradle.cache.internal.DefaultFileLockManager] Waiting to acquire shared lock on daemon addresses registry.
2026-04-18T01:31:38.860+0530 [DEBUG] [org.gradle.cache.internal.DefaultFileLockManager] Lock acquired on daemon addresses registry.
2026-04-18T01:31:38.860+0530 [DEBUG] [org.gradle.cache.internal.DefaultFileLockManager] Releasing lock on daemon addresses registry.
2026-04-18T01:31:38.860+0530 [DEBUG] [org.gradle.cache.internal.DefaultFileLockManager] Waiting to acquire shared lock on daemon addresses registry.
2026-04-18T01:31:38.860+0530 [DEBUG] [org.gradle.cache.internal.DefaultFileLockManager] Lock acquired on daemon addresses registry.
2026-04-18T01:31:38.860+0530 [DEBUG] [org.gradle.cache.internal.DefaultFileLockManager] Releasing lock on daemon addresses registry.
2026-04-18T01:31:38.860+0530 [DEBUG] [org.gradle.launcher.daemon.server.Daemon] Finished periodic daemon health check.
2026-04-18T01:31:48.860+0530 [DEBUG] [org.gradle.launcher.daemon.server.Daemon] Starting periodic daemon health check.
2026-04-18T01:31:48.860+0530 [DEBUG] [org.gradle.cache.internal.DefaultFileLockManager] Waiting to acquire shared lock on daemon addresses registry.
2026-04-18T01:31:48.860+0530 [DEBUG] [org.gradle.cache.internal.DefaultFileLockManager] Lock acquired on daemon addresses registry.
2026-04-18T01:31:48.860+0530 [DEBUG] [org.gradle.cache.internal.DefaultFileLockManager] Releasing lock on daemon addresses registry.
2026-04-18T01:31:48.860+0530 [DEBUG] [org.gradle.cache.internal.DefaultFileLockManager] Waiting to acquire shared lock on daemon addresses registry.
2026-04-18T01:31:48.860+0530 [DEBUG] [org.gradle.cache.internal.DefaultFileLockManager] Lock acquired on daemon addresses registry.
2026-04-18T01:31:48.860+0530 [DEBUG] [org.gradle.cache.internal.DefaultFileLockManager] Releasing lock on daemon addresses registry.
2026-04-18T01:31:48.860+0530 [DEBUG] [org.gradle.launcher.daemon.server.Daemon] Finished periodic daemon health check.
2026-04-18T01:31:58.860+0530 [DEBUG] [org.gradle.launcher.daemon.server.Daemon] Starting periodic daemon health check.
2026-04-18T01:31:58.860+0530 [DEBUG] [org.gradle.cache.internal.DefaultFileLockManager] Waiting to acquire shared lock on daemon addresses registry.
2026-04-18T01:31:58.860+0530 [DEBUG] [org.gradle.cache.internal.DefaultFileLockManager] Lock acquired on daemon addresses registry.
2026-04-18T01:31:58.860+0530 [DEBUG] [org.gradle.cache.internal.DefaultFileLockManager] Releasing lock on daemon addresses registry.
2026-04-18T01:31:58.860+0530 [DEBUG] [org.gradle.cache.internal.DefaultFileLockManager] Waiting to acquire shared lock on daemon addresses registry.
2026-04-18T01:31:58.860+0530 [DEBUG] [org.gradle.cache.internal.DefaultFileLockManager] Lock acquired on daemon addresses registry.
2026-04-18T01:31:58.860+0530 [DEBUG] [org.gradle.cache.internal.DefaultFileLockManager] Releasing lock on daemon addresses registry.
2026-04-18T01:31:58.860+0530 [DEBUG] [org.gradle.launcher.daemon.server.Daemon] Finished periodic daemon health check.
2026-04-18T01:32:08.860+0530 [DEBUG] [org.gradle.launcher.daemon.server.Daemon] Starting periodic daemon health check.
2026-04-18T01:32:08.860+0530 [DEBUG] [org.gradle.cache.internal.DefaultFileLockManager] Waiting to acquire shared lock on daemon addresses registry.
2026-04-18T01:32:08.860+0530 [DEBUG] [org.gradle.cache.internal.DefaultFileLockManager] Lock acquired on daemon addresses registry.
2026-04-18T01:32:08.860+0530 [DEBUG] [org.gradle.cache.internal.DefaultFileLockManager] Releasing lock on daemon addresses registry.
2026-04-18T01:32:08.860+0530 [DEBUG] [org.gradle.cache.internal.DefaultFileLockManager] Waiting to acquire shared lock on daemon addresses registry.
2026-04-18T01:32:08.860+0530 [DEBUG] [org.gradle.cache.internal.DefaultFileLockManager] Lock acquired on daemon addresses registry.
2026-04-18T01:32:08.860+0530 [DEBUG] [org.gradle.cache.internal.DefaultFileLockManager] Releasing lock on daemon addresses registry.
2026-04-18T01:32:08.860+0530 [DEBUG] [org.gradle.launcher.daemon.server.Daemon] Finished periodic daemon health check.
2026-04-18T01:32:18.860+0530 [DEBUG] [org.gradle.launcher.daemon.server.Daemon] Starting periodic daemon health check.
2026-04-18T01:32:18.860+0530 [DEBUG] [org.gradle.cache.internal.DefaultFileLockManager] Waiting to acquire shared lock on daemon addresses registry.
2026-04-18T01:32:18.860+0530 [DEBUG] [org.gradle.cache.internal.DefaultFileLockManager] Lock acquired on daemon addresses registry.
2026-04-18T01:32:18.860+0530 [DEBUG] [org.gradle.cache.internal.DefaultFileLockManager] Releasing lock on daemon addresses registry.
2026-04-18T01:32:18.860+0530 [DEBUG] [org.gradle.cache.internal.DefaultFileLockManager] Waiting to acquire shared lock on daemon addresses registry.
2026-04-18T01:32:18.860+0530 [DEBUG] [org.gradle.cache.internal.DefaultFileLockManager] Lock acquired on daemon addresses registry.
2026-04-18T01:32:18.860+0530 [DEBUG] [org.gradle.cache.internal.DefaultFileLockManager] Releasing lock on daemon addresses registry.
2026-04-18T01:32:18.860+0530 [DEBUG] [org.gradle.launcher.daemon.server.Daemon] Finished periodic daemon health check.
2026-04-18T01:32:28.860+0530 [DEBUG] [org.gradle.launcher.daemon.server.Daemon] Starting periodic daemon health check.
2026-04-18T01:32:28.860+0530 [DEBUG] [org.gradle.cache.internal.DefaultFileLockManager] Waiting to acquire shared lock on daemon addresses registry.
2026-04-18T01:32:28.860+0530 [DEBUG] [org.gradle.cache.internal.DefaultFileLockManager] Lock acquired on daemon addresses registry.
2026-04-18T01:32:28.860+0530 [DEBUG] [org.gradle.cache.internal.DefaultFileLockManager] Releasing lock on daemon addresses registry.
2026-04-18T01:32:28.860+0530 [DEBUG] [org.gradle.cache.internal.DefaultFileLockManager] Waiting to acquire shared lock on daemon addresses registry.
2026-04-18T01:32:28.860+0530 [DEBUG] [org.gradle.cache.internal.DefaultFileLockManager] Lock acquired on daemon addresses registry.
2026-04-18T01:32:28.860+0530 [DEBUG] [org.gradle.cache.internal.DefaultFileLockManager] Releasing lock on daemon addresses registry.
2026-04-18T01:32:28.860+0530 [DEBUG] [org.gradle.launcher.daemon.server.Daemon] Finished periodic daemon health check.
2026-04-18T01:32:38.860+0530 [DEBUG] [org.gradle.launcher.daemon.server.Daemon] Starting periodic daemon health check.
2026-04-18T01:32:38.860+0530 [DEBUG] [org.gradle.cache.internal.DefaultFileLockManager] Waiting to acquire shared lock on daemon addresses registry.
2026-04-18T01:32:38.860+0530 [DEBUG] [org.gradle.cache.internal.DefaultFileLockManager] Lock acquired on daemon addresses registry.
2026-04-18T01:32:38.860+0530 [DEBUG] [org.gradle.cache.internal.DefaultFileLockManager] Releasing lock on daemon addresses registry.
2026-04-18T01:32:38.860+0530 [DEBUG] [org.gradle.cache.internal.DefaultFileLockManager] Waiting to acquire shared lock on daemon addresses registry.
2026-04-18T01:32:38.860+0530 [DEBUG] [org.gradle.cache.internal.DefaultFileLockManager] Lock acquired on daemon addresses registry.
2026-04-18T01:32:38.860+0530 [DEBUG] [org.gradle.cache.internal.DefaultFileLockManager] Releasing lock on daemon addresses registry.
2026-04-18T01:32:38.860+0530 [DEBUG] [org.gradle.launcher.daemon.server.Daemon] Finished periodic daemon health check.
2026-04-18T01:32:48.860+0530 [DEBUG] [org.gradle.launcher.daemon.server.Daemon] Starting periodic daemon health check.
2026-04-18T01:32:48.860+0530 [DEBUG] [org.gradle.cache.internal.DefaultFileLockManager] Waiting to acquire shared lock on daemon addresses registry.
2026-04-18T01:32:48.860+0530 [DEBUG] [org.gradle.cache.internal.DefaultFileLockManager] Lock acquired on daemon addresses registry.
2026-04-18T01:32:48.860+0530 [DEBUG] [org.gradle.cache.internal.DefaultFileLockManager] Releasing lock on daemon addresses registry.
2026-04-18T01:32:48.860+0530 [DEBUG] [org.gradle.cache.internal.DefaultFileLockManager] Waiting to acquire shared lock on daemon addresses registry.
2026-04-18T01:32:48.860+0530 [DEBUG] [org.gradle.cache.internal.DefaultFileLockManager] Lock acquired on daemon addresses registry.
2026-04-18T01:32:48.860+0530 [DEBUG] [org.gradle.cache.internal.DefaultFileLockManager] Releasing lock on daemon addresses registry.
2026-04-18T01:32:48.860+0530 [DEBUG] [org.gradle.launcher.daemon.server.Daemon] Finished periodic daemon health check.
2026-04-18T01:32:58.860+0530 [DEBUG] [org.gradle.launcher.daemon.server.Daemon] Starting periodic daemon health check.
2026-04-18T01:32:58.860+0530 [DEBUG] [org.gradle.cache.internal.DefaultFileLockManager] Waiting to acquire shared lock on daemon addresses registry.
2026-04-18T01:32:58.860+0530 [DEBUG] [org.gradle.cache.internal.DefaultFileLockManager] Lock acquired on daemon addresses registry.
2026-04-18T01:32:58.860+0530 [DEBUG] [org.gradle.cache.internal.DefaultFileLockManager] Releasing lock on daemon addresses registry.
2026-04-18T01:32:58.860+0530 [DEBUG] [org.gradle.cache.internal.DefaultFileLockManager] Waiting to acquire shared lock on daemon addresses registry.
2026-04-18T01:32:58.860+0530 [DEBUG] [org.gradle.cache.internal.DefaultFileLockManager] Lock acquired on daemon addresses registry.
2026-04-18T01:32:58.860+0530 [DEBUG] [org.gradle.cache.internal.DefaultFileLockManager] Releasing lock on daemon addresses registry.
2026-04-18T01:32:58.860+0530 [DEBUG] [org.gradle.launcher.daemon.server.Daemon] Finished periodic daemon health check.
2026-04-18T01:33:08.860+0530 [DEBUG] [org.gradle.launcher.daemon.server.Daemon] Starting periodic daemon health check.
2026-04-18T01:33:08.860+0530 [DEBUG] [org.gradle.cache.internal.DefaultFileLockManager] Waiting to acquire shared lock on daemon addresses registry.
2026-04-18T01:33:08.860+0530 [DEBUG] [org.gradle.cache.internal.DefaultFileLockManager] Lock acquired on daemon addresses registry.
2026-04-18T01:33:08.860+0530 [DEBUG] [org.gradle.cache.internal.DefaultFileLockManager] Releasing lock on daemon addresses registry.
2026-04-18T01:33:08.860+0530 [DEBUG] [org.gradle.cache.internal.DefaultFileLockManager] Waiting to acquire shared lock on daemon addresses registry.
2026-04-18T01:33:08.860+0530 [DEBUG] [org.gradle.cache.internal.DefaultFileLockManager] Lock acquired on daemon addresses registry.
2026-04-18T01:33:08.860+0530 [DEBUG] [org.gradle.cache.internal.DefaultFileLockManager] Releasing lock on daemon addresses registry.
2026-04-18T01:33:08.860+0530 [DEBUG] [org.gradle.launcher.daemon.server.Daemon] Finished periodic daemon health check.
2026-04-18T01:33:18.860+0530 [DEBUG] [org.gradle.launcher.daemon.server.Daemon] Starting periodic daemon health check.
2026-04-18T01:33:18.860+0530 [DEBUG] [org.gradle.cache.internal.DefaultFileLockManager] Waiting to acquire shared lock on daemon addresses registry.
2026-04-18T01:33:18.860+0530 [DEBUG] [org.gradle.cache.internal.DefaultFileLockManager] Lock acquired on daemon addresses registry.
2026-04-18T01:33:18.860+0530 [DEBUG] [org.gradle.cache.internal.DefaultFileLockManager] Releasing lock on daemon addresses registry.
2026-04-18T01:33:18.860+0530 [DEBUG] [org.gradle.cache.internal.DefaultFileLockManager] Waiting to acquire shared lock on daemon addresses registry.
2026-04-18T01:33:18.860+0530 [DEBUG] [org.gradle.cache.internal.DefaultFileLockManager] Lock acquired on daemon addresses registry.
2026-04-18T01:33:18.860+0530 [DEBUG] [org.gradle.cache.internal.DefaultFileLockManager] Releasing lock on daemon addresses registry.
2026-04-18T01:33:18.860+0530 [DEBUG] [org.gradle.launcher.daemon.server.Daemon] Finished periodic daemon health check.
2026-04-18T01:33:28.860+0530 [DEBUG] [org.gradle.launcher.daemon.server.Daemon] Starting periodic daemon health check.
2026-04-18T01:33:28.860+0530 [DEBUG] [org.gradle.cache.internal.DefaultFileLockManager] Waiting to acquire shared lock on daemon addresses registry.
2026-04-18T01:33:28.860+0530 [DEBUG] [org.gradle.cache.internal.DefaultFileLockManager] Lock acquired on daemon addresses registry.
2026-04-18T01:33:28.860+0530 [DEBUG] [org.gradle.cache.internal.DefaultFileLockManager] Releasing lock on daemon addresses registry.
2026-04-18T01:33:28.860+0530 [DEBUG] [org.gradle.cache.internal.DefaultFileLockManager] Waiting to acquire shared lock on daemon addresses registry.
2026-04-18T01:33:28.861+0530 [DEBUG] [org.gradle.cache.internal.DefaultFileLockManager] Lock acquired on daemon addresses registry.
2026-04-18T01:33:28.861+0530 [DEBUG] [org.gradle.cache.internal.DefaultFileLockManager] Releasing lock on daemon addresses registry.
2026-04-18T01:33:28.861+0530 [DEBUG] [org.gradle.launcher.daemon.server.Daemon] Finished periodic daemon health check.
2026-04-18T01:33:38.860+0530 [DEBUG] [org.gradle.launcher.daemon.server.Daemon] Starting periodic daemon health check.
2026-04-18T01:33:38.860+0530 [DEBUG] [org.gradle.cache.internal.DefaultFileLockManager] Waiting to acquire shared lock on daemon addresses registry.
2026-04-18T01:33:38.860+0530 [DEBUG] [org.gradle.cache.internal.DefaultFileLockManager] Lock acquired on daemon addresses registry.
2026-04-18T01:33:38.860+0530 [DEBUG] [org.gradle.cache.internal.DefaultFileLockManager] Releasing lock on daemon addresses registry.
2026-04-18T01:33:38.860+0530 [DEBUG] [org.gradle.cache.internal.DefaultFileLockManager] Waiting to acquire shared lock on daemon addresses registry.
2026-04-18T01:33:38.860+0530 [DEBUG] [org.gradle.cache.internal.DefaultFileLockManager] Lock acquired on daemon addresses registry.
2026-04-18T01:33:38.860+0530 [DEBUG] [org.gradle.cache.internal.DefaultFileLockManager] Releasing lock on daemon addresses registry.
2026-04-18T01:33:38.860+0530 [DEBUG] [org.gradle.launcher.daemon.server.Daemon] Finished periodic daemon health check.
2026-04-18T01:33:48.860+0530 [DEBUG] [org.gradle.launcher.daemon.server.Daemon] Starting periodic daemon health check.
2026-04-18T01:33:48.860+0530 [DEBUG] [org.gradle.cache.internal.DefaultFileLockManager] Waiting to acquire shared lock on daemon addresses registry.
2026-04-18T01:33:48.860+0530 [DEBUG] [org.gradle.cache.internal.DefaultFileLockManager] Lock acquired on daemon addresses registry.
2026-04-18T01:33:48.860+0530 [DEBUG] [org.gradle.cache.internal.DefaultFileLockManager] Releasing lock on daemon addresses registry.
2026-04-18T01:33:48.860+0530 [DEBUG] [org.gradle.cache.internal.DefaultFileLockManager] Waiting to acquire shared lock on daemon addresses registry.
2026-04-18T01:33:48.860+0530 [DEBUG] [org.gradle.cache.internal.DefaultFileLockManager] Lock acquired on daemon addresses registry.
2026-04-18T01:33:48.860+0530 [DEBUG] [org.gradle.cache.internal.DefaultFileLockManager] Releasing lock on daemon addresses registry.
2026-04-18T01:33:48.860+0530 [DEBUG] [org.gradle.launcher.daemon.server.Daemon] Finished periodic daemon health check.
2026-04-18T01:33:58.860+0530 [DEBUG] [org.gradle.launcher.daemon.server.Daemon] Starting periodic daemon health check.
2026-04-18T01:33:58.860+0530 [DEBUG] [org.gradle.cache.internal.DefaultFileLockManager] Waiting to acquire shared lock on daemon addresses registry.
2026-04-18T01:33:58.860+0530 [DEBUG] [org.gradle.cache.internal.DefaultFileLockManager] Lock acquired on daemon addresses registry.
2026-04-18T01:33:58.860+0530 [DEBUG] [org.gradle.cache.internal.DefaultFileLockManager] Releasing lock on daemon addresses registry.
2026-04-18T01:33:58.860+0530 [DEBUG] [org.gradle.cache.internal.DefaultFileLockManager] Waiting to acquire shared lock on daemon addresses registry.
2026-04-18T01:33:58.860+0530 [DEBUG] [org.gradle.cache.internal.DefaultFileLockManager] Lock acquired on daemon addresses registry.
2026-04-18T01:33:58.861+0530 [DEBUG] [org.gradle.cache.internal.DefaultFileLockManager] Releasing lock on daemon addresses registry.
2026-04-18T01:33:58.861+0530 [DEBUG] [org.gradle.launcher.daemon.server.Daemon] Finished periodic daemon health check.
2026-04-18T01:34:08.860+0530 [DEBUG] [org.gradle.launcher.daemon.server.Daemon] Starting periodic daemon health check.
2026-04-18T01:34:08.861+0530 [DEBUG] [org.gradle.cache.internal.DefaultFileLockManager] Waiting to acquire shared lock on daemon addresses registry.
2026-04-18T01:34:08.861+0530 [DEBUG] [org.gradle.cache.internal.DefaultFileLockManager] Lock acquired on daemon addresses registry.
2026-04-18T01:34:08.861+0530 [DEBUG] [org.gradle.cache.internal.DefaultFileLockManager] Releasing lock on daemon addresses registry.
2026-04-18T01:34:08.862+0530 [DEBUG] [org.gradle.cache.internal.DefaultFileLockManager] Waiting to acquire shared lock on daemon addresses registry.
2026-04-18T01:34:08.862+0530 [DEBUG] [org.gradle.cache.internal.DefaultFileLockManager] Lock acquired on daemon addresses registry.
2026-04-18T01:34:08.862+0530 [DEBUG] [org.gradle.cache.internal.DefaultFileLockManager] Releasing lock on daemon addresses registry.
2026-04-18T01:34:08.862+0530 [DEBUG] [org.gradle.launcher.daemon.server.Daemon] Finished periodic daemon health check.
2026-04-18T01:34:18.860+0530 [DEBUG] [org.gradle.launcher.daemon.server.Daemon] Starting periodic daemon health check.
2026-04-18T01:34:18.860+0530 [DEBUG] [org.gradle.cache.internal.DefaultFileLockManager] Waiting to acquire shared lock on daemon addresses registry.
2026-04-18T01:34:18.860+0530 [DEBUG] [org.gradle.cache.internal.DefaultFileLockManager] Lock acquired on daemon addresses registry.
2026-04-18T01:34:18.860+0530 [DEBUG] [org.gradle.cache.internal.DefaultFileLockManager] Releasing lock on daemon addresses registry.
2026-04-18T01:34:18.860+0530 [DEBUG] [org.gradle.cache.internal.DefaultFileLockManager] Waiting to acquire shared lock on daemon addresses registry.
2026-04-18T01:34:18.861+0530 [DEBUG] [org.gradle.cache.internal.DefaultFileLockManager] Lock acquired on daemon addresses registry.
2026-04-18T01:34:18.861+0530 [DEBUG] [org.gradle.cache.internal.DefaultFileLockManager] Releasing lock on daemon addresses registry.
2026-04-18T01:34:18.861+0530 [DEBUG] [org.gradle.launcher.daemon.server.Daemon] Finished periodic daemon health check.
2026-04-18T01:34:28.860+0530 [DEBUG] [org.gradle.launcher.daemon.server.Daemon] Starting periodic daemon health check.
2026-04-18T01:34:28.860+0530 [DEBUG] [org.gradle.cache.internal.DefaultFileLockManager] Waiting to acquire shared lock on daemon addresses registry.
2026-04-18T01:34:28.860+0530 [DEBUG] [org.gradle.cache.internal.DefaultFileLockManager] Lock acquired on daemon addresses registry.
2026-04-18T01:34:28.860+0530 [DEBUG] [org.gradle.cache.internal.DefaultFileLockManager] Releasing lock on daemon addresses registry.
2026-04-18T01:34:28.860+0530 [DEBUG] [org.gradle.cache.internal.DefaultFileLockManager] Waiting to acquire shared lock on daemon addresses registry.
2026-04-18T01:34:28.860+0530 [DEBUG] [org.gradle.cache.internal.DefaultFileLockManager] Lock acquired on daemon addresses registry.
2026-04-18T01:34:28.861+0530 [DEBUG] [org.gradle.cache.internal.DefaultFileLockManager] Releasing lock on daemon addresses registry.
2026-04-18T01:34:28.861+0530 [DEBUG] [org.gradle.launcher.daemon.server.Daemon] Finished periodic daemon health check.
2026-04-18T01:34:38.860+0530 [DEBUG] [org.gradle.launcher.daemon.server.Daemon] Starting periodic daemon health check.
2026-04-18T01:34:38.860+0530 [DEBUG] [org.gradle.cache.internal.DefaultFileLockManager] Waiting to acquire shared lock on daemon addresses registry.
2026-04-18T01:34:38.860+0530 [DEBUG] [org.gradle.cache.internal.DefaultFileLockManager] Lock acquired on daemon addresses registry.
2026-04-18T01:34:38.860+0530 [DEBUG] [org.gradle.cache.internal.DefaultFileLockManager] Releasing lock on daemon addresses registry.
2026-04-18T01:34:38.860+0530 [DEBUG] [org.gradle.cache.internal.DefaultFileLockManager] Waiting to acquire shared lock on daemon addresses registry.
2026-04-18T01:34:38.860+0530 [DEBUG] [org.gradle.cache.internal.DefaultFileLockManager] Lock acquired on daemon addresses registry.
2026-04-18T01:34:38.860+0530 [DEBUG] [org.gradle.cache.internal.DefaultFileLockManager] Releasing lock on daemon addresses registry.
2026-04-18T01:34:38.860+0530 [DEBUG] [org.gradle.launcher.daemon.server.Daemon] Finished periodic daemon health check.
2026-04-18T01:34:48.860+0530 [DEBUG] [org.gradle.launcher.daemon.server.Daemon] Starting periodic daemon health check.
2026-04-18T01:34:48.860+0530 [DEBUG] [org.gradle.cache.internal.DefaultFileLockManager] Waiting to acquire shared lock on daemon addresses registry.
2026-04-18T01:34:48.860+0530 [DEBUG] [org.gradle.cache.internal.DefaultFileLockManager] Lock acquired on daemon addresses registry.
2026-04-18T01:34:48.860+0530 [DEBUG] [org.gradle.cache.internal.DefaultFileLockManager] Releasing lock on daemon addresses registry.
2026-04-18T01:34:48.860+0530 [DEBUG] [org.gradle.cache.internal.DefaultFileLockManager] Waiting to acquire shared lock on daemon addresses registry.
2026-04-18T01:34:48.860+0530 [DEBUG] [org.gradle.cache.internal.DefaultFileLockManager] Lock acquired on daemon addresses registry.
2026-04-18T01:34:48.860+0530 [DEBUG] [org.gradle.cache.internal.DefaultFileLockManager] Releasing lock on daemon addresses registry.
2026-04-18T01:34:48.860+0530 [DEBUG] [org.gradle.launcher.daemon.server.Daemon] Finished periodic daemon health check.
2026-04-18T01:34:58.860+0530 [DEBUG] [org.gradle.launcher.daemon.server.Daemon] Starting periodic daemon health check.
2026-04-18T01:34:58.860+0530 [DEBUG] [org.gradle.cache.internal.DefaultFileLockManager] Waiting to acquire shared lock on daemon addresses registry.
2026-04-18T01:34:58.860+0530 [DEBUG] [org.gradle.cache.internal.DefaultFileLockManager] Lock acquired on daemon addresses registry.
2026-04-18T01:34:58.860+0530 [DEBUG] [org.gradle.cache.internal.DefaultFileLockManager] Releasing lock on daemon addresses registry.
2026-04-18T01:34:58.860+0530 [DEBUG] [org.gradle.cache.internal.DefaultFileLockManager] Waiting to acquire shared lock on daemon addresses registry.
2026-04-18T01:34:58.860+0530 [DEBUG] [org.gradle.cache.internal.DefaultFileLockManager] Lock acquired on daemon addresses registry.
2026-04-18T01:34:58.860+0530 [DEBUG] [org.gradle.cache.internal.DefaultFileLockManager] Releasing lock on daemon addresses registry.
2026-04-18T01:34:58.860+0530 [DEBUG] [org.gradle.launcher.daemon.server.Daemon] Finished periodic daemon health check.
2026-04-18T01:35:08.860+0530 [DEBUG] [org.gradle.launcher.daemon.server.Daemon] Starting periodic daemon health check.
2026-04-18T01:35:08.860+0530 [DEBUG] [org.gradle.cache.internal.DefaultFileLockManager] Waiting to acquire shared lock on daemon addresses registry.
2026-04-18T01:35:08.860+0530 [DEBUG] [org.gradle.cache.internal.DefaultFileLockManager] Lock acquired on daemon addresses registry.
2026-04-18T01:35:08.860+0530 [DEBUG] [org.gradle.cache.internal.DefaultFileLockManager] Releasing lock on daemon addresses registry.
2026-04-18T01:35:08.860+0530 [DEBUG] [org.gradle.cache.internal.DefaultFileLockManager] Waiting to acquire shared lock on daemon addresses registry.
2026-04-18T01:35:08.860+0530 [DEBUG] [org.gradle.cache.internal.DefaultFileLockManager] Lock acquired on daemon addresses registry.
2026-04-18T01:35:08.860+0530 [DEBUG] [org.gradle.cache.internal.DefaultFileLockManager] Releasing lock on daemon addresses registry.
2026-04-18T01:35:08.860+0530 [DEBUG] [org.gradle.launcher.daemon.server.Daemon] Finished periodic daemon health check.
2026-04-18T01:35:18.860+0530 [DEBUG] [org.gradle.launcher.daemon.server.Daemon] Starting periodic daemon health check.
2026-04-18T01:35:18.860+0530 [DEBUG] [org.gradle.cache.internal.DefaultFileLockManager] Waiting to acquire shared lock on daemon addresses registry.
2026-04-18T01:35:18.860+0530 [DEBUG] [org.gradle.cache.internal.DefaultFileLockManager] Lock acquired on daemon addresses registry.
2026-04-18T01:35:18.860+0530 [DEBUG] [org.gradle.cache.internal.DefaultFileLockManager] Releasing lock on daemon addresses registry.
2026-04-18T01:35:18.860+0530 [DEBUG] [org.gradle.cache.internal.DefaultFileLockManager] Waiting to acquire shared lock on daemon addresses registry.
2026-04-18T01:35:18.860+0530 [DEBUG] [org.gradle.cache.internal.DefaultFileLockManager] Lock acquired on daemon addresses registry.
2026-04-18T01:35:18.860+0530 [DEBUG] [org.gradle.cache.internal.DefaultFileLockManager] Releasing lock on daemon addresses registry.
2026-04-18T01:35:18.860+0530 [DEBUG] [org.gradle.launcher.daemon.server.Daemon] Finished periodic daemon health check.
2026-04-18T01:35:28.860+0530 [DEBUG] [org.gradle.launcher.daemon.server.Daemon] Starting periodic daemon health check.
2026-04-18T01:35:28.860+0530 [DEBUG] [org.gradle.cache.internal.DefaultFileLockManager] Waiting to acquire shared lock on daemon addresses registry.
2026-04-18T01:35:28.860+0530 [DEBUG] [org.gradle.cache.internal.DefaultFileLockManager] Lock acquired on daemon addresses registry.
2026-04-18T01:35:28.860+0530 [DEBUG] [org.gradle.cache.internal.DefaultFileLockManager] Releasing lock on daemon addresses registry.
2026-04-18T01:35:28.860+0530 [DEBUG] [org.gradle.cache.internal.DefaultFileLockManager] Waiting to acquire shared lock on daemon addresses registry.
2026-04-18T01:35:28.860+0530 [DEBUG] [org.gradle.cache.internal.DefaultFileLockManager] Lock acquired on daemon addresses registry.
2026-04-18T01:35:28.860+0530 [DEBUG] [org.gradle.cache.internal.DefaultFileLockManager] Releasing lock on daemon addresses registry.
2026-04-18T01:35:28.860+0530 [DEBUG] [org.gradle.launcher.daemon.server.Daemon] Finished periodic daemon health check.
2026-04-18T01:35:38.860+0530 [DEBUG] [org.gradle.launcher.daemon.server.Daemon] Starting periodic daemon health check.
2026-04-18T01:35:38.860+0530 [DEBUG] [org.gradle.cache.internal.DefaultFileLockManager] Waiting to acquire shared lock on daemon addresses registry.
2026-04-18T01:35:38.860+0530 [DEBUG] [org.gradle.cache.internal.DefaultFileLockManager] Lock acquired on daemon addresses registry.
2026-04-18T01:35:38.860+0530 [DEBUG] [org.gradle.cache.internal.DefaultFileLockManager] Releasing lock on daemon addresses registry.
2026-04-18T01:35:38.860+0530 [DEBUG] [org.gradle.cache.internal.DefaultFileLockManager] Waiting to acquire shared lock on daemon addresses registry.
2026-04-18T01:35:38.860+0530 [DEBUG] [org.gradle.cache.internal.DefaultFileLockManager] Lock acquired on daemon addresses registry.
2026-04-18T01:35:38.860+0530 [DEBUG] [org.gradle.cache.internal.DefaultFileLockManager] Releasing lock on daemon addresses registry.
2026-04-18T01:35:38.860+0530 [DEBUG] [org.gradle.launcher.daemon.server.Daemon] Finished periodic daemon health check.
2026-04-18T01:35:48.859+0530 [DEBUG] [org.gradle.launcher.daemon.server.Daemon] Starting periodic daemon health check.
2026-04-18T01:35:48.860+0530 [DEBUG] [org.gradle.cache.internal.DefaultFileLockManager] Waiting to acquire shared lock on daemon addresses registry.
2026-04-18T01:35:48.860+0530 [DEBUG] [org.gradle.cache.internal.DefaultFileLockManager] Lock acquired on daemon addresses registry.
2026-04-18T01:35:48.860+0530 [DEBUG] [org.gradle.cache.internal.DefaultFileLockManager] Releasing lock on daemon addresses registry.
2026-04-18T01:35:48.860+0530 [DEBUG] [org.gradle.cache.internal.DefaultFileLockManager] Waiting to acquire shared lock on daemon addresses registry.
2026-04-18T01:35:48.860+0530 [DEBUG] [org.gradle.cache.internal.DefaultFileLockManager] Lock acquired on daemon addresses registry.
2026-04-18T01:35:48.860+0530 [DEBUG] [org.gradle.cache.internal.DefaultFileLockManager] Releasing lock on daemon addresses registry.
2026-04-18T01:35:48.860+0530 [DEBUG] [org.gradle.launcher.daemon.server.Daemon] Finished periodic daemon health check.
2026-04-18T01:35:58.860+0530 [DEBUG] [org.gradle.launcher.daemon.server.Daemon] Starting periodic daemon health check.
2026-04-18T01:35:58.860+0530 [DEBUG] [org.gradle.cache.internal.DefaultFileLockManager] Waiting to acquire shared lock on daemon addresses registry.
2026-04-18T01:35:58.860+0530 [DEBUG] [org.gradle.cache.internal.DefaultFileLockManager] Lock acquired on daemon addresses registry.
2026-04-18T01:35:58.860+0530 [DEBUG] [org.gradle.cache.internal.DefaultFileLockManager] Releasing lock on daemon addresses registry.
2026-04-18T01:35:58.860+0530 [DEBUG] [org.gradle.cache.internal.DefaultFileLockManager] Waiting to acquire shared lock on daemon addresses registry.
2026-04-18T01:35:58.860+0530 [DEBUG] [org.gradle.cache.internal.DefaultFileLockManager] Lock acquired on daemon addresses registry.
2026-04-18T01:35:58.860+0530 [DEBUG] [org.gradle.cache.internal.DefaultFileLockManager] Releasing lock on daemon addresses registry.
2026-04-18T01:35:58.860+0530 [DEBUG] [org.gradle.launcher.daemon.server.Daemon] Finished periodic daemon health check.
2026-04-18T01:36:08.860+0530 [DEBUG] [org.gradle.launcher.daemon.server.Daemon] Starting periodic daemon health check.
2026-04-18T01:36:08.860+0530 [DEBUG] [org.gradle.cache.internal.DefaultFileLockManager] Waiting to acquire shared lock on daemon addresses registry.
2026-04-18T01:36:08.860+0530 [DEBUG] [org.gradle.cache.internal.DefaultFileLockManager] Lock acquired on daemon addresses registry.
2026-04-18T01:36:08.860+0530 [DEBUG] [org.gradle.cache.internal.DefaultFileLockManager] Releasing lock on daemon addresses registry.
2026-04-18T01:36:08.860+0530 [DEBUG] [org.gradle.cache.internal.DefaultFileLockManager] Waiting to acquire shared lock on daemon addresses registry.
2026-04-18T01:36:08.860+0530 [DEBUG] [org.gradle.cache.internal.DefaultFileLockManager] Lock acquired on daemon addresses registry.
2026-04-18T01:36:08.860+0530 [DEBUG] [org.gradle.cache.internal.DefaultFileLockManager] Releasing lock on daemon addresses registry.
2026-04-18T01:36:08.860+0530 [DEBUG] [org.gradle.launcher.daemon.server.Daemon] Finished periodic daemon health check.
2026-04-18T01:36:18.860+0530 [DEBUG] [org.gradle.launcher.daemon.server.Daemon] Starting periodic daemon health check.
2026-04-18T01:36:18.860+0530 [DEBUG] [org.gradle.cache.internal.DefaultFileLockManager] Waiting to acquire shared lock on daemon addresses registry.
2026-04-18T01:36:18.860+0530 [DEBUG] [org.gradle.cache.internal.DefaultFileLockManager] Lock acquired on daemon addresses registry.
2026-04-18T01:36:18.860+0530 [DEBUG] [org.gradle.cache.internal.DefaultFileLockManager] Releasing lock on daemon addresses registry.
2026-04-18T01:36:18.860+0530 [DEBUG] [org.gradle.cache.internal.DefaultFileLockManager] Waiting to acquire shared lock on daemon addresses registry.
2026-04-18T01:36:18.860+0530 [DEBUG] [org.gradle.cache.internal.DefaultFileLockManager] Lock acquired on daemon addresses registry.
2026-04-18T01:36:18.860+0530 [DEBUG] [org.gradle.cache.internal.DefaultFileLockManager] Releasing lock on daemon addresses registry.
2026-04-18T01:36:18.861+0530 [DEBUG] [org.gradle.launcher.daemon.server.Daemon] Finished periodic daemon health check.
2026-04-18T01:36:28.860+0530 [DEBUG] [org.gradle.launcher.daemon.server.Daemon] Starting periodic daemon health check.
2026-04-18T01:36:28.860+0530 [DEBUG] [org.gradle.cache.internal.DefaultFileLockManager] Waiting to acquire shared lock on daemon addresses registry.
2026-04-18T01:36:28.860+0530 [DEBUG] [org.gradle.cache.internal.DefaultFileLockManager] Lock acquired on daemon addresses registry.
2026-04-18T01:36:28.860+0530 [DEBUG] [org.gradle.cache.internal.DefaultFileLockManager] Releasing lock on daemon addresses registry.
2026-04-18T01:36:28.860+0530 [DEBUG] [org.gradle.cache.internal.DefaultFileLockManager] Waiting to acquire shared lock on daemon addresses registry.
2026-04-18T01:36:28.860+0530 [DEBUG] [org.gradle.cache.internal.DefaultFileLockManager] Lock acquired on daemon addresses registry.
2026-04-18T01:36:28.860+0530 [DEBUG] [org.gradle.cache.internal.DefaultFileLockManager] Releasing lock on daemon addresses registry.
2026-04-18T01:36:28.860+0530 [DEBUG] [org.gradle.launcher.daemon.server.Daemon] Finished periodic daemon health check.
2026-04-18T01:36:38.860+0530 [DEBUG] [org.gradle.launcher.daemon.server.Daemon] Starting periodic daemon health check.
2026-04-18T01:36:38.860+0530 [DEBUG] [org.gradle.cache.internal.DefaultFileLockManager] Waiting to acquire shared lock on daemon addresses registry.
2026-04-18T01:36:38.860+0530 [DEBUG] [org.gradle.cache.internal.DefaultFileLockManager] Lock acquired on daemon addresses registry.
2026-04-18T01:36:38.860+0530 [DEBUG] [org.gradle.cache.internal.DefaultFileLockManager] Releasing lock on daemon addresses registry.
2026-04-18T01:36:38.860+0530 [DEBUG] [org.gradle.cache.internal.DefaultFileLockManager] Waiting to acquire shared lock on daemon addresses registry.
2026-04-18T01:36:38.860+0530 [DEBUG] [org.gradle.cache.internal.DefaultFileLockManager] Lock acquired on daemon addresses registry.
2026-04-18T01:36:38.860+0530 [DEBUG] [org.gradle.cache.internal.DefaultFileLockManager] Releasing lock on daemon addresses registry.
2026-04-18T01:36:38.860+0530 [DEBUG] [org.gradle.launcher.daemon.server.Daemon] Finished periodic daemon health check.
2026-04-18T01:36:48.659+0530 [DEBUG] [org.gradle.internal.remote.internal.inet.TcpIncomingConnector] Accepted connection from /127.0.0.1:47234 to /127.0.0.1:36845.
2026-04-18T01:36:48.661+0530 [DEBUG] [org.gradle.launcher.daemon.server.SynchronizedDispatchConnection] thread 841: received class org.gradle.launcher.daemon.protocol.Build
2026-04-18T01:36:48.661+0530 [DEBUG] [org.gradle.launcher.daemon.server.DefaultDaemonConnection] thread 841: Received non-IO message from client: Build{id=826c53b4-c759-4c22-84b0-88cdef2f87ec, currentDir=/home/intervest/Desktop/IIT/cloud/cw1/cc-cw-group-03/vote_service}
2026-04-18T01:36:48.661+0530 [INFO] [org.gradle.launcher.daemon.server.DefaultIncomingConnectionHandler] Received command: Build{id=826c53b4-c759-4c22-84b0-88cdef2f87ec, currentDir=/home/intervest/Desktop/IIT/cloud/cw1/cc-cw-group-03/vote_service}.
2026-04-18T01:36:48.661+0530 [DEBUG] [org.gradle.launcher.daemon.server.DefaultIncomingConnectionHandler] Starting executing command: Build{id=826c53b4-c759-4c22-84b0-88cdef2f87ec, currentDir=/home/intervest/Desktop/IIT/cloud/cw1/cc-cw-group-03/vote_service} with connection: socket connection from /127.0.0.1:36845 to /127.0.0.1:47234.
2026-04-18T01:36:48.662+0530 [DEBUG] [org.gradle.launcher.daemon.server.DaemonStateCoordinator] Command execution: started DaemonCommandExecution[command = Build{id=826c53b4-c759-4c22-84b0-88cdef2f87ec, currentDir=/home/intervest/Desktop/IIT/cloud/cw1/cc-cw-group-03/vote_service}, connection = DefaultDaemonConnection: socket connection from /127.0.0.1:36845 to /127.0.0.1:47234] after 5.732083333333334 minutes of idle
2026-04-18T01:36:48.662+0530 [INFO] [org.gradle.launcher.daemon.server.DaemonRegistryUpdater] Marking the daemon as busy, address: [710e502e-9680-4521-aa75-ed7da72a27e1 port:36845, addresses:[localhost/127.0.0.1]]
2026-04-18T01:36:48.662+0530 [DEBUG] [org.gradle.launcher.daemon.registry.PersistentDaemonRegistry] Marking busy by address: [710e502e-9680-4521-aa75-ed7da72a27e1 port:36845, addresses:[localhost/127.0.0.1]]
2026-04-18T01:36:48.662+0530 [DEBUG] [org.gradle.cache.internal.DefaultFileLockManager] Waiting to acquire exclusive lock on daemon addresses registry.
2026-04-18T01:36:48.662+0530 [DEBUG] [org.gradle.cache.internal.DefaultFileLockManager] Lock acquired on daemon addresses registry.
2026-04-18T01:36:48.663+0530 [DEBUG] [org.gradle.cache.internal.DefaultFileLockManager] Releasing lock on daemon addresses registry.
2026-04-18T01:36:48.663+0530 [DEBUG] [org.gradle.launcher.daemon.server.DaemonStateCoordinator] resetting idle timer
2026-04-18T01:36:48.663+0530 [DEBUG] [org.gradle.launcher.daemon.server.DaemonStateCoordinator] daemon is running. Sleeping until state changes.
2026-04-18T01:36:48.663+0530 [INFO] [org.gradle.launcher.daemon.server.exec.StartBuildOrRespondWithBusy] Daemon is about to start building Build{id=826c53b4-c759-4c22-84b0-88cdef2f87ec, currentDir=/home/intervest/Desktop/IIT/cloud/cw1/cc-cw-group-03/vote_service}. Dispatching build started information...
2026-04-18T01:36:48.663+0530 [DEBUG] [org.gradle.launcher.daemon.server.SynchronizedDispatchConnection] thread 843: dispatching org.gradle.launcher.daemon.protocol.BuildStarted@14272128
2026-04-18T01:36:48.664+0530 [DEBUG] [org.gradle.launcher.daemon.server.exec.EstablishBuildEnvironment] Configuring env variables: [PATH, XAUTHORITY, INVOCATION_ID, LC_MEASUREMENT, XMODIFIERS, LC_TELEPHONE, GDMSESSION, XDG_DATA_DIRS, LC_TIME, GTK_IM_MODULE, DBUS_SESSION_BUS_ADDRESS, XDG_CURRENT_DESKTOP, JOURNAL_STREAM, LC_PAPER, USERNAME, SESSION_MANAGER, LOGNAME, PWD, MANAGERPID, IM_CONFIG_PHASE, GJS_DEBUG_TOPICS, SHELL, LC_ADDRESS, GIO_LAUNCHED_DESKTOP_FILE, GNOME_DESKTOP_SESSION_ID, GTK_MODULES, SYSTEMD_EXEC_PID, XDG_SESSION_DESKTOP, SSH_AGENT_LAUNCHER, SHLVL, LC_IDENTIFICATION, LC_MONETARY, QT_IM_MODULE, XDG_CONFIG_DIRS, LANG, XDG_SESSION_TYPE, DISPLAY, LC_NAME, _, XDG_SESSION_CLASS, GTK3_MODULES, GPG_AGENT_INFO, DESKTOP_SESSION, USER, XDG_MENU_PREFIX, GIO_LAUNCHED_DESKTOP_FILE_PID, WINDOWPATH, QT_ACCESSIBILITY, GJS_DEBUG_OUTPUT, LC_NUMERIC, SSH_AUTH_SOCK, GNOME_SHELL_SESSION_MODE, XDG_RUNTIME_DIR, HOME]
2026-04-18T01:36:48.664+0530 [DEBUG] [org.gradle.launcher.daemon.server.exec.LogToClient] About to start relaying all logs to the client via the connection.
2026-04-18T01:36:48.664+0530 [INFO] [org.gradle.launcher.daemon.server.exec.LogToClient] The client will now receive all logging from the daemon (pid: 303917). The daemon log file: /home/intervest/Desktop/IIT/cloud/cw1/cc-cw-group-03/search_service/daemon/9.3.1/daemon-303917.out.log
2026-04-18T01:36:48.665+0530 [INFO] [org.gradle.launcher.daemon.server.exec.LogAndCheckHealth] Starting 6th build in daemon [uptime: 1 hrs 6 mins 30.034 secs, performance: 99%, GC rate: 0.00/s, heap usage: 0% of 512 MiB, non-heap usage: 26% of 384 MiB]
2026-04-18T01:36:48.665+0530 [DEBUG] [org.gradle.launcher.daemon.server.exec.ExecuteBuild] The daemon has started executing the build.
2026-04-18T01:36:48.665+0530 [DEBUG] [org.gradle.launcher.daemon.server.exec.ExecuteBuild] Executing build with daemon context: DefaultDaemonContext[uid=bb7e8095-3a97-4917-a9da-e62e239e2c37,javaHome=/home/intervest/.jdks/temurin-21.0.10,javaVersion=21,javaVendor=Eclipse Adoptium,daemonRegistryDir=/home/intervest/Desktop/IIT/cloud/cw1/cc-cw-group-03/search_service/daemon,pid=303917,idleTimeout=10800000,priority=NORMAL,applyInstrumentationAgent=true,nativeServicesMode=ENABLED,daemonOpts=-XX:MaxMetaspaceSize=384m,-XX:+HeapDumpOnOutOfMemoryError,-Xms256m,-Xmx512m,-Dfile.encoding=UTF-8,-Duser.country=US,-Duser.language=en,-Duser.variant]

BUILD SUCCESSFUL in 3s
2 actionable tasks: 2 executed
Consider enabling configuration cache to speed up this build: https://docs.gradle.org/9.3.1/userguide/configuration_cache_enabling.html
2026-04-18T01:36:51.824+0530 [DEBUG] [org.gradle.launcher.daemon.server.exec.ExecuteBuild] The daemon has finished executing the build.
2026-04-18T01:36:51.826+0530 [DEBUG] [org.gradle.launcher.daemon.server.DaemonStateCoordinator] daemon is running. Sleeping until state changes.
2026-04-18T01:36:51.827+0530 [DEBUG] [org.gradle.launcher.daemon.server.DaemonStateCoordinator] Command execution: finished waiting for DaemonCommandExecution[command = Build{id=826c53b4-c759-4c22-84b0-88cdef2f87ec, currentDir=/home/intervest/Desktop/IIT/cloud/cw1/cc-cw-group-03/vote_service}, connection = DefaultDaemonConnection: socket connection from /127.0.0.1:36845 to /127.0.0.1:47234]. Result org.gradle.launcher.daemon.server.DaemonStateCoordinator@5bdaf214 with state Busy
2026-04-18T01:36:51.827+0530 [DEBUG] [org.gradle.launcher.daemon.server.DaemonStateCoordinator] Command execution: completed DaemonCommandExecution[command = Build{id=826c53b4-c759-4c22-84b0-88cdef2f87ec, currentDir=/home/intervest/Desktop/IIT/cloud/cw1/cc-cw-group-03/vote_service}, connection = DefaultDaemonConnection: socket connection from /127.0.0.1:36845 to /127.0.0.1:47234]
2026-04-18T01:36:51.827+0530 [DEBUG] [org.gradle.launcher.daemon.server.DaemonStateCoordinator] resetting idle timer
2026-04-18T01:36:51.827+0530 [INFO] [org.gradle.launcher.daemon.server.DaemonRegistryUpdater] Marking the daemon as idle, address: [710e502e-9680-4521-aa75-ed7da72a27e1 port:36845, addresses:[localhost/127.0.0.1]]
2026-04-18T01:36:51.827+0530 [DEBUG] [org.gradle.launcher.daemon.registry.PersistentDaemonRegistry] Marking busy by address: [710e502e-9680-4521-aa75-ed7da72a27e1 port:36845, addresses:[localhost/127.0.0.1]]
2026-04-18T01:36:51.827+0530 [DEBUG] [org.gradle.cache.internal.DefaultFileLockManager] Waiting to acquire exclusive lock on daemon addresses registry.
2026-04-18T01:36:51.828+0530 [DEBUG] [org.gradle.cache.internal.DefaultFileLockManager] Lock acquired on daemon addresses registry.
2026-04-18T01:36:51.828+0530 [DEBUG] [org.gradle.cache.internal.DefaultFileLockManager] Releasing lock on daemon addresses registry.
2026-04-18T01:36:51.829+0530 [DEBUG] [org.gradle.launcher.daemon.server.DaemonStateCoordinator] daemon is running. Sleeping until state changes.
2026-04-18T01:36:51.829+0530 [DEBUG] [org.gradle.launcher.daemon.server.exec.ReturnResult] Daemon is dispatching the build result: Success[value=org.gradle.launcher.exec.BuildActionResult@5677a298]
2026-04-18T01:36:51.829+0530 [DEBUG] [org.gradle.launcher.daemon.server.SynchronizedDispatchConnection] thread 840: dispatching Success[value=org.gradle.launcher.exec.BuildActionResult@5677a298]
2026-04-18T01:36:51.830+0530 [DEBUG] [org.gradle.launcher.daemon.server.DefaultIncomingConnectionHandler] Finishing executing command: Build{id=826c53b4-c759-4c22-84b0-88cdef2f87ec, currentDir=/home/intervest/Desktop/IIT/cloud/cw1/cc-cw-group-03/vote_service}
2026-04-18T01:36:51.830+0530 [DEBUG] [org.gradle.launcher.daemon.server.exec.CleanUpVirtualFileSystemAfterBuild] Cleaning virtual file system after build finished
2026-04-18T01:36:51.830+0530 [DEBUG] [org.gradle.launcher.daemon.server.SynchronizedDispatchConnection] thread 841: received class org.gradle.launcher.daemon.protocol.CloseInput
2026-04-18T01:36:51.830+0530 [DEBUG] [org.gradle.launcher.daemon.server.DefaultDaemonConnection] thread 841: Received IO message from client: org.gradle.launcher.daemon.protocol.CloseInput@4969b915
2026-04-18T01:36:51.831+0530 [DEBUG] [org.gradle.launcher.daemon.server.SynchronizedDispatchConnection] thread 841: received class org.gradle.launcher.daemon.protocol.Finished
2026-04-18T01:36:51.831+0530 [DEBUG] [org.gradle.launcher.daemon.server.DefaultDaemonConnection] thread 841: Received non-IO message from client: org.gradle.launcher.daemon.protocol.Finished@47ae5e48
2026-04-18T01:36:51.831+0530 [DEBUG] [org.gradle.launcher.daemon.server.DefaultIncomingConnectionHandler] Received finished message: org.gradle.launcher.daemon.protocol.Finished@47ae5e48
2026-04-18T01:36:51.831+0530 [DEBUG] [org.gradle.internal.remote.internal.inet.SocketConnection] Discarding EOFException: java.io.EOFException
2026-04-18T01:36:51.831+0530 [DEBUG] [org.gradle.launcher.daemon.server.SynchronizedDispatchConnection] thread 841: received null
2026-04-18T01:36:51.831+0530 [DEBUG] [org.gradle.launcher.daemon.server.DefaultDaemonConnection] thread 841: Received end-of-input from client.
2026-04-18T01:36:51.831+0530 [DEBUG] [org.gradle.launcher.daemon.server.SynchronizedDispatchConnection] thread 840: stopping connection
2026-04-18T01:36:51.832+0530 [DEBUG] [org.gradle.launcher.daemon.server.SynchronizedDispatchConnection] thread 840: stopping connection
2026-04-18T01:36:58.860+0530 [DEBUG] [org.gradle.launcher.daemon.server.Daemon] Starting periodic daemon health check.
2026-04-18T01:36:58.860+0530 [DEBUG] [org.gradle.cache.internal.DefaultFileLockManager] Waiting to acquire shared lock on daemon addresses registry.
2026-04-18T01:36:58.860+0530 [DEBUG] [org.gradle.cache.internal.DefaultFileLockManager] Lock acquired on daemon addresses registry.
2026-04-18T01:36:58.860+0530 [DEBUG] [org.gradle.cache.internal.DefaultFileLockManager] Releasing lock on daemon addresses registry.
2026-04-18T01:36:58.860+0530 [DEBUG] [org.gradle.cache.internal.DefaultFileLockManager] Waiting to acquire shared lock on daemon addresses registry.
2026-04-18T01:36:58.861+0530 [DEBUG] [org.gradle.cache.internal.DefaultFileLockManager] Lock acquired on daemon addresses registry.
2026-04-18T01:36:58.861+0530 [DEBUG] [org.gradle.cache.internal.DefaultFileLockManager] Releasing lock on daemon addresses registry.
2026-04-18T01:36:58.861+0530 [DEBUG] [org.gradle.launcher.daemon.server.Daemon] Finished periodic daemon health check.
2026-04-18T01:37:08.860+0530 [DEBUG] [org.gradle.launcher.daemon.server.Daemon] Starting periodic daemon health check.
2026-04-18T01:37:08.860+0530 [DEBUG] [org.gradle.cache.internal.DefaultFileLockManager] Waiting to acquire shared lock on daemon addresses registry.
2026-04-18T01:37:08.860+0530 [DEBUG] [org.gradle.cache.internal.DefaultFileLockManager] Lock acquired on daemon addresses registry.
2026-04-18T01:37:08.860+0530 [DEBUG] [org.gradle.cache.internal.DefaultFileLockManager] Releasing lock on daemon addresses registry.
2026-04-18T01:37:08.860+0530 [DEBUG] [org.gradle.cache.internal.DefaultFileLockManager] Waiting to acquire shared lock on daemon addresses registry.
2026-04-18T01:37:08.860+0530 [DEBUG] [org.gradle.cache.internal.DefaultFileLockManager] Lock acquired on daemon addresses registry.
2026-04-18T01:37:08.860+0530 [DEBUG] [org.gradle.cache.internal.DefaultFileLockManager] Releasing lock on daemon addresses registry.
2026-04-18T01:37:08.860+0530 [DEBUG] [org.gradle.launcher.daemon.server.Daemon] Finished periodic daemon health check.
2026-04-18T01:37:18.860+0530 [DEBUG] [org.gradle.launcher.daemon.server.Daemon] Starting periodic daemon health check.
2026-04-18T01:37:18.860+0530 [DEBUG] [org.gradle.cache.internal.DefaultFileLockManager] Waiting to acquire shared lock on daemon addresses registry.
2026-04-18T01:37:18.860+0530 [DEBUG] [org.gradle.cache.internal.DefaultFileLockManager] Lock acquired on daemon addresses registry.
2026-04-18T01:37:18.860+0530 [DEBUG] [org.gradle.cache.internal.DefaultFileLockManager] Releasing lock on daemon addresses registry.
2026-04-18T01:37:18.860+0530 [DEBUG] [org.gradle.cache.internal.DefaultFileLockManager] Waiting to acquire shared lock on daemon addresses registry.
2026-04-18T01:37:18.861+0530 [DEBUG] [org.gradle.cache.internal.DefaultFileLockManager] Lock acquired on daemon addresses registry.
2026-04-18T01:37:18.861+0530 [DEBUG] [org.gradle.cache.internal.DefaultFileLockManager] Releasing lock on daemon addresses registry.
2026-04-18T01:37:18.861+0530 [DEBUG] [org.gradle.launcher.daemon.server.Daemon] Finished periodic daemon health check.
2026-04-18T01:37:28.860+0530 [DEBUG] [org.gradle.launcher.daemon.server.Daemon] Starting periodic daemon health check.
2026-04-18T01:37:28.860+0530 [DEBUG] [org.gradle.cache.internal.DefaultFileLockManager] Waiting to acquire shared lock on daemon addresses registry.
2026-04-18T01:37:28.860+0530 [DEBUG] [org.gradle.cache.internal.DefaultFileLockManager] Lock acquired on daemon addresses registry.
2026-04-18T01:37:28.860+0530 [DEBUG] [org.gradle.cache.internal.DefaultFileLockManager] Releasing lock on daemon addresses registry.
2026-04-18T01:37:28.860+0530 [DEBUG] [org.gradle.cache.internal.DefaultFileLockManager] Waiting to acquire shared lock on daemon addresses registry.
2026-04-18T01:37:28.860+0530 [DEBUG] [org.gradle.cache.internal.DefaultFileLockManager] Lock acquired on daemon addresses registry.
2026-04-18T01:37:28.860+0530 [DEBUG] [org.gradle.cache.internal.DefaultFileLockManager] Releasing lock on daemon addresses registry.
2026-04-18T01:37:28.860+0530 [DEBUG] [org.gradle.launcher.daemon.server.Daemon] Finished periodic daemon health check.
2026-04-18T01:37:38.860+0530 [DEBUG] [org.gradle.launcher.daemon.server.Daemon] Starting periodic daemon health check.
2026-04-18T01:37:38.860+0530 [DEBUG] [org.gradle.cache.internal.DefaultFileLockManager] Waiting to acquire shared lock on daemon addresses registry.
2026-04-18T01:37:38.860+0530 [DEBUG] [org.gradle.cache.internal.DefaultFileLockManager] Lock acquired on daemon addresses registry.
2026-04-18T01:37:38.860+0530 [DEBUG] [org.gradle.cache.internal.DefaultFileLockManager] Releasing lock on daemon addresses registry.
2026-04-18T01:37:38.860+0530 [DEBUG] [org.gradle.cache.internal.DefaultFileLockManager] Waiting to acquire shared lock on daemon addresses registry.
2026-04-18T01:37:38.860+0530 [DEBUG] [org.gradle.cache.internal.DefaultFileLockManager] Lock acquired on daemon addresses registry.
2026-04-18T01:37:38.860+0530 [DEBUG] [org.gradle.cache.internal.DefaultFileLockManager] Releasing lock on daemon addresses registry.
2026-04-18T01:37:38.861+0530 [DEBUG] [org.gradle.launcher.daemon.server.Daemon] Finished periodic daemon health check.
2026-04-18T01:37:48.860+0530 [DEBUG] [org.gradle.launcher.daemon.server.Daemon] Starting periodic daemon health check.
2026-04-18T01:37:48.860+0530 [DEBUG] [org.gradle.cache.internal.DefaultFileLockManager] Waiting to acquire shared lock on daemon addresses registry.
2026-04-18T01:37:48.860+0530 [DEBUG] [org.gradle.cache.internal.DefaultFileLockManager] Lock acquired on daemon addresses registry.
2026-04-18T01:37:48.860+0530 [DEBUG] [org.gradle.cache.internal.DefaultFileLockManager] Releasing lock on daemon addresses registry.
2026-04-18T01:37:48.860+0530 [DEBUG] [org.gradle.cache.internal.DefaultFileLockManager] Waiting to acquire shared lock on daemon addresses registry.
2026-04-18T01:37:48.860+0530 [DEBUG] [org.gradle.cache.internal.DefaultFileLockManager] Lock acquired on daemon addresses registry.
2026-04-18T01:37:48.860+0530 [DEBUG] [org.gradle.cache.internal.DefaultFileLockManager] Releasing lock on daemon addresses registry.
2026-04-18T01:37:48.860+0530 [DEBUG] [org.gradle.launcher.daemon.server.Daemon] Finished periodic daemon health check.
2026-04-18T01:37:51.025+0530 [DEBUG] [org.gradle.internal.watch.vfs.impl.WatchingVirtualFileSystem] Handling VFS change CREATED /home/intervest/Desktop/IIT/cloud/cw1/cc-cw-group-03/vote_service/src/main/resources/application.properties~
2026-04-18T01:37:51.025+0530 [DEBUG] [org.gradle.internal.watch.vfs.impl.WatchingVirtualFileSystem] Handling VFS change MODIFIED /home/intervest/Desktop/IIT/cloud/cw1/cc-cw-group-03/vote_service/src/main/resources/application.properties
2026-04-18T01:37:51.026+0530 [DEBUG] [org.gradle.internal.watch.registry.impl.NonHierarchicalFileWatcherUpdater] Watching 65 directories to track changes
2026-04-18T01:37:54.559+0530 [DEBUG] [org.gradle.internal.remote.internal.inet.TcpIncomingConnector] Accepted connection from /127.0.0.1:33038 to /127.0.0.1:36845.
2026-04-18T01:37:54.562+0530 [DEBUG] [org.gradle.launcher.daemon.server.SynchronizedDispatchConnection] thread 1003: received class org.gradle.launcher.daemon.protocol.InvalidateVirtualFileSystemAfterChange
2026-04-18T01:37:54.563+0530 [DEBUG] [org.gradle.launcher.daemon.server.DefaultDaemonConnection] thread 1003: Received non-IO message from client: InvalidateVirtualFileSystemAfterChange[id=1318933d-6207-49a5-b7d4-835070f257ca]
2026-04-18T01:37:54.563+0530 [INFO] [org.gradle.launcher.daemon.server.DefaultIncomingConnectionHandler] Received command: InvalidateVirtualFileSystemAfterChange[id=1318933d-6207-49a5-b7d4-835070f257ca].
2026-04-18T01:37:54.563+0530 [DEBUG] [org.gradle.launcher.daemon.server.DefaultIncomingConnectionHandler] Starting executing command: InvalidateVirtualFileSystemAfterChange[id=1318933d-6207-49a5-b7d4-835070f257ca] with connection: socket connection from /127.0.0.1:36845 to /127.0.0.1:33038.
2026-04-18T01:37:54.563+0530 [INFO] [org.gradle.launcher.daemon.server.api.HandleInvalidateVirtualFileSystem] Invalidating [/home/intervest/Desktop/IIT/cloud/cw1/cc-cw-group-03/vote_service/src/main/resources/application.properties]
2026-04-18T01:37:54.563+0530 [DEBUG] [org.gradle.internal.vfs.impl.AbstractVirtualFileSystem] Invalidating VFS paths: [/home/intervest/Desktop/IIT/cloud/cw1/cc-cw-group-03/vote_service/src/main/resources/application.properties]
2026-04-18T01:37:54.563+0530 [DEBUG] [org.gradle.launcher.daemon.server.SynchronizedDispatchConnection] thread 1002: dispatching Success[value=null]
2026-04-18T01:37:54.563+0530 [DEBUG] [org.gradle.launcher.daemon.server.DefaultIncomingConnectionHandler] Finishing executing command: InvalidateVirtualFileSystemAfterChange[id=1318933d-6207-49a5-b7d4-835070f257ca]
2026-04-18T01:37:54.563+0530 [DEBUG] [org.gradle.launcher.daemon.server.SynchronizedDispatchConnection] thread 1003: received class org.gradle.launcher.daemon.protocol.Finished
2026-04-18T01:37:54.564+0530 [DEBUG] [org.gradle.launcher.daemon.server.DefaultDaemonConnection] thread 1003: Received non-IO message from client: org.gradle.launcher.daemon.protocol.Finished@1dc851f3
2026-04-18T01:37:54.564+0530 [DEBUG] [org.gradle.launcher.daemon.server.DefaultIncomingConnectionHandler] Received finished message: org.gradle.launcher.daemon.protocol.Finished@1dc851f3
2026-04-18T01:37:54.564+0530 [DEBUG] [org.gradle.launcher.daemon.server.SynchronizedDispatchConnection] thread 1002: stopping connection
2026-04-18T01:37:54.564+0530 [DEBUG] [org.gradle.internal.remote.internal.inet.SocketConnection] Discarding EOFException: java.io.EOFException
2026-04-18T01:37:54.564+0530 [DEBUG] [org.gradle.launcher.daemon.server.SynchronizedDispatchConnection] thread 1003: received null
2026-04-18T01:37:54.564+0530 [DEBUG] [org.gradle.launcher.daemon.server.DefaultDaemonConnection] thread 1003: Received end-of-input from client.
2026-04-18T01:37:54.564+0530 [DEBUG] [org.gradle.launcher.daemon.server.SynchronizedDispatchConnection] thread 1002: stopping connection
2026-04-18T01:37:54.572+0530 [DEBUG] [org.gradle.internal.remote.internal.inet.TcpIncomingConnector] Accepted connection from /127.0.0.1:33052 to /127.0.0.1:36845.
2026-04-18T01:37:54.575+0530 [DEBUG] [org.gradle.launcher.daemon.server.SynchronizedDispatchConnection] thread 1004: received class org.gradle.launcher.daemon.protocol.Build
2026-04-18T01:37:54.575+0530 [DEBUG] [org.gradle.launcher.daemon.server.DefaultDaemonConnection] thread 1004: Received non-IO message from client: Build{id=b27bfb31-6726-4eaf-b4b4-cbe0fd2b5d54, currentDir=/home/intervest/Desktop/IIT/cloud/cw1/cc-cw-group-03/vote_service}
2026-04-18T01:37:54.575+0530 [INFO] [org.gradle.launcher.daemon.server.DefaultIncomingConnectionHandler] Received command: Build{id=b27bfb31-6726-4eaf-b4b4-cbe0fd2b5d54, currentDir=/home/intervest/Desktop/IIT/cloud/cw1/cc-cw-group-03/vote_service}.
2026-04-18T01:37:54.575+0530 [DEBUG] [org.gradle.launcher.daemon.server.DefaultIncomingConnectionHandler] Starting executing command: Build{id=b27bfb31-6726-4eaf-b4b4-cbe0fd2b5d54, currentDir=/home/intervest/Desktop/IIT/cloud/cw1/cc-cw-group-03/vote_service} with connection: socket connection from /127.0.0.1:36845 to /127.0.0.1:33052.
2026-04-18T01:37:54.576+0530 [DEBUG] [org.gradle.launcher.daemon.server.DaemonStateCoordinator] Command execution: started DaemonCommandExecution[command = Build{id=b27bfb31-6726-4eaf-b4b4-cbe0fd2b5d54, currentDir=/home/intervest/Desktop/IIT/cloud/cw1/cc-cw-group-03/vote_service}, connection = DefaultDaemonConnection: socket connection from /127.0.0.1:36845 to /127.0.0.1:33052] after 1.0458 minutes of idle
2026-04-18T01:37:54.576+0530 [INFO] [org.gradle.launcher.daemon.server.DaemonRegistryUpdater] Marking the daemon as busy, address: [710e502e-9680-4521-aa75-ed7da72a27e1 port:36845, addresses:[localhost/127.0.0.1]]
2026-04-18T01:37:54.576+0530 [DEBUG] [org.gradle.launcher.daemon.registry.PersistentDaemonRegistry] Marking busy by address: [710e502e-9680-4521-aa75-ed7da72a27e1 port:36845, addresses:[localhost/127.0.0.1]]
2026-04-18T01:37:54.576+0530 [DEBUG] [org.gradle.cache.internal.DefaultFileLockManager] Waiting to acquire exclusive lock on daemon addresses registry.
2026-04-18T01:37:54.576+0530 [DEBUG] [org.gradle.cache.internal.DefaultFileLockManager] Lock acquired on daemon addresses registry.
2026-04-18T01:37:54.577+0530 [DEBUG] [org.gradle.cache.internal.DefaultFileLockManager] Releasing lock on daemon addresses registry.
2026-04-18T01:37:54.577+0530 [DEBUG] [org.gradle.launcher.daemon.server.DaemonStateCoordinator] resetting idle timer
2026-04-18T01:37:54.577+0530 [DEBUG] [org.gradle.launcher.daemon.server.DaemonStateCoordinator] daemon is running. Sleeping until state changes.
2026-04-18T01:37:54.577+0530 [INFO] [org.gradle.launcher.daemon.server.exec.StartBuildOrRespondWithBusy] Daemon is about to start building Build{id=b27bfb31-6726-4eaf-b4b4-cbe0fd2b5d54, currentDir=/home/intervest/Desktop/IIT/cloud/cw1/cc-cw-group-03/vote_service}. Dispatching build started information...
2026-04-18T01:37:54.578+0530 [DEBUG] [org.gradle.launcher.daemon.server.SynchronizedDispatchConnection] thread 1006: dispatching org.gradle.launcher.daemon.protocol.BuildStarted@506d723
2026-04-18T01:37:54.578+0530 [DEBUG] [org.gradle.launcher.daemon.server.exec.EstablishBuildEnvironment] Configuring env variables: [PATH, XAUTHORITY, INVOCATION_ID, LC_MEASUREMENT, XMODIFIERS, LC_TELEPHONE, GDMSESSION, XDG_DATA_DIRS, LC_TIME, GTK_IM_MODULE, DBUS_SESSION_BUS_ADDRESS, XDG_CURRENT_DESKTOP, JOURNAL_STREAM, LC_PAPER, USERNAME, SESSION_MANAGER, LOGNAME, PWD, MANAGERPID, IM_CONFIG_PHASE, GJS_DEBUG_TOPICS, SHELL, LC_ADDRESS, GIO_LAUNCHED_DESKTOP_FILE, GNOME_DESKTOP_SESSION_ID, GTK_MODULES, SYSTEMD_EXEC_PID, XDG_SESSION_DESKTOP, SSH_AGENT_LAUNCHER, SHLVL, LC_IDENTIFICATION, LC_MONETARY, QT_IM_MODULE, XDG_CONFIG_DIRS, LANG, XDG_SESSION_TYPE, DISPLAY, LC_NAME, _, XDG_SESSION_CLASS, GTK3_MODULES, GPG_AGENT_INFO, DESKTOP_SESSION, USER, XDG_MENU_PREFIX, GIO_LAUNCHED_DESKTOP_FILE_PID, WINDOWPATH, QT_ACCESSIBILITY, GJS_DEBUG_OUTPUT, LC_NUMERIC, SSH_AUTH_SOCK, GNOME_SHELL_SESSION_MODE, XDG_RUNTIME_DIR, HOME]
2026-04-18T01:37:54.578+0530 [DEBUG] [org.gradle.launcher.daemon.server.exec.LogToClient] About to start relaying all logs to the client via the connection.
2026-04-18T01:37:54.579+0530 [INFO] [org.gradle.launcher.daemon.server.exec.LogToClient] The client will now receive all logging from the daemon (pid: 303917). The daemon log file: /home/intervest/Desktop/IIT/cloud/cw1/cc-cw-group-03/search_service/daemon/9.3.1/daemon-303917.out.log
2026-04-18T01:37:54.579+0530 [INFO] [org.gradle.launcher.daemon.server.exec.LogAndCheckHealth] Starting 7th build in daemon [uptime: 1 hrs 7 mins 35.949 secs, performance: 99%, GC rate: 0.00/s, heap usage: 0% of 512 MiB, non-heap usage: 26% of 384 MiB]
2026-04-18T01:37:54.579+0530 [DEBUG] [org.gradle.launcher.daemon.server.exec.ExecuteBuild] The daemon has started executing the build.
2026-04-18T01:37:54.579+0530 [DEBUG] [org.gradle.launcher.daemon.server.exec.ExecuteBuild] Executing build with daemon context: DefaultDaemonContext[uid=bb7e8095-3a97-4917-a9da-e62e239e2c37,javaHome=/home/intervest/.jdks/temurin-21.0.10,javaVersion=21,javaVendor=Eclipse Adoptium,daemonRegistryDir=/home/intervest/Desktop/IIT/cloud/cw1/cc-cw-group-03/search_service/daemon,pid=303917,idleTimeout=10800000,priority=NORMAL,applyInstrumentationAgent=true,nativeServicesMode=ENABLED,daemonOpts=-XX:MaxMetaspaceSize=384m,-XX:+HeapDumpOnOutOfMemoryError,-Xms256m,-Xmx512m,-Dfile.encoding=UTF-8,-Duser.country=US,-Duser.language=en,-Duser.variant]

[Incubating] Problems report is available at: file:///home/intervest/Desktop/IIT/cloud/cw1/cc-cw-group-03/vote_service/build/reports/problems/problems-report.html

Deprecated Gradle features were used in this build, making it incompatible with Gradle 10.

You can use '--warning-mode all' to show the individual deprecation warnings and determine if they come from your own scripts or plugins.

For more on this, please refer to https://docs.gradle.org/9.3.1/userguide/command_line_interface.html#sec:command_line_warnings in the Gradle documentation.

BUILD SUCCESSFUL in 1s
2026-04-18T01:37:56.366+0530 [DEBUG] [org.gradle.launcher.daemon.server.exec.ExecuteBuild] The daemon has finished executing the build.
2026-04-18T01:37:56.375+0530 [DEBUG] [org.gradle.launcher.daemon.server.DaemonStateCoordinator] daemon is running. Sleeping until state changes.
2026-04-18T01:37:56.375+0530 [DEBUG] [org.gradle.launcher.daemon.server.DaemonStateCoordinator] Command execution: finished waiting for DaemonCommandExecution[command = Build{id=b27bfb31-6726-4eaf-b4b4-cbe0fd2b5d54, currentDir=/home/intervest/Desktop/IIT/cloud/cw1/cc-cw-group-03/vote_service}, connection = DefaultDaemonConnection: socket connection from /127.0.0.1:36845 to /127.0.0.1:33052]. Result org.gradle.launcher.daemon.server.DaemonStateCoordinator@5bdaf214 with state Busy
2026-04-18T01:37:56.375+0530 [DEBUG] [org.gradle.launcher.daemon.server.DaemonStateCoordinator] Command execution: completed DaemonCommandExecution[command = Build{id=b27bfb31-6726-4eaf-b4b4-cbe0fd2b5d54, currentDir=/home/intervest/Desktop/IIT/cloud/cw1/cc-cw-group-03/vote_service}, connection = DefaultDaemonConnection: socket connection from /127.0.0.1:36845 to /127.0.0.1:33052]
2026-04-18T01:37:56.376+0530 [DEBUG] [org.gradle.launcher.daemon.server.DaemonStateCoordinator] resetting idle timer
2026-04-18T01:37:56.376+0530 [INFO] [org.gradle.launcher.daemon.server.DaemonRegistryUpdater] Marking the daemon as idle, address: [710e502e-9680-4521-aa75-ed7da72a27e1 port:36845, addresses:[localhost/127.0.0.1]]
2026-04-18T01:37:56.376+0530 [DEBUG] [org.gradle.launcher.daemon.registry.PersistentDaemonRegistry] Marking busy by address: [710e502e-9680-4521-aa75-ed7da72a27e1 port:36845, addresses:[localhost/127.0.0.1]]
2026-04-18T01:37:56.376+0530 [DEBUG] [org.gradle.cache.internal.DefaultFileLockManager] Waiting to acquire exclusive lock on daemon addresses registry.
2026-04-18T01:37:56.376+0530 [DEBUG] [org.gradle.cache.internal.DefaultFileLockManager] Lock acquired on daemon addresses registry.
2026-04-18T01:37:56.377+0530 [DEBUG] [org.gradle.cache.internal.DefaultFileLockManager] Releasing lock on daemon addresses registry.
2026-04-18T01:37:56.377+0530 [DEBUG] [org.gradle.launcher.daemon.server.exec.ReturnResult] Daemon is dispatching the build result: Success[value=org.gradle.launcher.exec.BuildActionResult@7745422a]
2026-04-18T01:37:56.377+0530 [DEBUG] [org.gradle.launcher.daemon.server.DaemonStateCoordinator] daemon is running. Sleeping until state changes.
2026-04-18T01:37:56.377+0530 [DEBUG] [org.gradle.launcher.daemon.server.SynchronizedDispatchConnection] thread 1002: dispatching Success[value=org.gradle.launcher.exec.BuildActionResult@7745422a]
2026-04-18T01:37:56.378+0530 [DEBUG] [org.gradle.launcher.daemon.server.SynchronizedDispatchConnection] thread 1004: received class org.gradle.launcher.daemon.protocol.CloseInput
2026-04-18T01:37:56.378+0530 [DEBUG] [org.gradle.launcher.daemon.server.exec.CleanUpVirtualFileSystemAfterBuild] Cleaning virtual file system after build finished
2026-04-18T01:37:56.378+0530 [DEBUG] [org.gradle.launcher.daemon.server.DefaultIncomingConnectionHandler] Finishing executing command: Build{id=b27bfb31-6726-4eaf-b4b4-cbe0fd2b5d54, currentDir=/home/intervest/Desktop/IIT/cloud/cw1/cc-cw-group-03/vote_service}
2026-04-18T01:37:56.378+0530 [DEBUG] [org.gradle.launcher.daemon.server.DefaultDaemonConnection] thread 1004: Received IO message from client: org.gradle.launcher.daemon.protocol.CloseInput@741a5eba
2026-04-18T01:37:56.379+0530 [DEBUG] [org.gradle.launcher.daemon.server.SynchronizedDispatchConnection] thread 1004: received class org.gradle.launcher.daemon.protocol.Finished
2026-04-18T01:37:56.379+0530 [DEBUG] [org.gradle.launcher.daemon.server.DefaultDaemonConnection] thread 1004: Received non-IO message from client: org.gradle.launcher.daemon.protocol.Finished@7addbe49
2026-04-18T01:37:56.379+0530 [DEBUG] [org.gradle.launcher.daemon.server.DefaultIncomingConnectionHandler] Received finished message: org.gradle.launcher.daemon.protocol.Finished@7addbe49
2026-04-18T01:37:56.379+0530 [DEBUG] [org.gradle.internal.remote.internal.inet.SocketConnection] Discarding EOFException: java.io.EOFException
2026-04-18T01:37:56.379+0530 [DEBUG] [org.gradle.launcher.daemon.server.SynchronizedDispatchConnection] thread 1004: received null
2026-04-18T01:37:56.379+0530 [DEBUG] [org.gradle.launcher.daemon.server.DefaultDaemonConnection] thread 1004: Received end-of-input from client.
2026-04-18T01:37:56.379+0530 [DEBUG] [org.gradle.launcher.daemon.server.SynchronizedDispatchConnection] thread 1002: stopping connection
2026-04-18T01:37:56.380+0530 [DEBUG] [org.gradle.launcher.daemon.server.SynchronizedDispatchConnection] thread 1002: stopping connection
2026-04-18T01:37:57.582+0530 [DEBUG] [org.gradle.internal.remote.internal.inet.TcpIncomingConnector] Accepted connection from /127.0.0.1:33062 to /127.0.0.1:36845.
2026-04-18T01:37:57.583+0530 [DEBUG] [org.gradle.launcher.daemon.server.SynchronizedDispatchConnection] thread 1155: received class org.gradle.launcher.daemon.protocol.Build
2026-04-18T01:37:57.583+0530 [DEBUG] [org.gradle.launcher.daemon.server.DefaultDaemonConnection] thread 1155: Received non-IO message from client: Build{id=ae49c76a-7440-434c-b4f3-d29acb7e454e, currentDir=/home/intervest/Desktop/IIT/cloud/cw1/cc-cw-group-03/vote_service}
2026-04-18T01:37:57.583+0530 [INFO] [org.gradle.launcher.daemon.server.DefaultIncomingConnectionHandler] Received command: Build{id=ae49c76a-7440-434c-b4f3-d29acb7e454e, currentDir=/home/intervest/Desktop/IIT/cloud/cw1/cc-cw-group-03/vote_service}.
2026-04-18T01:37:57.583+0530 [DEBUG] [org.gradle.launcher.daemon.server.DefaultIncomingConnectionHandler] Starting executing command: Build{id=ae49c76a-7440-434c-b4f3-d29acb7e454e, currentDir=/home/intervest/Desktop/IIT/cloud/cw1/cc-cw-group-03/vote_service} with connection: socket connection from /127.0.0.1:36845 to /127.0.0.1:33062.
2026-04-18T01:37:57.583+0530 [DEBUG] [org.gradle.launcher.daemon.server.DaemonStateCoordinator] Command execution: started DaemonCommandExecution[command = Build{id=ae49c76a-7440-434c-b4f3-d29acb7e454e, currentDir=/home/intervest/Desktop/IIT/cloud/cw1/cc-cw-group-03/vote_service}, connection = DefaultDaemonConnection: socket connection from /127.0.0.1:36845 to /127.0.0.1:33062] after 0.020133333333333333 minutes of idle
2026-04-18T01:37:57.583+0530 [INFO] [org.gradle.launcher.daemon.server.DaemonRegistryUpdater] Marking the daemon as busy, address: [710e502e-9680-4521-aa75-ed7da72a27e1 port:36845, addresses:[localhost/127.0.0.1]]
2026-04-18T01:37:57.583+0530 [DEBUG] [org.gradle.launcher.daemon.registry.PersistentDaemonRegistry] Marking busy by address: [710e502e-9680-4521-aa75-ed7da72a27e1 port:36845, addresses:[localhost/127.0.0.1]]
2026-04-18T01:37:57.583+0530 [DEBUG] [org.gradle.cache.internal.DefaultFileLockManager] Waiting to acquire exclusive lock on daemon addresses registry.
2026-04-18T01:37:57.584+0530 [DEBUG] [org.gradle.cache.internal.DefaultFileLockManager] Lock acquired on daemon addresses registry.
2026-04-18T01:37:57.584+0530 [DEBUG] [org.gradle.cache.internal.DefaultFileLockManager] Releasing lock on daemon addresses registry.
2026-04-18T01:37:57.584+0530 [DEBUG] [org.gradle.launcher.daemon.server.DaemonStateCoordinator] resetting idle timer
2026-04-18T01:37:57.584+0530 [DEBUG] [org.gradle.launcher.daemon.server.DaemonStateCoordinator] daemon is running. Sleeping until state changes.
2026-04-18T01:37:57.584+0530 [INFO] [org.gradle.launcher.daemon.server.exec.StartBuildOrRespondWithBusy] Daemon is about to start building Build{id=ae49c76a-7440-434c-b4f3-d29acb7e454e, currentDir=/home/intervest/Desktop/IIT/cloud/cw1/cc-cw-group-03/vote_service}. Dispatching build started information...
2026-04-18T01:37:57.584+0530 [DEBUG] [org.gradle.launcher.daemon.server.SynchronizedDispatchConnection] thread 1006: dispatching org.gradle.launcher.daemon.protocol.BuildStarted@5ce944e2
2026-04-18T01:37:57.584+0530 [DEBUG] [org.gradle.launcher.daemon.server.exec.EstablishBuildEnvironment] Configuring env variables: [PATH, XAUTHORITY, INVOCATION_ID, LC_MEASUREMENT, XMODIFIERS, LC_TELEPHONE, GDMSESSION, XDG_DATA_DIRS, LC_TIME, GTK_IM_MODULE, DBUS_SESSION_BUS_ADDRESS, XDG_CURRENT_DESKTOP, JOURNAL_STREAM, LC_PAPER, USERNAME, SESSION_MANAGER, LOGNAME, PWD, MANAGERPID, IM_CONFIG_PHASE, GJS_DEBUG_TOPICS, SHELL, LC_ADDRESS, GIO_LAUNCHED_DESKTOP_FILE, GNOME_DESKTOP_SESSION_ID, GTK_MODULES, SYSTEMD_EXEC_PID, XDG_SESSION_DESKTOP, SSH_AGENT_LAUNCHER, SHLVL, LC_IDENTIFICATION, LC_MONETARY, QT_IM_MODULE, XDG_CONFIG_DIRS, LANG, XDG_SESSION_TYPE, DISPLAY, LC_NAME, _, XDG_SESSION_CLASS, GTK3_MODULES, GPG_AGENT_INFO, DESKTOP_SESSION, USER, XDG_MENU_PREFIX, GIO_LAUNCHED_DESKTOP_FILE_PID, WINDOWPATH, QT_ACCESSIBILITY, GJS_DEBUG_OUTPUT, LC_NUMERIC, SSH_AUTH_SOCK, GNOME_SHELL_SESSION_MODE, XDG_RUNTIME_DIR, HOME]
2026-04-18T01:37:57.585+0530 [DEBUG] [org.gradle.launcher.daemon.server.exec.LogToClient] About to start relaying all logs to the client via the connection.
2026-04-18T01:37:57.585+0530 [INFO] [org.gradle.launcher.daemon.server.exec.LogToClient] The client will now receive all logging from the daemon (pid: 303917). The daemon log file: /home/intervest/Desktop/IIT/cloud/cw1/cc-cw-group-03/search_service/daemon/9.3.1/daemon-303917.out.log
2026-04-18T01:37:57.585+0530 [INFO] [org.gradle.launcher.daemon.server.exec.LogAndCheckHealth] Starting 8th build in daemon [uptime: 1 hrs 7 mins 38.955 secs, performance: 99%, GC rate: 0.00/s, heap usage: 0% of 512 MiB, non-heap usage: 27% of 384 MiB]
2026-04-18T01:37:57.585+0530 [DEBUG] [org.gradle.launcher.daemon.server.exec.ExecuteBuild] The daemon has started executing the build.
2026-04-18T01:37:57.585+0530 [DEBUG] [org.gradle.launcher.daemon.server.exec.ExecuteBuild] Executing build with daemon context: DefaultDaemonContext[uid=bb7e8095-3a97-4917-a9da-e62e239e2c37,javaHome=/home/intervest/.jdks/temurin-21.0.10,javaVersion=21,javaVendor=Eclipse Adoptium,daemonRegistryDir=/home/intervest/Desktop/IIT/cloud/cw1/cc-cw-group-03/search_service/daemon,pid=303917,idleTimeout=10800000,priority=NORMAL,applyInstrumentationAgent=true,nativeServicesMode=ENABLED,daemonOpts=-XX:MaxMetaspaceSize=384m,-XX:+HeapDumpOnOutOfMemoryError,-Xms256m,-Xmx512m,-Dfile.encoding=UTF-8,-Duser.country=US,-Duser.language=en,-Duser.variant]

BUILD SUCCESSFUL in 667ms
2 actionable tasks: 1 executed, 1 up-to-date
Consider enabling configuration cache to speed up this build: https://docs.gradle.org/9.3.1/userguide/configuration_cache_enabling.html
2026-04-18T01:37:58.265+0530 [DEBUG] [org.gradle.launcher.daemon.server.exec.ExecuteBuild] The daemon has finished executing the build.
2026-04-18T01:37:58.266+0530 [DEBUG] [org.gradle.launcher.daemon.server.DaemonStateCoordinator] Command execution: finished waiting for DaemonCommandExecution[command = Build{id=ae49c76a-7440-434c-b4f3-d29acb7e454e, currentDir=/home/intervest/Desktop/IIT/cloud/cw1/cc-cw-group-03/vote_service}, connection = DefaultDaemonConnection: socket connection from /127.0.0.1:36845 to /127.0.0.1:33062]. Result org.gradle.launcher.daemon.server.DaemonStateCoordinator@5bdaf214 with state Busy
2026-04-18T01:37:58.267+0530 [DEBUG] [org.gradle.launcher.daemon.server.DaemonStateCoordinator] Command execution: completed DaemonCommandExecution[command = Build{id=ae49c76a-7440-434c-b4f3-d29acb7e454e, currentDir=/home/intervest/Desktop/IIT/cloud/cw1/cc-cw-group-03/vote_service}, connection = DefaultDaemonConnection: socket connection from /127.0.0.1:36845 to /127.0.0.1:33062]
2026-04-18T01:37:58.267+0530 [DEBUG] [org.gradle.launcher.daemon.server.DaemonStateCoordinator] resetting idle timer
2026-04-18T01:37:58.267+0530 [INFO] [org.gradle.launcher.daemon.server.DaemonRegistryUpdater] Marking the daemon as idle, address: [710e502e-9680-4521-aa75-ed7da72a27e1 port:36845, addresses:[localhost/127.0.0.1]]
2026-04-18T01:37:58.267+0530 [DEBUG] [org.gradle.launcher.daemon.registry.PersistentDaemonRegistry] Marking busy by address: [710e502e-9680-4521-aa75-ed7da72a27e1 port:36845, addresses:[localhost/127.0.0.1]]
2026-04-18T01:37:58.267+0530 [DEBUG] [org.gradle.cache.internal.DefaultFileLockManager] Waiting to acquire exclusive lock on daemon addresses registry.
2026-04-18T01:37:58.267+0530 [DEBUG] [org.gradle.cache.internal.DefaultFileLockManager] Lock acquired on daemon addresses registry.
2026-04-18T01:37:58.268+0530 [DEBUG] [org.gradle.cache.internal.DefaultFileLockManager] Releasing lock on daemon addresses registry.
2026-04-18T01:37:58.269+0530 [DEBUG] [org.gradle.launcher.daemon.server.exec.ReturnResult] Daemon is dispatching the build result: Success[value=org.gradle.launcher.exec.BuildActionResult@10dba14c]
2026-04-18T01:37:58.269+0530 [DEBUG] [org.gradle.launcher.daemon.server.SynchronizedDispatchConnection] thread 1002: dispatching Success[value=org.gradle.launcher.exec.BuildActionResult@10dba14c]
2026-04-18T01:37:58.269+0530 [DEBUG] [org.gradle.launcher.daemon.server.exec.CleanUpVirtualFileSystemAfterBuild] Cleaning virtual file system after build finished
2026-04-18T01:37:58.269+0530 [DEBUG] [org.gradle.launcher.daemon.server.DefaultIncomingConnectionHandler] Finishing executing command: Build{id=ae49c76a-7440-434c-b4f3-d29acb7e454e, currentDir=/home/intervest/Desktop/IIT/cloud/cw1/cc-cw-group-03/vote_service}
2026-04-18T01:37:58.269+0530 [DEBUG] [org.gradle.launcher.daemon.server.DaemonStateCoordinator] daemon is running. Sleeping until state changes.
2026-04-18T01:37:58.271+0530 [DEBUG] [org.gradle.launcher.daemon.server.SynchronizedDispatchConnection] thread 1155: received class org.gradle.launcher.daemon.protocol.CloseInput
2026-04-18T01:37:58.272+0530 [DEBUG] [org.gradle.launcher.daemon.server.DefaultDaemonConnection] thread 1155: Received IO message from client: org.gradle.launcher.daemon.protocol.CloseInput@69009a50
2026-04-18T01:37:58.272+0530 [DEBUG] [org.gradle.launcher.daemon.server.SynchronizedDispatchConnection] thread 1155: received class org.gradle.launcher.daemon.protocol.Finished
2026-04-18T01:37:58.272+0530 [DEBUG] [org.gradle.launcher.daemon.server.DefaultDaemonConnection] thread 1155: Received non-IO message from client: org.gradle.launcher.daemon.protocol.Finished@67c76900
2026-04-18T01:37:58.272+0530 [DEBUG] [org.gradle.launcher.daemon.server.DefaultIncomingConnectionHandler] Received finished message: org.gradle.launcher.daemon.protocol.Finished@67c76900
2026-04-18T01:37:58.272+0530 [DEBUG] [org.gradle.internal.remote.internal.inet.SocketConnection] Discarding EOFException: java.io.EOFException
2026-04-18T01:37:58.272+0530 [DEBUG] [org.gradle.launcher.daemon.server.SynchronizedDispatchConnection] thread 1002: stopping connection
2026-04-18T01:37:58.272+0530 [DEBUG] [org.gradle.launcher.daemon.server.SynchronizedDispatchConnection] thread 1155: received null
2026-04-18T01:37:58.272+0530 [DEBUG] [org.gradle.launcher.daemon.server.DefaultDaemonConnection] thread 1155: Received end-of-input from client.
2026-04-18T01:37:58.272+0530 [DEBUG] [org.gradle.launcher.daemon.server.SynchronizedDispatchConnection] thread 1002: stopping connection
2026-04-18T01:37:58.859+0530 [DEBUG] [org.gradle.launcher.daemon.server.Daemon] Starting periodic daemon health check.
2026-04-18T01:37:58.859+0530 [DEBUG] [org.gradle.cache.internal.DefaultFileLockManager] Waiting to acquire shared lock on daemon addresses registry.
2026-04-18T01:37:58.859+0530 [DEBUG] [org.gradle.cache.internal.DefaultFileLockManager] Lock acquired on daemon addresses registry.
2026-04-18T01:37:58.859+0530 [DEBUG] [org.gradle.cache.internal.DefaultFileLockManager] Releasing lock on daemon addresses registry.
2026-04-18T01:37:58.859+0530 [DEBUG] [org.gradle.cache.internal.DefaultFileLockManager] Waiting to acquire shared lock on daemon addresses registry.
2026-04-18T01:37:58.860+0530 [DEBUG] [org.gradle.cache.internal.DefaultFileLockManager] Lock acquired on daemon addresses registry.
2026-04-18T01:37:58.860+0530 [DEBUG] [org.gradle.cache.internal.DefaultFileLockManager] Releasing lock on daemon addresses registry.
2026-04-18T01:37:58.860+0530 [DEBUG] [org.gradle.launcher.daemon.server.Daemon] Finished periodic daemon health check.
2026-04-18T01:38:08.860+0530 [DEBUG] [org.gradle.launcher.daemon.server.Daemon] Starting periodic daemon health check.
2026-04-18T01:38:08.860+0530 [DEBUG] [org.gradle.cache.internal.DefaultFileLockManager] Waiting to acquire shared lock on daemon addresses registry.
2026-04-18T01:38:08.860+0530 [DEBUG] [org.gradle.cache.internal.DefaultFileLockManager] Lock acquired on daemon addresses registry.
2026-04-18T01:38:08.860+0530 [DEBUG] [org.gradle.cache.internal.DefaultFileLockManager] Releasing lock on daemon addresses registry.
2026-04-18T01:38:08.860+0530 [DEBUG] [org.gradle.cache.internal.DefaultFileLockManager] Waiting to acquire shared lock on daemon addresses registry.
2026-04-18T01:38:08.860+0530 [DEBUG] [org.gradle.cache.internal.DefaultFileLockManager] Lock acquired on daemon addresses registry.
2026-04-18T01:38:08.860+0530 [DEBUG] [org.gradle.cache.internal.DefaultFileLockManager] Releasing lock on daemon addresses registry.
2026-04-18T01:38:08.860+0530 [DEBUG] [org.gradle.launcher.daemon.server.Daemon] Finished periodic daemon health check.
2026-04-18T01:38:18.860+0530 [DEBUG] [org.gradle.launcher.daemon.server.Daemon] Starting periodic daemon health check.
2026-04-18T01:38:18.860+0530 [DEBUG] [org.gradle.cache.internal.DefaultFileLockManager] Waiting to acquire shared lock on daemon addresses registry.
2026-04-18T01:38:18.860+0530 [DEBUG] [org.gradle.cache.internal.DefaultFileLockManager] Lock acquired on daemon addresses registry.
2026-04-18T01:38:18.860+0530 [DEBUG] [org.gradle.cache.internal.DefaultFileLockManager] Releasing lock on daemon addresses registry.
2026-04-18T01:38:18.860+0530 [DEBUG] [org.gradle.cache.internal.DefaultFileLockManager] Waiting to acquire shared lock on daemon addresses registry.
2026-04-18T01:38:18.860+0530 [DEBUG] [org.gradle.cache.internal.DefaultFileLockManager] Lock acquired on daemon addresses registry.
2026-04-18T01:38:18.860+0530 [DEBUG] [org.gradle.cache.internal.DefaultFileLockManager] Releasing lock on daemon addresses registry.
2026-04-18T01:38:18.860+0530 [DEBUG] [org.gradle.launcher.daemon.server.Daemon] Finished periodic daemon health check.
2026-04-18T01:38:28.860+0530 [DEBUG] [org.gradle.launcher.daemon.server.Daemon] Starting periodic daemon health check.
2026-04-18T01:38:28.860+0530 [DEBUG] [org.gradle.cache.internal.DefaultFileLockManager] Waiting to acquire shared lock on daemon addresses registry.
2026-04-18T01:38:28.860+0530 [DEBUG] [org.gradle.cache.internal.DefaultFileLockManager] Lock acquired on daemon addresses registry.
2026-04-18T01:38:28.860+0530 [DEBUG] [org.gradle.cache.internal.DefaultFileLockManager] Releasing lock on daemon addresses registry.
2026-04-18T01:38:28.860+0530 [DEBUG] [org.gradle.cache.internal.DefaultFileLockManager] Waiting to acquire shared lock on daemon addresses registry.
2026-04-18T01:38:28.860+0530 [DEBUG] [org.gradle.cache.internal.DefaultFileLockManager] Lock acquired on daemon addresses registry.
2026-04-18T01:38:28.860+0530 [DEBUG] [org.gradle.cache.internal.DefaultFileLockManager] Releasing lock on daemon addresses registry.
2026-04-18T01:38:28.860+0530 [DEBUG] [org.gradle.launcher.daemon.server.Daemon] Finished periodic daemon health check.
2026-04-18T01:38:35.899+0530 [DEBUG] [org.gradle.internal.watch.vfs.impl.WatchingVirtualFileSystem] Handling VFS change CREATED /home/intervest/Desktop/IIT/cloud/cw1/cc-cw-group-03/vote_service/src/main/resources/application.properties~
2026-04-18T01:38:35.900+0530 [DEBUG] [org.gradle.internal.watch.vfs.impl.WatchingVirtualFileSystem] Handling VFS change MODIFIED /home/intervest/Desktop/IIT/cloud/cw1/cc-cw-group-03/vote_service/src/main/resources/application.properties
2026-04-18T01:38:35.900+0530 [DEBUG] [org.gradle.internal.watch.registry.impl.NonHierarchicalFileWatcherUpdater] Watching 65 directories to track changes
2026-04-18T01:38:36.950+0530 [DEBUG] [org.gradle.internal.remote.internal.inet.TcpIncomingConnector] Accepted connection from /127.0.0.1:37416 to /127.0.0.1:36845.
2026-04-18T01:38:36.952+0530 [DEBUG] [org.gradle.launcher.daemon.server.SynchronizedDispatchConnection] thread 1299: received class org.gradle.launcher.daemon.protocol.InvalidateVirtualFileSystemAfterChange
2026-04-18T01:38:36.952+0530 [DEBUG] [org.gradle.launcher.daemon.server.DefaultDaemonConnection] thread 1299: Received non-IO message from client: InvalidateVirtualFileSystemAfterChange[id=016aed70-fce8-40ca-9409-59db0f4aae81]
2026-04-18T01:38:36.952+0530 [INFO] [org.gradle.launcher.daemon.server.DefaultIncomingConnectionHandler] Received command: InvalidateVirtualFileSystemAfterChange[id=016aed70-fce8-40ca-9409-59db0f4aae81].
2026-04-18T01:38:36.952+0530 [DEBUG] [org.gradle.launcher.daemon.server.DefaultIncomingConnectionHandler] Starting executing command: InvalidateVirtualFileSystemAfterChange[id=016aed70-fce8-40ca-9409-59db0f4aae81] with connection: socket connection from /127.0.0.1:36845 to /127.0.0.1:37416.
2026-04-18T01:38:36.952+0530 [INFO] [org.gradle.launcher.daemon.server.api.HandleInvalidateVirtualFileSystem] Invalidating [/home/intervest/Desktop/IIT/cloud/cw1/cc-cw-group-03/vote_service/src/main/resources/application.properties]
2026-04-18T01:38:36.952+0530 [DEBUG] [org.gradle.internal.vfs.impl.AbstractVirtualFileSystem] Invalidating VFS paths: [/home/intervest/Desktop/IIT/cloud/cw1/cc-cw-group-03/vote_service/src/main/resources/application.properties]
2026-04-18T01:38:36.952+0530 [DEBUG] [org.gradle.launcher.daemon.server.SynchronizedDispatchConnection] thread 1002: dispatching Success[value=null]
2026-04-18T01:38:36.952+0530 [DEBUG] [org.gradle.launcher.daemon.server.DefaultIncomingConnectionHandler] Finishing executing command: InvalidateVirtualFileSystemAfterChange[id=016aed70-fce8-40ca-9409-59db0f4aae81]
2026-04-18T01:38:36.953+0530 [DEBUG] [org.gradle.launcher.daemon.server.SynchronizedDispatchConnection] thread 1299: received class org.gradle.launcher.daemon.protocol.Finished
2026-04-18T01:38:36.953+0530 [DEBUG] [org.gradle.launcher.daemon.server.DefaultDaemonConnection] thread 1299: Received non-IO message from client: org.gradle.launcher.daemon.protocol.Finished@3552635c
2026-04-18T01:38:36.953+0530 [DEBUG] [org.gradle.launcher.daemon.server.DefaultIncomingConnectionHandler] Received finished message: org.gradle.launcher.daemon.protocol.Finished@3552635c
2026-04-18T01:38:36.953+0530 [DEBUG] [org.gradle.launcher.daemon.server.SynchronizedDispatchConnection] thread 1002: stopping connection
2026-04-18T01:38:36.953+0530 [DEBUG] [org.gradle.internal.remote.internal.inet.SocketConnection] Discarding EOFException: java.io.EOFException
2026-04-18T01:38:36.953+0530 [DEBUG] [org.gradle.launcher.daemon.server.SynchronizedDispatchConnection] thread 1299: received null
2026-04-18T01:38:36.953+0530 [DEBUG] [org.gradle.launcher.daemon.server.DefaultDaemonConnection] thread 1299: Received end-of-input from client.
2026-04-18T01:38:36.953+0530 [DEBUG] [org.gradle.launcher.daemon.server.SynchronizedDispatchConnection] thread 1002: stopping connection
2026-04-18T01:38:36.960+0530 [DEBUG] [org.gradle.internal.remote.internal.inet.TcpIncomingConnector] Accepted connection from /127.0.0.1:37426 to /127.0.0.1:36845.
2026-04-18T01:38:36.962+0530 [DEBUG] [org.gradle.launcher.daemon.server.SynchronizedDispatchConnection] thread 1300: received class org.gradle.launcher.daemon.protocol.Build
2026-04-18T01:38:36.962+0530 [DEBUG] [org.gradle.launcher.daemon.server.DefaultDaemonConnection] thread 1300: Received non-IO message from client: Build{id=72cd4e42-bab6-4182-8389-f3ec7ebc0543, currentDir=/home/intervest/Desktop/IIT/cloud/cw1/cc-cw-group-03/vote_service}
2026-04-18T01:38:36.962+0530 [INFO] [org.gradle.launcher.daemon.server.DefaultIncomingConnectionHandler] Received command: Build{id=72cd4e42-bab6-4182-8389-f3ec7ebc0543, currentDir=/home/intervest/Desktop/IIT/cloud/cw1/cc-cw-group-03/vote_service}.
2026-04-18T01:38:36.962+0530 [DEBUG] [org.gradle.launcher.daemon.server.DefaultIncomingConnectionHandler] Starting executing command: Build{id=72cd4e42-bab6-4182-8389-f3ec7ebc0543, currentDir=/home/intervest/Desktop/IIT/cloud/cw1/cc-cw-group-03/vote_service} with connection: socket connection from /127.0.0.1:36845 to /127.0.0.1:37426.
2026-04-18T01:38:36.962+0530 [DEBUG] [org.gradle.launcher.daemon.server.DaemonStateCoordinator] Command execution: started DaemonCommandExecution[command = Build{id=72cd4e42-bab6-4182-8389-f3ec7ebc0543, currentDir=/home/intervest/Desktop/IIT/cloud/cw1/cc-cw-group-03/vote_service}, connection = DefaultDaemonConnection: socket connection from /127.0.0.1:36845 to /127.0.0.1:37426] after 0.6449 minutes of idle
2026-04-18T01:38:36.962+0530 [INFO] [org.gradle.launcher.daemon.server.DaemonRegistryUpdater] Marking the daemon as busy, address: [710e502e-9680-4521-aa75-ed7da72a27e1 port:36845, addresses:[localhost/127.0.0.1]]
2026-04-18T01:38:36.962+0530 [DEBUG] [org.gradle.launcher.daemon.registry.PersistentDaemonRegistry] Marking busy by address: [710e502e-9680-4521-aa75-ed7da72a27e1 port:36845, addresses:[localhost/127.0.0.1]]
2026-04-18T01:38:36.962+0530 [DEBUG] [org.gradle.cache.internal.DefaultFileLockManager] Waiting to acquire exclusive lock on daemon addresses registry.
2026-04-18T01:38:36.963+0530 [DEBUG] [org.gradle.cache.internal.DefaultFileLockManager] Lock acquired on daemon addresses registry.
2026-04-18T01:38:36.963+0530 [DEBUG] [org.gradle.cache.internal.DefaultFileLockManager] Releasing lock on daemon addresses registry.
2026-04-18T01:38:36.963+0530 [DEBUG] [org.gradle.launcher.daemon.server.DaemonStateCoordinator] resetting idle timer
2026-04-18T01:38:36.963+0530 [DEBUG] [org.gradle.launcher.daemon.server.DaemonStateCoordinator] daemon is running. Sleeping until state changes.
2026-04-18T01:38:36.963+0530 [INFO] [org.gradle.launcher.daemon.server.exec.StartBuildOrRespondWithBusy] Daemon is about to start building Build{id=72cd4e42-bab6-4182-8389-f3ec7ebc0543, currentDir=/home/intervest/Desktop/IIT/cloud/cw1/cc-cw-group-03/vote_service}. Dispatching build started information...
2026-04-18T01:38:36.963+0530 [DEBUG] [org.gradle.launcher.daemon.server.SynchronizedDispatchConnection] thread 1006: dispatching org.gradle.launcher.daemon.protocol.BuildStarted@45082966
2026-04-18T01:38:36.964+0530 [DEBUG] [org.gradle.launcher.daemon.server.exec.EstablishBuildEnvironment] Configuring env variables: [PATH, XAUTHORITY, INVOCATION_ID, LC_MEASUREMENT, XMODIFIERS, LC_TELEPHONE, GDMSESSION, XDG_DATA_DIRS, LC_TIME, GTK_IM_MODULE, DBUS_SESSION_BUS_ADDRESS, XDG_CURRENT_DESKTOP, JOURNAL_STREAM, LC_PAPER, USERNAME, SESSION_MANAGER, LOGNAME, PWD, MANAGERPID, IM_CONFIG_PHASE, GJS_DEBUG_TOPICS, SHELL, LC_ADDRESS, GIO_LAUNCHED_DESKTOP_FILE, GNOME_DESKTOP_SESSION_ID, GTK_MODULES, SYSTEMD_EXEC_PID, XDG_SESSION_DESKTOP, SSH_AGENT_LAUNCHER, SHLVL, LC_IDENTIFICATION, LC_MONETARY, QT_IM_MODULE, XDG_CONFIG_DIRS, LANG, XDG_SESSION_TYPE, DISPLAY, LC_NAME, _, XDG_SESSION_CLASS, GTK3_MODULES, GPG_AGENT_INFO, DESKTOP_SESSION, USER, XDG_MENU_PREFIX, GIO_LAUNCHED_DESKTOP_FILE_PID, WINDOWPATH, QT_ACCESSIBILITY, GJS_DEBUG_OUTPUT, LC_NUMERIC, SSH_AUTH_SOCK, GNOME_SHELL_SESSION_MODE, XDG_RUNTIME_DIR, HOME]
2026-04-18T01:38:36.964+0530 [DEBUG] [org.gradle.launcher.daemon.server.exec.LogToClient] About to start relaying all logs to the client via the connection.
2026-04-18T01:38:36.964+0530 [INFO] [org.gradle.launcher.daemon.server.exec.LogToClient] The client will now receive all logging from the daemon (pid: 303917). The daemon log file: /home/intervest/Desktop/IIT/cloud/cw1/cc-cw-group-03/search_service/daemon/9.3.1/daemon-303917.out.log
2026-04-18T01:38:36.964+0530 [INFO] [org.gradle.launcher.daemon.server.exec.LogAndCheckHealth] Starting 9th build in daemon [uptime: 1 hrs 8 mins 18.334 secs, performance: 99%, GC rate: 0.00/s, heap usage: 0% of 512 MiB, non-heap usage: 27% of 384 MiB]
2026-04-18T01:38:36.965+0530 [DEBUG] [org.gradle.launcher.daemon.server.exec.ExecuteBuild] The daemon has started executing the build.
2026-04-18T01:38:36.965+0530 [DEBUG] [org.gradle.launcher.daemon.server.exec.ExecuteBuild] Executing build with daemon context: DefaultDaemonContext[uid=bb7e8095-3a97-4917-a9da-e62e239e2c37,javaHome=/home/intervest/.jdks/temurin-21.0.10,javaVersion=21,javaVendor=Eclipse Adoptium,daemonRegistryDir=/home/intervest/Desktop/IIT/cloud/cw1/cc-cw-group-03/search_service/daemon,pid=303917,idleTimeout=10800000,priority=NORMAL,applyInstrumentationAgent=true,nativeServicesMode=ENABLED,daemonOpts=-XX:MaxMetaspaceSize=384m,-XX:+HeapDumpOnOutOfMemoryError,-Xms256m,-Xmx512m,-Dfile.encoding=UTF-8,-Duser.country=US,-Duser.language=en,-Duser.variant]

[Incubating] Problems report is available at: file:///home/intervest/Desktop/IIT/cloud/cw1/cc-cw-group-03/vote_service/build/reports/problems/problems-report.html

Deprecated Gradle features were used in this build, making it incompatible with Gradle 10.

You can use '--warning-mode all' to show the individual deprecation warnings and determine if they come from your own scripts or plugins.

For more on this, please refer to https://docs.gradle.org/9.3.1/userguide/command_line_interface.html#sec:command_line_warnings in the Gradle documentation.

BUILD SUCCESSFUL in 1s
2026-04-18T01:38:38.024+0530 [DEBUG] [org.gradle.launcher.daemon.server.exec.ExecuteBuild] The daemon has finished executing the build.
2026-04-18T01:38:38.032+0530 [DEBUG] [org.gradle.launcher.daemon.server.DaemonStateCoordinator] Command execution: finished waiting for DaemonCommandExecution[command = Build{id=72cd4e42-bab6-4182-8389-f3ec7ebc0543, currentDir=/home/intervest/Desktop/IIT/cloud/cw1/cc-cw-group-03/vote_service}, connection = DefaultDaemonConnection: socket connection from /127.0.0.1:36845 to /127.0.0.1:37426]. Result org.gradle.launcher.daemon.server.DaemonStateCoordinator@5bdaf214 with state Busy
2026-04-18T01:38:38.032+0530 [DEBUG] [org.gradle.launcher.daemon.server.DaemonStateCoordinator] Command execution: completed DaemonCommandExecution[command = Build{id=72cd4e42-bab6-4182-8389-f3ec7ebc0543, currentDir=/home/intervest/Desktop/IIT/cloud/cw1/cc-cw-group-03/vote_service}, connection = DefaultDaemonConnection: socket connection from /127.0.0.1:36845 to /127.0.0.1:37426]
2026-04-18T01:38:38.032+0530 [DEBUG] [org.gradle.launcher.daemon.server.DaemonStateCoordinator] resetting idle timer
2026-04-18T01:38:38.032+0530 [INFO] [org.gradle.launcher.daemon.server.DaemonRegistryUpdater] Marking the daemon as idle, address: [710e502e-9680-4521-aa75-ed7da72a27e1 port:36845, addresses:[localhost/127.0.0.1]]
2026-04-18T01:38:38.032+0530 [DEBUG] [org.gradle.launcher.daemon.registry.PersistentDaemonRegistry] Marking busy by address: [710e502e-9680-4521-aa75-ed7da72a27e1 port:36845, addresses:[localhost/127.0.0.1]]
2026-04-18T01:38:38.032+0530 [DEBUG] [org.gradle.cache.internal.DefaultFileLockManager] Waiting to acquire exclusive lock on daemon addresses registry.
2026-04-18T01:38:38.033+0530 [DEBUG] [org.gradle.cache.internal.DefaultFileLockManager] Lock acquired on daemon addresses registry.
2026-04-18T01:38:38.033+0530 [DEBUG] [org.gradle.cache.internal.DefaultFileLockManager] Releasing lock on daemon addresses registry.
2026-04-18T01:38:38.034+0530 [DEBUG] [org.gradle.launcher.daemon.server.exec.ReturnResult] Daemon is dispatching the build result: Success[value=org.gradle.launcher.exec.BuildActionResult@667307ae]
2026-04-18T01:38:38.034+0530 [DEBUG] [org.gradle.launcher.daemon.server.DaemonStateCoordinator] daemon is running. Sleeping until state changes.
2026-04-18T01:38:38.034+0530 [DEBUG] [org.gradle.launcher.daemon.server.SynchronizedDispatchConnection] thread 1002: dispatching Success[value=org.gradle.launcher.exec.BuildActionResult@667307ae]
2026-04-18T01:38:38.034+0530 [DEBUG] [org.gradle.launcher.daemon.server.exec.CleanUpVirtualFileSystemAfterBuild] Cleaning virtual file system after build finished
2026-04-18T01:38:38.034+0530 [DEBUG] [org.gradle.launcher.daemon.server.DefaultIncomingConnectionHandler] Finishing executing command: Build{id=72cd4e42-bab6-4182-8389-f3ec7ebc0543, currentDir=/home/intervest/Desktop/IIT/cloud/cw1/cc-cw-group-03/vote_service}
2026-04-18T01:38:38.034+0530 [DEBUG] [org.gradle.launcher.daemon.server.SynchronizedDispatchConnection] thread 1300: received class org.gradle.launcher.daemon.protocol.CloseInput
2026-04-18T01:38:38.034+0530 [DEBUG] [org.gradle.launcher.daemon.server.DefaultDaemonConnection] thread 1300: Received IO message from client: org.gradle.launcher.daemon.protocol.CloseInput@264e0fdd
2026-04-18T01:38:38.035+0530 [DEBUG] [org.gradle.launcher.daemon.server.SynchronizedDispatchConnection] thread 1300: received class org.gradle.launcher.daemon.protocol.Finished
2026-04-18T01:38:38.035+0530 [DEBUG] [org.gradle.launcher.daemon.server.DefaultDaemonConnection] thread 1300: Received non-IO message from client: org.gradle.launcher.daemon.protocol.Finished@2889f564
2026-04-18T01:38:38.035+0530 [DEBUG] [org.gradle.launcher.daemon.server.DefaultIncomingConnectionHandler] Received finished message: org.gradle.launcher.daemon.protocol.Finished@2889f564
2026-04-18T01:38:38.035+0530 [DEBUG] [org.gradle.launcher.daemon.server.SynchronizedDispatchConnection] thread 1002: stopping connection
2026-04-18T01:38:38.035+0530 [DEBUG] [org.gradle.internal.remote.internal.inet.SocketConnection] Discarding EOFException: java.io.EOFException
2026-04-18T01:38:38.035+0530 [DEBUG] [org.gradle.launcher.daemon.server.SynchronizedDispatchConnection] thread 1300: received null
2026-04-18T01:38:38.035+0530 [DEBUG] [org.gradle.launcher.daemon.server.DefaultDaemonConnection] thread 1300: Received end-of-input from client.
2026-04-18T01:38:38.036+0530 [DEBUG] [org.gradle.launcher.daemon.server.SynchronizedDispatchConnection] thread 1002: stopping connection
2026-04-18T01:38:38.860+0530 [DEBUG] [org.gradle.launcher.daemon.server.Daemon] Starting periodic daemon health check.
2026-04-18T01:38:38.860+0530 [DEBUG] [org.gradle.cache.internal.DefaultFileLockManager] Waiting to acquire shared lock on daemon addresses registry.
2026-04-18T01:38:38.860+0530 [DEBUG] [org.gradle.cache.internal.DefaultFileLockManager] Lock acquired on daemon addresses registry.
2026-04-18T01:38:38.860+0530 [DEBUG] [org.gradle.cache.internal.DefaultFileLockManager] Releasing lock on daemon addresses registry.
2026-04-18T01:38:38.860+0530 [DEBUG] [org.gradle.cache.internal.DefaultFileLockManager] Waiting to acquire shared lock on daemon addresses registry.
2026-04-18T01:38:38.860+0530 [DEBUG] [org.gradle.cache.internal.DefaultFileLockManager] Lock acquired on daemon addresses registry.
2026-04-18T01:38:38.860+0530 [DEBUG] [org.gradle.cache.internal.DefaultFileLockManager] Releasing lock on daemon addresses registry.
2026-04-18T01:38:38.860+0530 [DEBUG] [org.gradle.launcher.daemon.server.Daemon] Finished periodic daemon health check.
2026-04-18T01:38:39.347+0530 [DEBUG] [org.gradle.internal.remote.internal.inet.TcpIncomingConnector] Accepted connection from /127.0.0.1:37428 to /127.0.0.1:36845.
2026-04-18T01:38:39.348+0530 [DEBUG] [org.gradle.launcher.daemon.server.SynchronizedDispatchConnection] thread 1447: received class org.gradle.launcher.daemon.protocol.Build
2026-04-18T01:38:39.348+0530 [DEBUG] [org.gradle.launcher.daemon.server.DefaultDaemonConnection] thread 1447: Received non-IO message from client: Build{id=2c9ed8f5-e3bf-47db-a141-123fa04f8213, currentDir=/home/intervest/Desktop/IIT/cloud/cw1/cc-cw-group-03/vote_service}
2026-04-18T01:38:39.348+0530 [INFO] [org.gradle.launcher.daemon.server.DefaultIncomingConnectionHandler] Received command: Build{id=2c9ed8f5-e3bf-47db-a141-123fa04f8213, currentDir=/home/intervest/Desktop/IIT/cloud/cw1/cc-cw-group-03/vote_service}.
2026-04-18T01:38:39.348+0530 [DEBUG] [org.gradle.launcher.daemon.server.DefaultIncomingConnectionHandler] Starting executing command: Build{id=2c9ed8f5-e3bf-47db-a141-123fa04f8213, currentDir=/home/intervest/Desktop/IIT/cloud/cw1/cc-cw-group-03/vote_service} with connection: socket connection from /127.0.0.1:36845 to /127.0.0.1:37428.
2026-04-18T01:38:39.349+0530 [DEBUG] [org.gradle.launcher.daemon.server.DaemonStateCoordinator] Command execution: started DaemonCommandExecution[command = Build{id=2c9ed8f5-e3bf-47db-a141-123fa04f8213, currentDir=/home/intervest/Desktop/IIT/cloud/cw1/cc-cw-group-03/vote_service}, connection = DefaultDaemonConnection: socket connection from /127.0.0.1:36845 to /127.0.0.1:37428] after 0.021933333333333336 minutes of idle
2026-04-18T01:38:39.349+0530 [INFO] [org.gradle.launcher.daemon.server.DaemonRegistryUpdater] Marking the daemon as busy, address: [710e502e-9680-4521-aa75-ed7da72a27e1 port:36845, addresses:[localhost/127.0.0.1]]
2026-04-18T01:38:39.349+0530 [DEBUG] [org.gradle.launcher.daemon.registry.PersistentDaemonRegistry] Marking busy by address: [710e502e-9680-4521-aa75-ed7da72a27e1 port:36845, addresses:[localhost/127.0.0.1]]
2026-04-18T01:38:39.349+0530 [DEBUG] [org.gradle.cache.internal.DefaultFileLockManager] Waiting to acquire exclusive lock on daemon addresses registry.
2026-04-18T01:38:39.349+0530 [DEBUG] [org.gradle.cache.internal.DefaultFileLockManager] Lock acquired on daemon addresses registry.
2026-04-18T01:38:39.350+0530 [DEBUG] [org.gradle.cache.internal.DefaultFileLockManager] Releasing lock on daemon addresses registry.
2026-04-18T01:38:39.350+0530 [DEBUG] [org.gradle.launcher.daemon.server.DaemonStateCoordinator] resetting idle timer
2026-04-18T01:38:39.350+0530 [DEBUG] [org.gradle.launcher.daemon.server.DaemonStateCoordinator] daemon is running. Sleeping until state changes.
2026-04-18T01:38:39.350+0530 [INFO] [org.gradle.launcher.daemon.server.exec.StartBuildOrRespondWithBusy] Daemon is about to start building Build{id=2c9ed8f5-e3bf-47db-a141-123fa04f8213, currentDir=/home/intervest/Desktop/IIT/cloud/cw1/cc-cw-group-03/vote_service}. Dispatching build started information...
2026-04-18T01:38:39.350+0530 [DEBUG] [org.gradle.launcher.daemon.server.SynchronizedDispatchConnection] thread 1006: dispatching org.gradle.launcher.daemon.protocol.BuildStarted@7cb6b5bb
2026-04-18T01:38:39.350+0530 [DEBUG] [org.gradle.launcher.daemon.server.exec.EstablishBuildEnvironment] Configuring env variables: [PATH, XAUTHORITY, INVOCATION_ID, LC_MEASUREMENT, XMODIFIERS, LC_TELEPHONE, GDMSESSION, XDG_DATA_DIRS, LC_TIME, GTK_IM_MODULE, DBUS_SESSION_BUS_ADDRESS, XDG_CURRENT_DESKTOP, JOURNAL_STREAM, LC_PAPER, USERNAME, SESSION_MANAGER, LOGNAME, PWD, MANAGERPID, IM_CONFIG_PHASE, GJS_DEBUG_TOPICS, SHELL, LC_ADDRESS, GIO_LAUNCHED_DESKTOP_FILE, GNOME_DESKTOP_SESSION_ID, GTK_MODULES, SYSTEMD_EXEC_PID, XDG_SESSION_DESKTOP, SSH_AGENT_LAUNCHER, SHLVL, LC_IDENTIFICATION, LC_MONETARY, QT_IM_MODULE, XDG_CONFIG_DIRS, LANG, XDG_SESSION_TYPE, DISPLAY, LC_NAME, _, XDG_SESSION_CLASS, GTK3_MODULES, GPG_AGENT_INFO, DESKTOP_SESSION, USER, XDG_MENU_PREFIX, GIO_LAUNCHED_DESKTOP_FILE_PID, WINDOWPATH, QT_ACCESSIBILITY, GJS_DEBUG_OUTPUT, LC_NUMERIC, SSH_AUTH_SOCK, GNOME_SHELL_SESSION_MODE, XDG_RUNTIME_DIR, HOME]
2026-04-18T01:38:39.351+0530 [DEBUG] [org.gradle.launcher.daemon.server.exec.LogToClient] About to start relaying all logs to the client via the connection.
2026-04-18T01:38:39.351+0530 [INFO] [org.gradle.launcher.daemon.server.exec.LogToClient] The client will now receive all logging from the daemon (pid: 303917). The daemon log file: /home/intervest/Desktop/IIT/cloud/cw1/cc-cw-group-03/search_service/daemon/9.3.1/daemon-303917.out.log
2026-04-18T01:38:39.352+0530 [INFO] [org.gradle.launcher.daemon.server.exec.LogAndCheckHealth] Starting 10th build in daemon [uptime: 1 hrs 8 mins 20.721 secs, performance: 99%, GC rate: 0.00/s, heap usage: 0% of 512 MiB, non-heap usage: 27% of 384 MiB]
2026-04-18T01:38:39.352+0530 [DEBUG] [org.gradle.launcher.daemon.server.exec.ExecuteBuild] The daemon has started executing the build.
2026-04-18T01:38:39.352+0530 [DEBUG] [org.gradle.launcher.daemon.server.exec.ExecuteBuild] Executing build with daemon context: DefaultDaemonContext[uid=bb7e8095-3a97-4917-a9da-e62e239e2c37,javaHome=/home/intervest/.jdks/temurin-21.0.10,javaVersion=21,javaVendor=Eclipse Adoptium,daemonRegistryDir=/home/intervest/Desktop/IIT/cloud/cw1/cc-cw-group-03/search_service/daemon,pid=303917,idleTimeout=10800000,priority=NORMAL,applyInstrumentationAgent=true,nativeServicesMode=ENABLED,daemonOpts=-XX:MaxMetaspaceSize=384m,-XX:+HeapDumpOnOutOfMemoryError,-Xms256m,-Xmx512m,-Dfile.encoding=UTF-8,-Duser.country=US,-Duser.language=en,-Duser.variant]

BUILD SUCCESSFUL in 520ms
2 actionable tasks: 1 executed, 1 up-to-date
Consider enabling configuration cache to speed up this build: https://docs.gradle.org/9.3.1/userguide/configuration_cache_enabling.html
2026-04-18T01:38:39.882+0530 [DEBUG] [org.gradle.launcher.daemon.server.exec.ExecuteBuild] The daemon has finished executing the build.
2026-04-18T01:38:39.892+0530 [DEBUG] [org.gradle.launcher.daemon.server.DaemonStateCoordinator] Command execution: finished waiting for DaemonCommandExecution[command = Build{id=2c9ed8f5-e3bf-47db-a141-123fa04f8213, currentDir=/home/intervest/Desktop/IIT/cloud/cw1/cc-cw-group-03/vote_service}, connection = DefaultDaemonConnection: socket connection from /127.0.0.1:36845 to /127.0.0.1:37428]. Result org.gradle.launcher.daemon.server.DaemonStateCoordinator@5bdaf214 with state Busy
2026-04-18T01:38:39.892+0530 [DEBUG] [org.gradle.launcher.daemon.server.DaemonStateCoordinator] Command execution: completed DaemonCommandExecution[command = Build{id=2c9ed8f5-e3bf-47db-a141-123fa04f8213, currentDir=/home/intervest/Desktop/IIT/cloud/cw1/cc-cw-group-03/vote_service}, connection = DefaultDaemonConnection: socket connection from /127.0.0.1:36845 to /127.0.0.1:37428]
2026-04-18T01:38:39.892+0530 [DEBUG] [org.gradle.launcher.daemon.server.DaemonStateCoordinator] resetting idle timer
2026-04-18T01:38:39.892+0530 [INFO] [org.gradle.launcher.daemon.server.DaemonRegistryUpdater] Marking the daemon as idle, address: [710e502e-9680-4521-aa75-ed7da72a27e1 port:36845, addresses:[localhost/127.0.0.1]]
2026-04-18T01:38:39.892+0530 [DEBUG] [org.gradle.launcher.daemon.registry.PersistentDaemonRegistry] Marking busy by address: [710e502e-9680-4521-aa75-ed7da72a27e1 port:36845, addresses:[localhost/127.0.0.1]]
2026-04-18T01:38:39.892+0530 [DEBUG] [org.gradle.cache.internal.DefaultFileLockManager] Waiting to acquire exclusive lock on daemon addresses registry.
2026-04-18T01:38:39.892+0530 [DEBUG] [org.gradle.cache.internal.DefaultFileLockManager] Lock acquired on daemon addresses registry.
2026-04-18T01:38:39.893+0530 [DEBUG] [org.gradle.cache.internal.DefaultFileLockManager] Releasing lock on daemon addresses registry.
2026-04-18T01:38:39.893+0530 [DEBUG] [org.gradle.launcher.daemon.server.exec.ReturnResult] Daemon is dispatching the build result: Success[value=org.gradle.launcher.exec.BuildActionResult@5d07cd85]
2026-04-18T01:38:39.893+0530 [DEBUG] [org.gradle.launcher.daemon.server.DaemonStateCoordinator] daemon is running. Sleeping until state changes.
2026-04-18T01:38:39.893+0530 [DEBUG] [org.gradle.launcher.daemon.server.SynchronizedDispatchConnection] thread 1002: dispatching Success[value=org.gradle.launcher.exec.BuildActionResult@5d07cd85]
2026-04-18T01:38:39.893+0530 [DEBUG] [org.gradle.launcher.daemon.server.exec.CleanUpVirtualFileSystemAfterBuild] Cleaning virtual file system after build finished
2026-04-18T01:38:39.893+0530 [DEBUG] [org.gradle.launcher.daemon.server.DefaultIncomingConnectionHandler] Finishing executing command: Build{id=2c9ed8f5-e3bf-47db-a141-123fa04f8213, currentDir=/home/intervest/Desktop/IIT/cloud/cw1/cc-cw-group-03/vote_service}
2026-04-18T01:38:39.894+0530 [DEBUG] [org.gradle.launcher.daemon.server.SynchronizedDispatchConnection] thread 1447: received class org.gradle.launcher.daemon.protocol.CloseInput
2026-04-18T01:38:39.894+0530 [DEBUG] [org.gradle.launcher.daemon.server.DefaultDaemonConnection] thread 1447: Received IO message from client: org.gradle.launcher.daemon.protocol.CloseInput@3b90cec5
2026-04-18T01:38:39.894+0530 [DEBUG] [org.gradle.launcher.daemon.server.SynchronizedDispatchConnection] thread 1447: received class org.gradle.launcher.daemon.protocol.Finished
2026-04-18T01:38:39.894+0530 [DEBUG] [org.gradle.launcher.daemon.server.DefaultDaemonConnection] thread 1447: Received non-IO message from client: org.gradle.launcher.daemon.protocol.Finished@355727c7
2026-04-18T01:38:39.894+0530 [DEBUG] [org.gradle.launcher.daemon.server.DefaultIncomingConnectionHandler] Received finished message: org.gradle.launcher.daemon.protocol.Finished@355727c7
2026-04-18T01:38:39.894+0530 [DEBUG] [org.gradle.internal.remote.internal.inet.SocketConnection] Discarding EOFException: java.io.EOFException
2026-04-18T01:38:39.894+0530 [DEBUG] [org.gradle.launcher.daemon.server.SynchronizedDispatchConnection] thread 1002: stopping connection
2026-04-18T01:38:39.894+0530 [DEBUG] [org.gradle.launcher.daemon.server.SynchronizedDispatchConnection] thread 1447: received null
2026-04-18T01:38:39.894+0530 [DEBUG] [org.gradle.launcher.daemon.server.DefaultDaemonConnection] thread 1447: Received end-of-input from client.
2026-04-18T01:38:39.894+0530 [DEBUG] [org.gradle.launcher.daemon.server.SynchronizedDispatchConnection] thread 1002: stopping connection
2026-04-18T01:38:48.860+0530 [DEBUG] [org.gradle.launcher.daemon.server.Daemon] Starting periodic daemon health check.
2026-04-18T01:38:48.860+0530 [DEBUG] [org.gradle.cache.internal.DefaultFileLockManager] Waiting to acquire shared lock on daemon addresses registry.
2026-04-18T01:38:48.860+0530 [DEBUG] [org.gradle.cache.internal.DefaultFileLockManager] Lock acquired on daemon addresses registry.
2026-04-18T01:38:48.860+0530 [DEBUG] [org.gradle.cache.internal.DefaultFileLockManager] Releasing lock on daemon addresses registry.
2026-04-18T01:38:48.860+0530 [DEBUG] [org.gradle.cache.internal.DefaultFileLockManager] Waiting to acquire shared lock on daemon addresses registry.
2026-04-18T01:38:48.861+0530 [DEBUG] [org.gradle.cache.internal.DefaultFileLockManager] Lock acquired on daemon addresses registry.
2026-04-18T01:38:48.861+0530 [DEBUG] [org.gradle.cache.internal.DefaultFileLockManager] Releasing lock on daemon addresses registry.
2026-04-18T01:38:48.861+0530 [DEBUG] [org.gradle.launcher.daemon.server.Daemon] Finished periodic daemon health check.
2026-04-18T01:38:58.860+0530 [DEBUG] [org.gradle.launcher.daemon.server.Daemon] Starting periodic daemon health check.
2026-04-18T01:38:58.860+0530 [DEBUG] [org.gradle.cache.internal.DefaultFileLockManager] Waiting to acquire shared lock on daemon addresses registry.
2026-04-18T01:38:58.860+0530 [DEBUG] [org.gradle.cache.internal.DefaultFileLockManager] Lock acquired on daemon addresses registry.
2026-04-18T01:38:58.860+0530 [DEBUG] [org.gradle.cache.internal.DefaultFileLockManager] Releasing lock on daemon addresses registry.
2026-04-18T01:38:58.860+0530 [DEBUG] [org.gradle.cache.internal.DefaultFileLockManager] Waiting to acquire shared lock on daemon addresses registry.
2026-04-18T01:38:58.860+0530 [DEBUG] [org.gradle.cache.internal.DefaultFileLockManager] Lock acquired on daemon addresses registry.
2026-04-18T01:38:58.860+0530 [DEBUG] [org.gradle.cache.internal.DefaultFileLockManager] Releasing lock on daemon addresses registry.
2026-04-18T01:38:58.860+0530 [DEBUG] [org.gradle.launcher.daemon.server.Daemon] Finished periodic daemon health check.
2026-04-18T01:39:08.860+0530 [DEBUG] [org.gradle.launcher.daemon.server.Daemon] Starting periodic daemon health check.
2026-04-18T01:39:08.860+0530 [DEBUG] [org.gradle.cache.internal.DefaultFileLockManager] Waiting to acquire shared lock on daemon addresses registry.
2026-04-18T01:39:08.860+0530 [DEBUG] [org.gradle.cache.internal.DefaultFileLockManager] Lock acquired on daemon addresses registry.
2026-04-18T01:39:08.860+0530 [DEBUG] [org.gradle.cache.internal.DefaultFileLockManager] Releasing lock on daemon addresses registry.
2026-04-18T01:39:08.860+0530 [DEBUG] [org.gradle.cache.internal.DefaultFileLockManager] Waiting to acquire shared lock on daemon addresses registry.
2026-04-18T01:39:08.860+0530 [DEBUG] [org.gradle.cache.internal.DefaultFileLockManager] Lock acquired on daemon addresses registry.
2026-04-18T01:39:08.860+0530 [DEBUG] [org.gradle.cache.internal.DefaultFileLockManager] Releasing lock on daemon addresses registry.
2026-04-18T01:39:08.860+0530 [DEBUG] [org.gradle.launcher.daemon.server.Daemon] Finished periodic daemon health check.
2026-04-18T01:39:14.642+0530 [DEBUG] [java.lang.Runtime] Runtime.exit() called with status: 143
java.lang.Throwable: Runtime.exit(143)
	at java.base/java.lang.Shutdown.logRuntimeExit(Shutdown.java:179)
	at java.base/java.lang.Shutdown.exit(Shutdown.java:160)
	at java.base/java.lang.Terminator$1.handle(Terminator.java:51)
	at java.base/jdk.internal.misc.Signal$1.run(Signal.java:218)
	at java.base/java.lang.Thread.run(Thread.java:1583)
Daemon vm is shutting down... The daemon has exited normally or was terminated in response to a user interrupt.
2026-04-18T01:39:14.644+0530 [DEBUG] [org.gradle.launcher.daemon.registry.PersistentDaemonRegistry] Removing daemon address: [710e502e-9680-4521-aa75-ed7da72a27e1 port:36845, addresses:[localhost/127.0.0.1]]
2026-04-18T01:39:14.645+0530 [DEBUG] [org.gradle.cache.internal.DefaultFileLockManager] Waiting to acquire exclusive lock on daemon addresses registry.
2026-04-18T01:39:14.646+0530 [DEBUG] [org.gradle.cache.internal.DefaultFileLockManager] Lock acquired on daemon addresses registry.
2026-04-18T01:39:14.646+0530 [DEBUG] [org.gradle.cache.internal.DefaultFileLockManager] Releasing lock on daemon addresses registry.
