2026-04-17T10:10:48.415+0530 [DEBUG] [org.gradle.launcher.daemon.bootstrap.DaemonMain] Assuming the daemon was started with following jvm opts: [-XX:MaxMetaspaceSize=384m, -XX:+HeapDumpOnOutOfMemoryError, -Xms256m, -Xmx512m, -Dfile.encoding=UTF-8, -Duser.country=US, -Duser.language=en, -Duser.variant]
2026-04-17T10:10:48.682+0530 [DEBUG] [org.gradle.internal.remote.internal.inet.InetAddresses] Adding IP addresses for network interface vethbfa64f3
2026-04-17T10:10:48.682+0530 [DEBUG] [org.gradle.internal.remote.internal.inet.InetAddresses] Is this a loopback interface? false
2026-04-17T10:10:48.683+0530 [DEBUG] [org.gradle.internal.remote.internal.inet.InetAddresses] Adding remote address /fe80:0:0:0:4c0c:96ff:feaa:e2f%vethbfa64f3
2026-04-17T10:10:48.684+0530 [DEBUG] [org.gradle.internal.remote.internal.inet.InetAddresses] Adding IP addresses for network interface vethea49a75
2026-04-17T10:10:48.684+0530 [DEBUG] [org.gradle.internal.remote.internal.inet.InetAddresses] Is this a loopback interface? false
2026-04-17T10:10:48.685+0530 [DEBUG] [org.gradle.internal.remote.internal.inet.InetAddresses] Adding remote address /fe80:0:0:0:54fc:75ff:fe63:8d89%vethea49a75
2026-04-17T10:10:48.685+0530 [DEBUG] [org.gradle.internal.remote.internal.inet.InetAddresses] Adding IP addresses for network interface veth5f1fd71
2026-04-17T10:10:48.686+0530 [DEBUG] [org.gradle.internal.remote.internal.inet.InetAddresses] Is this a loopback interface? false
2026-04-17T10:10:48.686+0530 [DEBUG] [org.gradle.internal.remote.internal.inet.InetAddresses] Adding remote address /fe80:0:0:0:e416:50ff:fe06:4de2%veth5f1fd71
2026-04-17T10:10:48.686+0530 [DEBUG] [org.gradle.internal.remote.internal.inet.InetAddresses] Adding IP addresses for network interface veth1a0e8cc
2026-04-17T10:10:48.687+0530 [DEBUG] [org.gradle.internal.remote.internal.inet.InetAddresses] Is this a loopback interface? false
2026-04-17T10:10:48.688+0530 [DEBUG] [org.gradle.internal.remote.internal.inet.InetAddresses] Adding remote address /fe80:0:0:0:b070:7fff:fe1d:a2d7%veth1a0e8cc
2026-04-17T10:10:48.688+0530 [DEBUG] [org.gradle.internal.remote.internal.inet.InetAddresses] Adding IP addresses for network interface br-9c9d1d14ca12
2026-04-17T10:10:48.688+0530 [DEBUG] [org.gradle.internal.remote.internal.inet.InetAddresses] Is this a loopback interface? false
2026-04-17T10:10:48.689+0530 [DEBUG] [org.gradle.internal.remote.internal.inet.InetAddresses] Adding remote address /fe80:0:0:0:b4de:e7ff:fe6e:7e43%br-9c9d1d14ca12
2026-04-17T10:10:48.689+0530 [DEBUG] [org.gradle.internal.remote.internal.inet.InetAddresses] Adding remote address /172.19.0.1
2026-04-17T10:10:48.690+0530 [DEBUG] [org.gradle.internal.remote.internal.inet.InetAddresses] Adding IP addresses for network interface br-82fe0e401357
2026-04-17T10:10:48.690+0530 [DEBUG] [org.gradle.internal.remote.internal.inet.InetAddresses] Is this a loopback interface? false
2026-04-17T10:10:48.690+0530 [DEBUG] [org.gradle.internal.remote.internal.inet.InetAddresses] Adding remote address /172.18.0.1
2026-04-17T10:10:48.691+0530 [DEBUG] [org.gradle.internal.remote.internal.inet.InetAddresses] Adding IP addresses for network interface docker0
2026-04-17T10:10:48.691+0530 [DEBUG] [org.gradle.internal.remote.internal.inet.InetAddresses] Is this a loopback interface? false
2026-04-17T10:10:48.692+0530 [DEBUG] [org.gradle.internal.remote.internal.inet.InetAddresses] Adding remote address /fe80:0:0:0:7052:60ff:fe92:a28b%docker0
2026-04-17T10:10:48.694+0530 [DEBUG] [org.gradle.internal.remote.internal.inet.InetAddresses] Adding remote address /172.17.0.1
2026-04-17T10:10:48.696+0530 [DEBUG] [org.gradle.internal.remote.internal.inet.InetAddresses] Adding IP addresses for network interface wlp0s20f3
2026-04-17T10:10:48.696+0530 [DEBUG] [org.gradle.internal.remote.internal.inet.InetAddresses] Is this a loopback interface? false
2026-04-17T10:10:48.696+0530 [DEBUG] [org.gradle.internal.remote.internal.inet.InetAddresses] Adding remote address /2402:d000:8108:4701:da28:92e7:a301:415b%wlp0s20f3
2026-04-17T10:10:48.696+0530 [DEBUG] [org.gradle.internal.remote.internal.inet.InetAddresses] Adding remote address /fe80:0:0:0:2e9e:f29a:f848:317a%wlp0s20f3
2026-04-17T10:10:48.696+0530 [DEBUG] [org.gradle.internal.remote.internal.inet.InetAddresses] Adding remote address /2402:d000:8108:4701:6c92:6bfd:84e0:b95f%wlp0s20f3
2026-04-17T10:10:48.697+0530 [DEBUG] [org.gradle.internal.remote.internal.inet.InetAddresses] Adding remote address /192.168.1.18
2026-04-17T10:10:48.697+0530 [DEBUG] [org.gradle.internal.remote.internal.inet.InetAddresses] Adding IP addresses for network interface lo
2026-04-17T10:10:48.700+0530 [DEBUG] [org.gradle.internal.remote.internal.inet.InetAddresses] Is this a loopback interface? true
2026-04-17T10:10:48.700+0530 [DEBUG] [org.gradle.internal.remote.internal.inet.InetAddresses] Adding loopback address /0:0:0:0:0:0:0:1%lo
2026-04-17T10:10:48.701+0530 [DEBUG] [org.gradle.internal.remote.internal.inet.InetAddresses] Adding loopback address /127.0.0.1
2026-04-17T10:10:48.814+0530 [INFO] [org.gradle.launcher.daemon.server.Daemon] start() called on daemon - DefaultDaemonContext[uid=20f98145-0260-443e-839b-ec63b4bb6571,javaHome=/home/intervest/.jdks/openjdk-25.0.2,javaVersion=25,javaVendor=Oracle Corporation,daemonRegistryDir=/home/intervest/Desktop/IIT/cloud/cw1/cc-cw-group-03/search_service/daemon,pid=33694,idleTimeout=10800000,priority=NORMAL,applyInstrumentationAgent=true,nativeServicesMode=ENABLED,daemonOpts=-XX:MaxMetaspaceSize=384m,-XX:+HeapDumpOnOutOfMemoryError,-Xms256m,-Xmx512m,-Dfile.encoding=UTF-8,-Duser.country=US,-Duser.language=en,-Duser.variant]
2026-04-17T10:10:48.826+0530 [DEBUG] [org.gradle.internal.remote.internal.inet.TcpIncomingConnector] Listening on [fc206312-0373-4cf7-9a23-83a451f5e6d9 port:38301, addresses:[localhost/127.0.0.1]].
2026-04-17T10:10:48.863+0530 [DEBUG] [org.gradle.launcher.daemon.server.Daemon] Daemon starting at: Fri Apr 17 10:10:48 IST 2026, with address: [fc206312-0373-4cf7-9a23-83a451f5e6d9 port:38301, addresses:[localhost/127.0.0.1]]
2026-04-17T10:10:48.864+0530 [INFO] [org.gradle.launcher.daemon.server.DaemonRegistryUpdater] Advertising the daemon address to the clients: [fc206312-0373-4cf7-9a23-83a451f5e6d9 port:38301, addresses:[localhost/127.0.0.1]]
2026-04-17T10:10:48.864+0530 [DEBUG] [org.gradle.launcher.daemon.server.DaemonRegistryUpdater] Advertised daemon context: DefaultDaemonContext[uid=20f98145-0260-443e-839b-ec63b4bb6571,javaHome=/home/intervest/.jdks/openjdk-25.0.2,javaVersion=25,javaVendor=Oracle Corporation,daemonRegistryDir=/home/intervest/Desktop/IIT/cloud/cw1/cc-cw-group-03/search_service/daemon,pid=33694,idleTimeout=10800000,priority=NORMAL,applyInstrumentationAgent=true,nativeServicesMode=ENABLED,daemonOpts=-XX:MaxMetaspaceSize=384m,-XX:+HeapDumpOnOutOfMemoryError,-Xms256m,-Xmx512m,-Dfile.encoding=UTF-8,-Duser.country=US,-Duser.language=en,-Duser.variant]
2026-04-17T10:10:48.865+0530 [DEBUG] [org.gradle.launcher.daemon.registry.PersistentDaemonRegistry] Storing daemon address: [fc206312-0373-4cf7-9a23-83a451f5e6d9 port:38301, addresses:[localhost/127.0.0.1]], context: DefaultDaemonContext[uid=20f98145-0260-443e-839b-ec63b4bb6571,javaHome=/home/intervest/.jdks/openjdk-25.0.2,javaVersion=25,javaVendor=Oracle Corporation,daemonRegistryDir=/home/intervest/Desktop/IIT/cloud/cw1/cc-cw-group-03/search_service/daemon,pid=33694,idleTimeout=10800000,priority=NORMAL,applyInstrumentationAgent=true,nativeServicesMode=ENABLED,daemonOpts=-XX:MaxMetaspaceSize=384m,-XX:+HeapDumpOnOutOfMemoryError,-Xms256m,-Xmx512m,-Dfile.encoding=UTF-8,-Duser.country=US,-Duser.language=en,-Duser.variant]
2026-04-17T10:10:48.894+0530 [DEBUG] [org.gradle.cache.internal.DefaultFileLockManager] Waiting to acquire exclusive lock on daemon addresses registry.
2026-04-17T10:10:48.901+0530 [DEBUG] [org.gradle.cache.internal.DefaultFileLockManager] Lock acquired on daemon addresses registry.
2026-04-17T10:10:48.909+0530 [DEBUG] [org.gradle.cache.internal.DefaultFileLockManager] Releasing lock on daemon addresses registry.
2026-04-17T10:10:48.909+0530 [LIFECYCLE] [org.gradle.launcher.daemon.server.Daemon] Daemon server started.
2026-04-17T10:10:48.911+0530 [DEBUG] [org.gradle.launcher.daemon.bootstrap.DaemonStartupCommunication] Completed writing the daemon greeting. Closing streams...
2026-04-17T10:10:48.921+0530 [DEBUG] [org.gradle.internal.remote.internal.inet.TcpIncomingConnector] Accepted connection from /127.0.0.1:59032 to /127.0.0.1:38301.
2026-04-17T10:10:48.949+0530 [DEBUG] [org.gradle.launcher.daemon.server.Daemon] stopOnExpiration() called on daemon
2026-04-17T10:10:48.952+0530 [DEBUG] [org.gradle.launcher.daemon.server.Daemon] awaitExpiration() called on daemon
2026-04-17T10:10:48.952+0530 [DEBUG] [org.gradle.launcher.daemon.server.DaemonStateCoordinator] daemon is running. Sleeping until state changes.
2026-04-17T10:10:49.010+0530 [DEBUG] [org.gradle.launcher.daemon.server.SynchronizedDispatchConnection] thread 37: received class org.gradle.launcher.daemon.protocol.Build
2026-04-17T10:10:49.011+0530 [DEBUG] [org.gradle.launcher.daemon.server.DefaultDaemonConnection] thread 37: Received non-IO message from client: Build{id=efe8cdf1-6c96-44af-9e16-a75af5d2d8e7, currentDir=/home/intervest/Desktop/IIT/cloud/cw1/cc-cw-group-03/salary_submission_service}
2026-04-17T10:10:49.014+0530 [INFO] [org.gradle.launcher.daemon.server.DefaultIncomingConnectionHandler] Received command: Build{id=efe8cdf1-6c96-44af-9e16-a75af5d2d8e7, currentDir=/home/intervest/Desktop/IIT/cloud/cw1/cc-cw-group-03/salary_submission_service}.
2026-04-17T10:10:49.014+0530 [DEBUG] [org.gradle.launcher.daemon.server.DefaultIncomingConnectionHandler] Starting executing command: Build{id=efe8cdf1-6c96-44af-9e16-a75af5d2d8e7, currentDir=/home/intervest/Desktop/IIT/cloud/cw1/cc-cw-group-03/salary_submission_service} with connection: socket connection from /127.0.0.1:38301 to /127.0.0.1:59032.
2026-04-17T10:10:49.018+0530 [DEBUG] [org.gradle.launcher.daemon.server.DaemonStateCoordinator] Command execution: started DaemonCommandExecution[command = Build{id=efe8cdf1-6c96-44af-9e16-a75af5d2d8e7, currentDir=/home/intervest/Desktop/IIT/cloud/cw1/cc-cw-group-03/salary_submission_service}, connection = DefaultDaemonConnection: socket connection from /127.0.0.1:38301 to /127.0.0.1:59032] after 0.0032833333333333334 minutes of idle
2026-04-17T10:10:49.018+0530 [INFO] [org.gradle.launcher.daemon.server.DaemonRegistryUpdater] Marking the daemon as busy, address: [fc206312-0373-4cf7-9a23-83a451f5e6d9 port:38301, addresses:[localhost/127.0.0.1]]
2026-04-17T10:10:49.019+0530 [DEBUG] [org.gradle.launcher.daemon.registry.PersistentDaemonRegistry] Marking busy by address: [fc206312-0373-4cf7-9a23-83a451f5e6d9 port:38301, addresses:[localhost/127.0.0.1]]
2026-04-17T10:10:49.019+0530 [DEBUG] [org.gradle.cache.internal.DefaultFileLockManager] Waiting to acquire exclusive lock on daemon addresses registry.
2026-04-17T10:10:49.020+0530 [DEBUG] [org.gradle.cache.internal.DefaultFileLockManager] Lock acquired on daemon addresses registry.
2026-04-17T10:10:49.020+0530 [DEBUG] [org.gradle.cache.internal.DefaultFileLockManager] Releasing lock on daemon addresses registry.
2026-04-17T10:10:49.020+0530 [DEBUG] [org.gradle.launcher.daemon.server.DaemonStateCoordinator] resetting idle timer
2026-04-17T10:10:49.021+0530 [DEBUG] [org.gradle.launcher.daemon.server.DaemonStateCoordinator] daemon is running. Sleeping until state changes.
2026-04-17T10:10:49.021+0530 [INFO] [org.gradle.launcher.daemon.server.exec.StartBuildOrRespondWithBusy] Daemon is about to start building Build{id=efe8cdf1-6c96-44af-9e16-a75af5d2d8e7, currentDir=/home/intervest/Desktop/IIT/cloud/cw1/cc-cw-group-03/salary_submission_service}. Dispatching build started information...
2026-04-17T10:10:49.022+0530 [DEBUG] [org.gradle.launcher.daemon.server.SynchronizedDispatchConnection] thread 39: dispatching org.gradle.launcher.daemon.protocol.BuildStarted@75ec6e67
2026-04-17T10:10:49.023+0530 [DEBUG] [org.gradle.launcher.daemon.server.exec.EstablishBuildEnvironment] Configuring env variables: [PATH, XAUTHORITY, INVOCATION_ID, LC_MEASUREMENT, XMODIFIERS, LC_TELEPHONE, GDMSESSION, XDG_DATA_DIRS, LC_TIME, GTK_IM_MODULE, DBUS_SESSION_BUS_ADDRESS, XDG_CURRENT_DESKTOP, JOURNAL_STREAM, LC_PAPER, USERNAME, SESSION_MANAGER, LOGNAME, PWD, MANAGERPID, IM_CONFIG_PHASE, GJS_DEBUG_TOPICS, SHELL, LC_ADDRESS, GIO_LAUNCHED_DESKTOP_FILE, GNOME_DESKTOP_SESSION_ID, GTK_MODULES, SYSTEMD_EXEC_PID, XDG_SESSION_DESKTOP, SSH_AGENT_LAUNCHER, SHLVL, LC_IDENTIFICATION, LC_MONETARY, QT_IM_MODULE, XDG_CONFIG_DIRS, LANG, XDG_SESSION_TYPE, DISPLAY, LC_NAME, _, XDG_SESSION_CLASS, GTK3_MODULES, GPG_AGENT_INFO, DESKTOP_SESSION, USER, XDG_MENU_PREFIX, GIO_LAUNCHED_DESKTOP_FILE_PID, WINDOWPATH, QT_ACCESSIBILITY, GJS_DEBUG_OUTPUT, LC_NUMERIC, SSH_AUTH_SOCK, GNOME_SHELL_SESSION_MODE, XDG_RUNTIME_DIR, HOME]
2026-04-17T10:10:49.033+0530 [DEBUG] [org.gradle.launcher.daemon.server.exec.LogToClient] About to start relaying all logs to the client via the connection.
2026-04-17T10:10:49.034+0530 [INFO] [org.gradle.launcher.daemon.server.exec.LogToClient] The client will now receive all logging from the daemon (pid: 33694). The daemon log file: /home/intervest/Desktop/IIT/cloud/cw1/cc-cw-group-03/search_service/daemon/9.3.1/daemon-33694.out.log
2026-04-17T10:10:49.084+0530 [INFO] [org.gradle.launcher.daemon.server.exec.LogAndCheckHealth] Starting build in new daemon [memory: 512 MiB]
2026-04-17T10:10:49.100+0530 [DEBUG] [org.gradle.launcher.daemon.server.exec.ExecuteBuild] The daemon has started executing the build.
2026-04-17T10:10:49.103+0530 [DEBUG] [org.gradle.launcher.daemon.server.exec.ExecuteBuild] Executing build with daemon context: DefaultDaemonContext[uid=20f98145-0260-443e-839b-ec63b4bb6571,javaHome=/home/intervest/.jdks/openjdk-25.0.2,javaVersion=25,javaVendor=Oracle Corporation,daemonRegistryDir=/home/intervest/Desktop/IIT/cloud/cw1/cc-cw-group-03/search_service/daemon,pid=33694,idleTimeout=10800000,priority=NORMAL,applyInstrumentationAgent=true,nativeServicesMode=ENABLED,daemonOpts=-XX:MaxMetaspaceSize=384m,-XX:+HeapDumpOnOutOfMemoryError,-Xms256m,-Xmx512m,-Dfile.encoding=UTF-8,-Duser.country=US,-Duser.language=en,-Duser.variant]

[Incubating] Problems report is available at: file:///home/intervest/Desktop/IIT/cloud/cw1/cc-cw-group-03/salary_submission_service/build/reports/problems/problems-report.html

Deprecated Gradle features were used in this build, making it incompatible with Gradle 10.

You can use '--warning-mode all' to show the individual deprecation warnings and determine if they come from your own scripts or plugins.

For more on this, please refer to https://docs.gradle.org/9.3.1/userguide/command_line_interface.html#sec:command_line_warnings in the Gradle documentation.

BUILD SUCCESSFUL in 27s
2026-04-17T10:11:12.082+0530 [DEBUG] [org.gradle.launcher.daemon.server.exec.ExecuteBuild] The daemon has finished executing the build.
2026-04-17T10:11:12.090+0530 [DEBUG] [org.gradle.launcher.daemon.server.DaemonStateCoordinator] daemon is running. Sleeping until state changes.
2026-04-17T10:11:12.090+0530 [DEBUG] [org.gradle.launcher.daemon.server.DaemonStateCoordinator] Command execution: finished waiting for DaemonCommandExecution[command = Build{id=efe8cdf1-6c96-44af-9e16-a75af5d2d8e7, currentDir=/home/intervest/Desktop/IIT/cloud/cw1/cc-cw-group-03/salary_submission_service}, connection = DefaultDaemonConnection: socket connection from /127.0.0.1:38301 to /127.0.0.1:59032]. Result org.gradle.launcher.daemon.server.DaemonStateCoordinator@2892bb90 with state Busy
2026-04-17T10:11:12.090+0530 [DEBUG] [org.gradle.launcher.daemon.server.DaemonStateCoordinator] Command execution: completed DaemonCommandExecution[command = Build{id=efe8cdf1-6c96-44af-9e16-a75af5d2d8e7, currentDir=/home/intervest/Desktop/IIT/cloud/cw1/cc-cw-group-03/salary_submission_service}, connection = DefaultDaemonConnection: socket connection from /127.0.0.1:38301 to /127.0.0.1:59032]
2026-04-17T10:11:12.090+0530 [DEBUG] [org.gradle.launcher.daemon.server.DaemonStateCoordinator] resetting idle timer
2026-04-17T10:11:12.090+0530 [INFO] [org.gradle.launcher.daemon.server.DaemonRegistryUpdater] Marking the daemon as idle, address: [fc206312-0373-4cf7-9a23-83a451f5e6d9 port:38301, addresses:[localhost/127.0.0.1]]
2026-04-17T10:11:12.090+0530 [DEBUG] [org.gradle.launcher.daemon.registry.PersistentDaemonRegistry] Marking busy by address: [fc206312-0373-4cf7-9a23-83a451f5e6d9 port:38301, addresses:[localhost/127.0.0.1]]
2026-04-17T10:11:12.090+0530 [DEBUG] [org.gradle.cache.internal.DefaultFileLockManager] Waiting to acquire exclusive lock on daemon addresses registry.
2026-04-17T10:11:12.091+0530 [DEBUG] [org.gradle.cache.internal.DefaultFileLockManager] Lock acquired on daemon addresses registry.
2026-04-17T10:11:12.091+0530 [DEBUG] [org.gradle.cache.internal.DefaultFileLockManager] Releasing lock on daemon addresses registry.
2026-04-17T10:11:12.091+0530 [DEBUG] [org.gradle.launcher.daemon.server.DaemonStateCoordinator] daemon is running. Sleeping until state changes.
2026-04-17T10:11:12.091+0530 [DEBUG] [org.gradle.launcher.daemon.server.exec.ReturnResult] Daemon is dispatching the build result: Success[value=org.gradle.launcher.exec.BuildActionResult@3275304a]
2026-04-17T10:11:12.091+0530 [DEBUG] [org.gradle.launcher.daemon.server.SynchronizedDispatchConnection] thread 35: dispatching Success[value=org.gradle.launcher.exec.BuildActionResult@3275304a]
2026-04-17T10:11:12.092+0530 [DEBUG] [org.gradle.launcher.daemon.server.SynchronizedDispatchConnection] thread 37: received class org.gradle.launcher.daemon.protocol.CloseInput
2026-04-17T10:11:12.092+0530 [DEBUG] [org.gradle.launcher.daemon.server.DefaultDaemonConnection] thread 37: Received IO message from client: org.gradle.launcher.daemon.protocol.CloseInput@7cb8d367
2026-04-17T10:11:12.099+0530 [DEBUG] [org.gradle.launcher.daemon.server.exec.CleanUpVirtualFileSystemAfterBuild] Cleaning virtual file system after build finished
2026-04-17T10:11:12.099+0530 [DEBUG] [org.gradle.launcher.daemon.server.DefaultIncomingConnectionHandler] Finishing executing command: Build{id=efe8cdf1-6c96-44af-9e16-a75af5d2d8e7, currentDir=/home/intervest/Desktop/IIT/cloud/cw1/cc-cw-group-03/salary_submission_service}
2026-04-17T10:11:12.099+0530 [DEBUG] [org.gradle.launcher.daemon.server.SynchronizedDispatchConnection] thread 37: received class org.gradle.launcher.daemon.protocol.Finished
2026-04-17T10:11:12.100+0530 [DEBUG] [org.gradle.launcher.daemon.server.DefaultDaemonConnection] thread 37: Received non-IO message from client: org.gradle.launcher.daemon.protocol.Finished@23da5c2a
2026-04-17T10:11:12.100+0530 [DEBUG] [org.gradle.launcher.daemon.server.DefaultIncomingConnectionHandler] Received finished message: org.gradle.launcher.daemon.protocol.Finished@23da5c2a
2026-04-17T10:11:12.100+0530 [DEBUG] [org.gradle.launcher.daemon.server.SynchronizedDispatchConnection] thread 35: stopping connection
2026-04-17T10:11:12.100+0530 [DEBUG] [org.gradle.internal.remote.internal.inet.SocketConnection] Discarding EOFException: java.io.EOFException
2026-04-17T10:11:12.100+0530 [DEBUG] [org.gradle.launcher.daemon.server.SynchronizedDispatchConnection] thread 37: received null
2026-04-17T10:11:12.100+0530 [DEBUG] [org.gradle.launcher.daemon.server.DefaultDaemonConnection] thread 37: Received end-of-input from client.
2026-04-17T10:11:12.101+0530 [DEBUG] [org.gradle.launcher.daemon.server.SynchronizedDispatchConnection] thread 35: stopping connection
2026-04-17T10:11:18.951+0530 [DEBUG] [org.gradle.launcher.daemon.server.Daemon] Starting periodic daemon health check.
2026-04-17T10:11:18.951+0530 [DEBUG] [org.gradle.cache.internal.DefaultFileLockManager] Waiting to acquire shared lock on daemon addresses registry.
2026-04-17T10:11:18.952+0530 [DEBUG] [org.gradle.cache.internal.DefaultFileLockManager] Lock acquired on daemon addresses registry.
2026-04-17T10:11:18.952+0530 [DEBUG] [org.gradle.cache.internal.DefaultFileLockManager] Releasing lock on daemon addresses registry.
2026-04-17T10:11:18.952+0530 [DEBUG] [org.gradle.cache.internal.DefaultFileLockManager] Waiting to acquire shared lock on daemon addresses registry.
2026-04-17T10:11:18.952+0530 [DEBUG] [org.gradle.cache.internal.DefaultFileLockManager] Lock acquired on daemon addresses registry.
2026-04-17T10:11:18.952+0530 [DEBUG] [org.gradle.cache.internal.DefaultFileLockManager] Releasing lock on daemon addresses registry.
2026-04-17T10:11:18.952+0530 [DEBUG] [org.gradle.launcher.daemon.server.Daemon] Finished periodic daemon health check.
2026-04-17T10:11:28.951+0530 [DEBUG] [org.gradle.launcher.daemon.server.Daemon] Starting periodic daemon health check.
2026-04-17T10:11:28.951+0530 [DEBUG] [org.gradle.cache.internal.DefaultFileLockManager] Waiting to acquire shared lock on daemon addresses registry.
2026-04-17T10:11:28.951+0530 [DEBUG] [org.gradle.cache.internal.DefaultFileLockManager] Lock acquired on daemon addresses registry.
2026-04-17T10:11:28.951+0530 [DEBUG] [org.gradle.cache.internal.DefaultFileLockManager] Releasing lock on daemon addresses registry.
2026-04-17T10:11:28.952+0530 [DEBUG] [org.gradle.cache.internal.DefaultFileLockManager] Waiting to acquire shared lock on daemon addresses registry.
2026-04-17T10:11:28.952+0530 [DEBUG] [org.gradle.cache.internal.DefaultFileLockManager] Lock acquired on daemon addresses registry.
2026-04-17T10:11:28.952+0530 [DEBUG] [org.gradle.cache.internal.DefaultFileLockManager] Releasing lock on daemon addresses registry.
2026-04-17T10:11:28.952+0530 [DEBUG] [org.gradle.launcher.daemon.server.Daemon] Finished periodic daemon health check.
2026-04-17T10:11:38.952+0530 [DEBUG] [org.gradle.launcher.daemon.server.Daemon] Starting periodic daemon health check.
2026-04-17T10:11:38.952+0530 [DEBUG] [org.gradle.cache.internal.DefaultFileLockManager] Waiting to acquire shared lock on daemon addresses registry.
2026-04-17T10:11:38.952+0530 [DEBUG] [org.gradle.cache.internal.DefaultFileLockManager] Lock acquired on daemon addresses registry.
2026-04-17T10:11:38.952+0530 [DEBUG] [org.gradle.cache.internal.DefaultFileLockManager] Releasing lock on daemon addresses registry.
2026-04-17T10:11:38.952+0530 [DEBUG] [org.gradle.cache.internal.DefaultFileLockManager] Waiting to acquire shared lock on daemon addresses registry.
2026-04-17T10:11:38.952+0530 [DEBUG] [org.gradle.cache.internal.DefaultFileLockManager] Lock acquired on daemon addresses registry.
2026-04-17T10:11:38.952+0530 [DEBUG] [org.gradle.cache.internal.DefaultFileLockManager] Releasing lock on daemon addresses registry.
2026-04-17T10:11:38.952+0530 [DEBUG] [org.gradle.launcher.daemon.server.Daemon] Finished periodic daemon health check.
2026-04-17T10:11:48.951+0530 [DEBUG] [org.gradle.launcher.daemon.server.Daemon] Starting periodic daemon health check.
2026-04-17T10:11:48.951+0530 [DEBUG] [org.gradle.cache.internal.DefaultFileLockManager] Waiting to acquire shared lock on daemon addresses registry.
2026-04-17T10:11:48.951+0530 [DEBUG] [org.gradle.cache.internal.DefaultFileLockManager] Lock acquired on daemon addresses registry.
2026-04-17T10:11:48.952+0530 [DEBUG] [org.gradle.cache.internal.DefaultFileLockManager] Releasing lock on daemon addresses registry.
2026-04-17T10:11:48.952+0530 [DEBUG] [org.gradle.cache.internal.DefaultFileLockManager] Waiting to acquire shared lock on daemon addresses registry.
2026-04-17T10:11:48.952+0530 [DEBUG] [org.gradle.cache.internal.DefaultFileLockManager] Lock acquired on daemon addresses registry.
2026-04-17T10:11:48.952+0530 [DEBUG] [org.gradle.cache.internal.DefaultFileLockManager] Releasing lock on daemon addresses registry.
2026-04-17T10:11:48.952+0530 [DEBUG] [org.gradle.launcher.daemon.server.Daemon] Finished periodic daemon health check.
2026-04-17T10:11:58.951+0530 [DEBUG] [org.gradle.launcher.daemon.server.Daemon] Starting periodic daemon health check.
2026-04-17T10:11:58.951+0530 [DEBUG] [org.gradle.cache.internal.DefaultFileLockManager] Waiting to acquire shared lock on daemon addresses registry.
2026-04-17T10:11:58.951+0530 [DEBUG] [org.gradle.cache.internal.DefaultFileLockManager] Lock acquired on daemon addresses registry.
2026-04-17T10:11:58.952+0530 [DEBUG] [org.gradle.cache.internal.DefaultFileLockManager] Releasing lock on daemon addresses registry.
2026-04-17T10:11:58.952+0530 [DEBUG] [org.gradle.cache.internal.DefaultFileLockManager] Waiting to acquire shared lock on daemon addresses registry.
2026-04-17T10:11:58.952+0530 [DEBUG] [org.gradle.cache.internal.DefaultFileLockManager] Lock acquired on daemon addresses registry.
2026-04-17T10:11:58.952+0530 [DEBUG] [org.gradle.cache.internal.DefaultFileLockManager] Releasing lock on daemon addresses registry.
2026-04-17T10:11:58.952+0530 [DEBUG] [org.gradle.launcher.daemon.server.Daemon] Finished periodic daemon health check.
2026-04-17T10:12:08.952+0530 [DEBUG] [org.gradle.launcher.daemon.server.Daemon] Starting periodic daemon health check.
2026-04-17T10:12:08.952+0530 [DEBUG] [org.gradle.cache.internal.DefaultFileLockManager] Waiting to acquire shared lock on daemon addresses registry.
2026-04-17T10:12:08.952+0530 [DEBUG] [org.gradle.cache.internal.DefaultFileLockManager] Lock acquired on daemon addresses registry.
2026-04-17T10:12:08.952+0530 [DEBUG] [org.gradle.cache.internal.DefaultFileLockManager] Releasing lock on daemon addresses registry.
2026-04-17T10:12:08.953+0530 [DEBUG] [org.gradle.cache.internal.DefaultFileLockManager] Waiting to acquire shared lock on daemon addresses registry.
2026-04-17T10:12:08.953+0530 [DEBUG] [org.gradle.cache.internal.DefaultFileLockManager] Lock acquired on daemon addresses registry.
2026-04-17T10:12:08.953+0530 [DEBUG] [org.gradle.cache.internal.DefaultFileLockManager] Releasing lock on daemon addresses registry.
2026-04-17T10:12:08.953+0530 [DEBUG] [org.gradle.launcher.daemon.server.Daemon] Finished periodic daemon health check.
2026-04-17T10:12:18.952+0530 [DEBUG] [org.gradle.launcher.daemon.server.Daemon] Starting periodic daemon health check.
2026-04-17T10:12:18.952+0530 [DEBUG] [org.gradle.cache.internal.DefaultFileLockManager] Waiting to acquire shared lock on daemon addresses registry.
2026-04-17T10:12:18.952+0530 [DEBUG] [org.gradle.cache.internal.DefaultFileLockManager] Lock acquired on daemon addresses registry.
2026-04-17T10:12:18.952+0530 [DEBUG] [org.gradle.cache.internal.DefaultFileLockManager] Releasing lock on daemon addresses registry.
2026-04-17T10:12:18.953+0530 [DEBUG] [org.gradle.cache.internal.DefaultFileLockManager] Waiting to acquire shared lock on daemon addresses registry.
2026-04-17T10:12:18.953+0530 [DEBUG] [org.gradle.cache.internal.DefaultFileLockManager] Lock acquired on daemon addresses registry.
2026-04-17T10:12:18.953+0530 [DEBUG] [org.gradle.cache.internal.DefaultFileLockManager] Releasing lock on daemon addresses registry.
2026-04-17T10:12:18.953+0530 [DEBUG] [org.gradle.launcher.daemon.server.Daemon] Finished periodic daemon health check.
2026-04-17T10:12:28.952+0530 [DEBUG] [org.gradle.launcher.daemon.server.Daemon] Starting periodic daemon health check.
2026-04-17T10:12:28.952+0530 [DEBUG] [org.gradle.cache.internal.DefaultFileLockManager] Waiting to acquire shared lock on daemon addresses registry.
2026-04-17T10:12:28.952+0530 [DEBUG] [org.gradle.cache.internal.DefaultFileLockManager] Lock acquired on daemon addresses registry.
2026-04-17T10:12:28.952+0530 [DEBUG] [org.gradle.cache.internal.DefaultFileLockManager] Releasing lock on daemon addresses registry.
2026-04-17T10:12:28.952+0530 [DEBUG] [org.gradle.cache.internal.DefaultFileLockManager] Waiting to acquire shared lock on daemon addresses registry.
2026-04-17T10:12:28.952+0530 [DEBUG] [org.gradle.cache.internal.DefaultFileLockManager] Lock acquired on daemon addresses registry.
2026-04-17T10:12:28.952+0530 [DEBUG] [org.gradle.cache.internal.DefaultFileLockManager] Releasing lock on daemon addresses registry.
2026-04-17T10:12:28.952+0530 [DEBUG] [org.gradle.launcher.daemon.server.Daemon] Finished periodic daemon health check.
2026-04-17T10:12:38.951+0530 [DEBUG] [org.gradle.launcher.daemon.server.Daemon] Starting periodic daemon health check.
2026-04-17T10:12:38.951+0530 [DEBUG] [org.gradle.cache.internal.DefaultFileLockManager] Waiting to acquire shared lock on daemon addresses registry.
2026-04-17T10:12:38.951+0530 [DEBUG] [org.gradle.cache.internal.DefaultFileLockManager] Lock acquired on daemon addresses registry.
2026-04-17T10:12:38.952+0530 [DEBUG] [org.gradle.cache.internal.DefaultFileLockManager] Releasing lock on daemon addresses registry.
2026-04-17T10:12:38.952+0530 [DEBUG] [org.gradle.cache.internal.DefaultFileLockManager] Waiting to acquire shared lock on daemon addresses registry.
2026-04-17T10:12:38.952+0530 [DEBUG] [org.gradle.cache.internal.DefaultFileLockManager] Lock acquired on daemon addresses registry.
2026-04-17T10:12:38.952+0530 [DEBUG] [org.gradle.cache.internal.DefaultFileLockManager] Releasing lock on daemon addresses registry.
2026-04-17T10:12:38.952+0530 [DEBUG] [org.gradle.launcher.daemon.server.Daemon] Finished periodic daemon health check.
2026-04-17T10:12:48.951+0530 [DEBUG] [org.gradle.launcher.daemon.server.Daemon] Starting periodic daemon health check.
2026-04-17T10:12:48.952+0530 [DEBUG] [org.gradle.cache.internal.DefaultFileLockManager] Waiting to acquire shared lock on daemon addresses registry.
2026-04-17T10:12:48.952+0530 [DEBUG] [org.gradle.cache.internal.DefaultFileLockManager] Lock acquired on daemon addresses registry.
2026-04-17T10:12:48.952+0530 [DEBUG] [org.gradle.cache.internal.DefaultFileLockManager] Releasing lock on daemon addresses registry.
2026-04-17T10:12:48.952+0530 [DEBUG] [org.gradle.cache.internal.DefaultFileLockManager] Waiting to acquire shared lock on daemon addresses registry.
2026-04-17T10:12:48.952+0530 [DEBUG] [org.gradle.cache.internal.DefaultFileLockManager] Lock acquired on daemon addresses registry.
2026-04-17T10:12:48.952+0530 [DEBUG] [org.gradle.cache.internal.DefaultFileLockManager] Releasing lock on daemon addresses registry.
2026-04-17T10:12:48.953+0530 [DEBUG] [org.gradle.launcher.daemon.server.Daemon] Finished periodic daemon health check.
2026-04-17T10:12:58.951+0530 [DEBUG] [org.gradle.launcher.daemon.server.Daemon] Starting periodic daemon health check.
2026-04-17T10:12:58.951+0530 [DEBUG] [org.gradle.cache.internal.DefaultFileLockManager] Waiting to acquire shared lock on daemon addresses registry.
2026-04-17T10:12:58.952+0530 [DEBUG] [org.gradle.cache.internal.DefaultFileLockManager] Lock acquired on daemon addresses registry.
2026-04-17T10:12:58.952+0530 [DEBUG] [org.gradle.cache.internal.DefaultFileLockManager] Releasing lock on daemon addresses registry.
2026-04-17T10:12:58.952+0530 [DEBUG] [org.gradle.cache.internal.DefaultFileLockManager] Waiting to acquire shared lock on daemon addresses registry.
2026-04-17T10:12:58.952+0530 [DEBUG] [org.gradle.cache.internal.DefaultFileLockManager] Lock acquired on daemon addresses registry.
2026-04-17T10:12:58.952+0530 [DEBUG] [org.gradle.cache.internal.DefaultFileLockManager] Releasing lock on daemon addresses registry.
2026-04-17T10:12:58.952+0530 [DEBUG] [org.gradle.launcher.daemon.server.Daemon] Finished periodic daemon health check.
2026-04-17T10:13:08.951+0530 [DEBUG] [org.gradle.launcher.daemon.server.Daemon] Starting periodic daemon health check.
2026-04-17T10:13:08.951+0530 [DEBUG] [org.gradle.cache.internal.DefaultFileLockManager] Waiting to acquire shared lock on daemon addresses registry.
2026-04-17T10:13:08.952+0530 [DEBUG] [org.gradle.cache.internal.DefaultFileLockManager] Lock acquired on daemon addresses registry.
2026-04-17T10:13:08.952+0530 [DEBUG] [org.gradle.cache.internal.DefaultFileLockManager] Releasing lock on daemon addresses registry.
2026-04-17T10:13:08.952+0530 [DEBUG] [org.gradle.cache.internal.DefaultFileLockManager] Waiting to acquire shared lock on daemon addresses registry.
2026-04-17T10:13:08.952+0530 [DEBUG] [org.gradle.cache.internal.DefaultFileLockManager] Lock acquired on daemon addresses registry.
2026-04-17T10:13:08.952+0530 [DEBUG] [org.gradle.cache.internal.DefaultFileLockManager] Releasing lock on daemon addresses registry.
2026-04-17T10:13:08.952+0530 [DEBUG] [org.gradle.launcher.daemon.server.Daemon] Finished periodic daemon health check.
2026-04-17T10:13:18.951+0530 [DEBUG] [org.gradle.launcher.daemon.server.Daemon] Starting periodic daemon health check.
2026-04-17T10:13:18.951+0530 [DEBUG] [org.gradle.cache.internal.DefaultFileLockManager] Waiting to acquire shared lock on daemon addresses registry.
2026-04-17T10:13:18.951+0530 [DEBUG] [org.gradle.cache.internal.DefaultFileLockManager] Lock acquired on daemon addresses registry.
2026-04-17T10:13:18.952+0530 [DEBUG] [org.gradle.cache.internal.DefaultFileLockManager] Releasing lock on daemon addresses registry.
2026-04-17T10:13:18.952+0530 [DEBUG] [org.gradle.cache.internal.DefaultFileLockManager] Waiting to acquire shared lock on daemon addresses registry.
2026-04-17T10:13:18.952+0530 [DEBUG] [org.gradle.cache.internal.DefaultFileLockManager] Lock acquired on daemon addresses registry.
2026-04-17T10:13:18.952+0530 [DEBUG] [org.gradle.cache.internal.DefaultFileLockManager] Releasing lock on daemon addresses registry.
2026-04-17T10:13:18.952+0530 [DEBUG] [org.gradle.launcher.daemon.server.Daemon] Finished periodic daemon health check.
2026-04-17T10:13:28.952+0530 [DEBUG] [org.gradle.launcher.daemon.server.Daemon] Starting periodic daemon health check.
2026-04-17T10:13:28.952+0530 [DEBUG] [org.gradle.cache.internal.DefaultFileLockManager] Waiting to acquire shared lock on daemon addresses registry.
2026-04-17T10:13:28.952+0530 [DEBUG] [org.gradle.cache.internal.DefaultFileLockManager] Lock acquired on daemon addresses registry.
2026-04-17T10:13:28.952+0530 [DEBUG] [org.gradle.cache.internal.DefaultFileLockManager] Releasing lock on daemon addresses registry.
2026-04-17T10:13:28.952+0530 [DEBUG] [org.gradle.cache.internal.DefaultFileLockManager] Waiting to acquire shared lock on daemon addresses registry.
2026-04-17T10:13:28.952+0530 [DEBUG] [org.gradle.cache.internal.DefaultFileLockManager] Lock acquired on daemon addresses registry.
2026-04-17T10:13:28.953+0530 [DEBUG] [org.gradle.cache.internal.DefaultFileLockManager] Releasing lock on daemon addresses registry.
2026-04-17T10:13:28.953+0530 [DEBUG] [org.gradle.launcher.daemon.server.Daemon] Finished periodic daemon health check.
2026-04-17T10:13:38.951+0530 [DEBUG] [org.gradle.launcher.daemon.server.Daemon] Starting periodic daemon health check.
2026-04-17T10:13:38.951+0530 [DEBUG] [org.gradle.cache.internal.DefaultFileLockManager] Waiting to acquire shared lock on daemon addresses registry.
2026-04-17T10:13:38.952+0530 [DEBUG] [org.gradle.cache.internal.DefaultFileLockManager] Lock acquired on daemon addresses registry.
2026-04-17T10:13:38.952+0530 [DEBUG] [org.gradle.cache.internal.DefaultFileLockManager] Releasing lock on daemon addresses registry.
2026-04-17T10:13:38.952+0530 [DEBUG] [org.gradle.cache.internal.DefaultFileLockManager] Waiting to acquire shared lock on daemon addresses registry.
2026-04-17T10:13:38.952+0530 [DEBUG] [org.gradle.cache.internal.DefaultFileLockManager] Lock acquired on daemon addresses registry.
2026-04-17T10:13:38.952+0530 [DEBUG] [org.gradle.cache.internal.DefaultFileLockManager] Releasing lock on daemon addresses registry.
2026-04-17T10:13:38.952+0530 [DEBUG] [org.gradle.launcher.daemon.server.Daemon] Finished periodic daemon health check.
2026-04-17T10:13:48.952+0530 [DEBUG] [org.gradle.launcher.daemon.server.Daemon] Starting periodic daemon health check.
2026-04-17T10:13:48.952+0530 [DEBUG] [org.gradle.cache.internal.DefaultFileLockManager] Waiting to acquire shared lock on daemon addresses registry.
2026-04-17T10:13:48.952+0530 [DEBUG] [org.gradle.cache.internal.DefaultFileLockManager] Lock acquired on daemon addresses registry.
2026-04-17T10:13:48.953+0530 [DEBUG] [org.gradle.cache.internal.DefaultFileLockManager] Releasing lock on daemon addresses registry.
2026-04-17T10:13:48.953+0530 [DEBUG] [org.gradle.cache.internal.DefaultFileLockManager] Waiting to acquire shared lock on daemon addresses registry.
2026-04-17T10:13:48.953+0530 [DEBUG] [org.gradle.cache.internal.DefaultFileLockManager] Lock acquired on daemon addresses registry.
2026-04-17T10:13:48.953+0530 [DEBUG] [org.gradle.cache.internal.DefaultFileLockManager] Releasing lock on daemon addresses registry.
2026-04-17T10:13:48.953+0530 [DEBUG] [org.gradle.launcher.daemon.server.Daemon] Finished periodic daemon health check.
2026-04-17T10:13:58.951+0530 [DEBUG] [org.gradle.launcher.daemon.server.Daemon] Starting periodic daemon health check.
2026-04-17T10:13:58.952+0530 [DEBUG] [org.gradle.cache.internal.DefaultFileLockManager] Waiting to acquire shared lock on daemon addresses registry.
2026-04-17T10:13:58.952+0530 [DEBUG] [org.gradle.cache.internal.DefaultFileLockManager] Lock acquired on daemon addresses registry.
2026-04-17T10:13:58.952+0530 [DEBUG] [org.gradle.cache.internal.DefaultFileLockManager] Releasing lock on daemon addresses registry.
2026-04-17T10:13:58.952+0530 [DEBUG] [org.gradle.cache.internal.DefaultFileLockManager] Waiting to acquire shared lock on daemon addresses registry.
2026-04-17T10:13:58.952+0530 [DEBUG] [org.gradle.cache.internal.DefaultFileLockManager] Lock acquired on daemon addresses registry.
2026-04-17T10:13:58.952+0530 [DEBUG] [org.gradle.cache.internal.DefaultFileLockManager] Releasing lock on daemon addresses registry.
2026-04-17T10:13:58.952+0530 [DEBUG] [org.gradle.launcher.daemon.server.Daemon] Finished periodic daemon health check.
2026-04-17T10:14:08.951+0530 [DEBUG] [org.gradle.launcher.daemon.server.Daemon] Starting periodic daemon health check.
2026-04-17T10:14:08.951+0530 [DEBUG] [org.gradle.cache.internal.DefaultFileLockManager] Waiting to acquire shared lock on daemon addresses registry.
2026-04-17T10:14:08.951+0530 [DEBUG] [org.gradle.cache.internal.DefaultFileLockManager] Lock acquired on daemon addresses registry.
2026-04-17T10:14:08.951+0530 [DEBUG] [org.gradle.cache.internal.DefaultFileLockManager] Releasing lock on daemon addresses registry.
2026-04-17T10:14:08.952+0530 [DEBUG] [org.gradle.cache.internal.DefaultFileLockManager] Waiting to acquire shared lock on daemon addresses registry.
2026-04-17T10:14:08.952+0530 [DEBUG] [org.gradle.cache.internal.DefaultFileLockManager] Lock acquired on daemon addresses registry.
2026-04-17T10:14:08.952+0530 [DEBUG] [org.gradle.cache.internal.DefaultFileLockManager] Releasing lock on daemon addresses registry.
2026-04-17T10:14:08.952+0530 [DEBUG] [org.gradle.launcher.daemon.server.Daemon] Finished periodic daemon health check.
2026-04-17T10:14:18.952+0530 [DEBUG] [org.gradle.launcher.daemon.server.Daemon] Starting periodic daemon health check.
2026-04-17T10:14:18.952+0530 [DEBUG] [org.gradle.cache.internal.DefaultFileLockManager] Waiting to acquire shared lock on daemon addresses registry.
2026-04-17T10:14:18.952+0530 [DEBUG] [org.gradle.cache.internal.DefaultFileLockManager] Lock acquired on daemon addresses registry.
2026-04-17T10:14:18.952+0530 [DEBUG] [org.gradle.cache.internal.DefaultFileLockManager] Releasing lock on daemon addresses registry.
2026-04-17T10:14:18.952+0530 [DEBUG] [org.gradle.cache.internal.DefaultFileLockManager] Waiting to acquire shared lock on daemon addresses registry.
2026-04-17T10:14:18.952+0530 [DEBUG] [org.gradle.cache.internal.DefaultFileLockManager] Lock acquired on daemon addresses registry.
2026-04-17T10:14:18.952+0530 [DEBUG] [org.gradle.cache.internal.DefaultFileLockManager] Releasing lock on daemon addresses registry.
2026-04-17T10:14:18.952+0530 [DEBUG] [org.gradle.launcher.daemon.server.Daemon] Finished periodic daemon health check.
2026-04-17T10:14:28.951+0530 [DEBUG] [org.gradle.launcher.daemon.server.Daemon] Starting periodic daemon health check.
2026-04-17T10:14:28.951+0530 [DEBUG] [org.gradle.cache.internal.DefaultFileLockManager] Waiting to acquire shared lock on daemon addresses registry.
2026-04-17T10:14:28.951+0530 [DEBUG] [org.gradle.cache.internal.DefaultFileLockManager] Lock acquired on daemon addresses registry.
2026-04-17T10:14:28.952+0530 [DEBUG] [org.gradle.cache.internal.DefaultFileLockManager] Releasing lock on daemon addresses registry.
2026-04-17T10:14:28.952+0530 [DEBUG] [org.gradle.cache.internal.DefaultFileLockManager] Waiting to acquire shared lock on daemon addresses registry.
2026-04-17T10:14:28.952+0530 [DEBUG] [org.gradle.cache.internal.DefaultFileLockManager] Lock acquired on daemon addresses registry.
2026-04-17T10:14:28.952+0530 [DEBUG] [org.gradle.cache.internal.DefaultFileLockManager] Releasing lock on daemon addresses registry.
2026-04-17T10:14:28.952+0530 [DEBUG] [org.gradle.launcher.daemon.server.Daemon] Finished periodic daemon health check.
2026-04-17T10:14:38.952+0530 [DEBUG] [org.gradle.launcher.daemon.server.Daemon] Starting periodic daemon health check.
2026-04-17T10:14:38.952+0530 [DEBUG] [org.gradle.cache.internal.DefaultFileLockManager] Waiting to acquire shared lock on daemon addresses registry.
2026-04-17T10:14:38.952+0530 [DEBUG] [org.gradle.cache.internal.DefaultFileLockManager] Lock acquired on daemon addresses registry.
2026-04-17T10:14:38.952+0530 [DEBUG] [org.gradle.cache.internal.DefaultFileLockManager] Releasing lock on daemon addresses registry.
2026-04-17T10:14:38.952+0530 [DEBUG] [org.gradle.cache.internal.DefaultFileLockManager] Waiting to acquire shared lock on daemon addresses registry.
2026-04-17T10:14:38.952+0530 [DEBUG] [org.gradle.cache.internal.DefaultFileLockManager] Lock acquired on daemon addresses registry.
2026-04-17T10:14:38.952+0530 [DEBUG] [org.gradle.cache.internal.DefaultFileLockManager] Releasing lock on daemon addresses registry.
2026-04-17T10:14:38.952+0530 [DEBUG] [org.gradle.launcher.daemon.server.Daemon] Finished periodic daemon health check.
2026-04-17T10:14:48.951+0530 [DEBUG] [org.gradle.launcher.daemon.server.Daemon] Starting periodic daemon health check.
2026-04-17T10:14:48.951+0530 [DEBUG] [org.gradle.cache.internal.DefaultFileLockManager] Waiting to acquire shared lock on daemon addresses registry.
2026-04-17T10:14:48.951+0530 [DEBUG] [org.gradle.cache.internal.DefaultFileLockManager] Lock acquired on daemon addresses registry.
2026-04-17T10:14:48.951+0530 [DEBUG] [org.gradle.cache.internal.DefaultFileLockManager] Releasing lock on daemon addresses registry.
2026-04-17T10:14:48.952+0530 [DEBUG] [org.gradle.cache.internal.DefaultFileLockManager] Waiting to acquire shared lock on daemon addresses registry.
2026-04-17T10:14:48.952+0530 [DEBUG] [org.gradle.cache.internal.DefaultFileLockManager] Lock acquired on daemon addresses registry.
2026-04-17T10:14:48.952+0530 [DEBUG] [org.gradle.cache.internal.DefaultFileLockManager] Releasing lock on daemon addresses registry.
2026-04-17T10:14:48.952+0530 [DEBUG] [org.gradle.launcher.daemon.server.Daemon] Finished periodic daemon health check.
2026-04-17T10:14:58.951+0530 [DEBUG] [org.gradle.launcher.daemon.server.Daemon] Starting periodic daemon health check.
2026-04-17T10:14:58.951+0530 [DEBUG] [org.gradle.cache.internal.DefaultFileLockManager] Waiting to acquire shared lock on daemon addresses registry.
2026-04-17T10:14:58.952+0530 [DEBUG] [org.gradle.cache.internal.DefaultFileLockManager] Lock acquired on daemon addresses registry.
2026-04-17T10:14:58.952+0530 [DEBUG] [org.gradle.cache.internal.DefaultFileLockManager] Releasing lock on daemon addresses registry.
2026-04-17T10:14:58.952+0530 [DEBUG] [org.gradle.cache.internal.DefaultFileLockManager] Waiting to acquire shared lock on daemon addresses registry.
2026-04-17T10:14:58.952+0530 [DEBUG] [org.gradle.cache.internal.DefaultFileLockManager] Lock acquired on daemon addresses registry.
2026-04-17T10:14:58.952+0530 [DEBUG] [org.gradle.cache.internal.DefaultFileLockManager] Releasing lock on daemon addresses registry.
2026-04-17T10:14:58.952+0530 [DEBUG] [org.gradle.launcher.daemon.server.Daemon] Finished periodic daemon health check.
2026-04-17T10:15:08.951+0530 [DEBUG] [org.gradle.launcher.daemon.server.Daemon] Starting periodic daemon health check.
2026-04-17T10:15:08.952+0530 [DEBUG] [org.gradle.cache.internal.DefaultFileLockManager] Waiting to acquire shared lock on daemon addresses registry.
2026-04-17T10:15:08.952+0530 [DEBUG] [org.gradle.cache.internal.DefaultFileLockManager] Lock acquired on daemon addresses registry.
2026-04-17T10:15:08.952+0530 [DEBUG] [org.gradle.cache.internal.DefaultFileLockManager] Releasing lock on daemon addresses registry.
2026-04-17T10:15:08.952+0530 [DEBUG] [org.gradle.cache.internal.DefaultFileLockManager] Waiting to acquire shared lock on daemon addresses registry.
2026-04-17T10:15:08.952+0530 [DEBUG] [org.gradle.cache.internal.DefaultFileLockManager] Lock acquired on daemon addresses registry.
2026-04-17T10:15:08.952+0530 [DEBUG] [org.gradle.cache.internal.DefaultFileLockManager] Releasing lock on daemon addresses registry.
2026-04-17T10:15:08.952+0530 [DEBUG] [org.gradle.launcher.daemon.server.Daemon] Finished periodic daemon health check.
2026-04-17T10:15:18.952+0530 [DEBUG] [org.gradle.launcher.daemon.server.Daemon] Starting periodic daemon health check.
2026-04-17T10:15:18.952+0530 [DEBUG] [org.gradle.cache.internal.DefaultFileLockManager] Waiting to acquire shared lock on daemon addresses registry.
2026-04-17T10:15:18.952+0530 [DEBUG] [org.gradle.cache.internal.DefaultFileLockManager] Lock acquired on daemon addresses registry.
2026-04-17T10:15:18.952+0530 [DEBUG] [org.gradle.cache.internal.DefaultFileLockManager] Releasing lock on daemon addresses registry.
2026-04-17T10:15:18.952+0530 [DEBUG] [org.gradle.cache.internal.DefaultFileLockManager] Waiting to acquire shared lock on daemon addresses registry.
2026-04-17T10:15:18.952+0530 [DEBUG] [org.gradle.cache.internal.DefaultFileLockManager] Lock acquired on daemon addresses registry.
2026-04-17T10:15:18.952+0530 [DEBUG] [org.gradle.cache.internal.DefaultFileLockManager] Releasing lock on daemon addresses registry.
2026-04-17T10:15:18.952+0530 [DEBUG] [org.gradle.launcher.daemon.server.Daemon] Finished periodic daemon health check.
2026-04-17T10:15:28.951+0530 [DEBUG] [org.gradle.launcher.daemon.server.Daemon] Starting periodic daemon health check.
2026-04-17T10:15:28.951+0530 [DEBUG] [org.gradle.cache.internal.DefaultFileLockManager] Waiting to acquire shared lock on daemon addresses registry.
2026-04-17T10:15:28.951+0530 [DEBUG] [org.gradle.cache.internal.DefaultFileLockManager] Lock acquired on daemon addresses registry.
2026-04-17T10:15:28.951+0530 [DEBUG] [org.gradle.cache.internal.DefaultFileLockManager] Releasing lock on daemon addresses registry.
2026-04-17T10:15:28.952+0530 [DEBUG] [org.gradle.cache.internal.DefaultFileLockManager] Waiting to acquire shared lock on daemon addresses registry.
2026-04-17T10:15:28.952+0530 [DEBUG] [org.gradle.cache.internal.DefaultFileLockManager] Lock acquired on daemon addresses registry.
2026-04-17T10:15:28.952+0530 [DEBUG] [org.gradle.cache.internal.DefaultFileLockManager] Releasing lock on daemon addresses registry.
2026-04-17T10:15:28.952+0530 [DEBUG] [org.gradle.launcher.daemon.server.Daemon] Finished periodic daemon health check.
2026-04-17T10:15:38.951+0530 [DEBUG] [org.gradle.launcher.daemon.server.Daemon] Starting periodic daemon health check.
2026-04-17T10:15:38.952+0530 [DEBUG] [org.gradle.cache.internal.DefaultFileLockManager] Waiting to acquire shared lock on daemon addresses registry.
2026-04-17T10:15:38.952+0530 [DEBUG] [org.gradle.cache.internal.DefaultFileLockManager] Lock acquired on daemon addresses registry.
2026-04-17T10:15:38.952+0530 [DEBUG] [org.gradle.cache.internal.DefaultFileLockManager] Releasing lock on daemon addresses registry.
2026-04-17T10:15:38.952+0530 [DEBUG] [org.gradle.cache.internal.DefaultFileLockManager] Waiting to acquire shared lock on daemon addresses registry.
2026-04-17T10:15:38.952+0530 [DEBUG] [org.gradle.cache.internal.DefaultFileLockManager] Lock acquired on daemon addresses registry.
2026-04-17T10:15:38.952+0530 [DEBUG] [org.gradle.cache.internal.DefaultFileLockManager] Releasing lock on daemon addresses registry.
2026-04-17T10:15:38.952+0530 [DEBUG] [org.gradle.launcher.daemon.server.Daemon] Finished periodic daemon health check.
2026-04-17T10:15:48.951+0530 [DEBUG] [org.gradle.launcher.daemon.server.Daemon] Starting periodic daemon health check.
2026-04-17T10:15:48.951+0530 [DEBUG] [org.gradle.cache.internal.DefaultFileLockManager] Waiting to acquire shared lock on daemon addresses registry.
2026-04-17T10:15:48.951+0530 [DEBUG] [org.gradle.cache.internal.DefaultFileLockManager] Lock acquired on daemon addresses registry.
2026-04-17T10:15:48.952+0530 [DEBUG] [org.gradle.cache.internal.DefaultFileLockManager] Releasing lock on daemon addresses registry.
2026-04-17T10:15:48.952+0530 [DEBUG] [org.gradle.cache.internal.DefaultFileLockManager] Waiting to acquire shared lock on daemon addresses registry.
2026-04-17T10:15:48.952+0530 [DEBUG] [org.gradle.cache.internal.DefaultFileLockManager] Lock acquired on daemon addresses registry.
2026-04-17T10:15:48.952+0530 [DEBUG] [org.gradle.cache.internal.DefaultFileLockManager] Releasing lock on daemon addresses registry.
2026-04-17T10:15:48.952+0530 [DEBUG] [org.gradle.launcher.daemon.server.Daemon] Finished periodic daemon health check.
2026-04-17T10:15:58.952+0530 [DEBUG] [org.gradle.launcher.daemon.server.Daemon] Starting periodic daemon health check.
2026-04-17T10:15:58.952+0530 [DEBUG] [org.gradle.cache.internal.DefaultFileLockManager] Waiting to acquire shared lock on daemon addresses registry.
2026-04-17T10:15:58.952+0530 [DEBUG] [org.gradle.cache.internal.DefaultFileLockManager] Lock acquired on daemon addresses registry.
2026-04-17T10:15:58.952+0530 [DEBUG] [org.gradle.cache.internal.DefaultFileLockManager] Releasing lock on daemon addresses registry.
2026-04-17T10:15:58.952+0530 [DEBUG] [org.gradle.cache.internal.DefaultFileLockManager] Waiting to acquire shared lock on daemon addresses registry.
2026-04-17T10:15:58.952+0530 [DEBUG] [org.gradle.cache.internal.DefaultFileLockManager] Lock acquired on daemon addresses registry.
2026-04-17T10:15:58.952+0530 [DEBUG] [org.gradle.cache.internal.DefaultFileLockManager] Releasing lock on daemon addresses registry.
2026-04-17T10:15:58.952+0530 [DEBUG] [org.gradle.launcher.daemon.server.Daemon] Finished periodic daemon health check.
2026-04-17T10:16:08.951+0530 [DEBUG] [org.gradle.launcher.daemon.server.Daemon] Starting periodic daemon health check.
2026-04-17T10:16:08.951+0530 [DEBUG] [org.gradle.cache.internal.DefaultFileLockManager] Waiting to acquire shared lock on daemon addresses registry.
2026-04-17T10:16:08.952+0530 [DEBUG] [org.gradle.cache.internal.DefaultFileLockManager] Lock acquired on daemon addresses registry.
2026-04-17T10:16:08.952+0530 [DEBUG] [org.gradle.cache.internal.DefaultFileLockManager] Releasing lock on daemon addresses registry.
2026-04-17T10:16:08.952+0530 [DEBUG] [org.gradle.cache.internal.DefaultFileLockManager] Waiting to acquire shared lock on daemon addresses registry.
2026-04-17T10:16:08.952+0530 [DEBUG] [org.gradle.cache.internal.DefaultFileLockManager] Lock acquired on daemon addresses registry.
2026-04-17T10:16:08.952+0530 [DEBUG] [org.gradle.cache.internal.DefaultFileLockManager] Releasing lock on daemon addresses registry.
2026-04-17T10:16:08.952+0530 [DEBUG] [org.gradle.launcher.daemon.server.Daemon] Finished periodic daemon health check.
2026-04-17T10:16:18.951+0530 [DEBUG] [org.gradle.launcher.daemon.server.Daemon] Starting periodic daemon health check.
2026-04-17T10:16:18.951+0530 [DEBUG] [org.gradle.cache.internal.DefaultFileLockManager] Waiting to acquire shared lock on daemon addresses registry.
2026-04-17T10:16:18.951+0530 [DEBUG] [org.gradle.cache.internal.DefaultFileLockManager] Lock acquired on daemon addresses registry.
2026-04-17T10:16:18.951+0530 [DEBUG] [org.gradle.cache.internal.DefaultFileLockManager] Releasing lock on daemon addresses registry.
2026-04-17T10:16:18.952+0530 [DEBUG] [org.gradle.cache.internal.DefaultFileLockManager] Waiting to acquire shared lock on daemon addresses registry.
2026-04-17T10:16:18.952+0530 [DEBUG] [org.gradle.cache.internal.DefaultFileLockManager] Lock acquired on daemon addresses registry.
2026-04-17T10:16:18.952+0530 [DEBUG] [org.gradle.cache.internal.DefaultFileLockManager] Releasing lock on daemon addresses registry.
2026-04-17T10:16:18.952+0530 [DEBUG] [org.gradle.launcher.daemon.server.Daemon] Finished periodic daemon health check.
2026-04-17T10:16:28.951+0530 [DEBUG] [org.gradle.launcher.daemon.server.Daemon] Starting periodic daemon health check.
2026-04-17T10:16:28.951+0530 [DEBUG] [org.gradle.cache.internal.DefaultFileLockManager] Waiting to acquire shared lock on daemon addresses registry.
2026-04-17T10:16:28.952+0530 [DEBUG] [org.gradle.cache.internal.DefaultFileLockManager] Lock acquired on daemon addresses registry.
2026-04-17T10:16:28.952+0530 [DEBUG] [org.gradle.cache.internal.DefaultFileLockManager] Releasing lock on daemon addresses registry.
2026-04-17T10:16:28.952+0530 [DEBUG] [org.gradle.cache.internal.DefaultFileLockManager] Waiting to acquire shared lock on daemon addresses registry.
2026-04-17T10:16:28.952+0530 [DEBUG] [org.gradle.cache.internal.DefaultFileLockManager] Lock acquired on daemon addresses registry.
2026-04-17T10:16:28.952+0530 [DEBUG] [org.gradle.cache.internal.DefaultFileLockManager] Releasing lock on daemon addresses registry.
2026-04-17T10:16:28.952+0530 [DEBUG] [org.gradle.launcher.daemon.server.Daemon] Finished periodic daemon health check.
2026-04-17T10:16:38.951+0530 [DEBUG] [org.gradle.launcher.daemon.server.Daemon] Starting periodic daemon health check.
2026-04-17T10:16:38.951+0530 [DEBUG] [org.gradle.cache.internal.DefaultFileLockManager] Waiting to acquire shared lock on daemon addresses registry.
2026-04-17T10:16:38.951+0530 [DEBUG] [org.gradle.cache.internal.DefaultFileLockManager] Lock acquired on daemon addresses registry.
2026-04-17T10:16:38.951+0530 [DEBUG] [org.gradle.cache.internal.DefaultFileLockManager] Releasing lock on daemon addresses registry.
2026-04-17T10:16:38.951+0530 [DEBUG] [org.gradle.cache.internal.DefaultFileLockManager] Waiting to acquire shared lock on daemon addresses registry.
2026-04-17T10:16:38.951+0530 [DEBUG] [org.gradle.cache.internal.DefaultFileLockManager] Lock acquired on daemon addresses registry.
2026-04-17T10:16:38.951+0530 [DEBUG] [org.gradle.cache.internal.DefaultFileLockManager] Releasing lock on daemon addresses registry.
2026-04-17T10:16:38.952+0530 [DEBUG] [org.gradle.launcher.daemon.server.Daemon] Finished periodic daemon health check.
2026-04-17T10:16:48.951+0530 [DEBUG] [org.gradle.launcher.daemon.server.Daemon] Starting periodic daemon health check.
2026-04-17T10:16:48.952+0530 [DEBUG] [org.gradle.cache.internal.DefaultFileLockManager] Waiting to acquire shared lock on daemon addresses registry.
2026-04-17T10:16:48.952+0530 [DEBUG] [org.gradle.cache.internal.DefaultFileLockManager] Lock acquired on daemon addresses registry.
2026-04-17T10:16:48.952+0530 [DEBUG] [org.gradle.cache.internal.DefaultFileLockManager] Releasing lock on daemon addresses registry.
2026-04-17T10:16:48.952+0530 [DEBUG] [org.gradle.cache.internal.DefaultFileLockManager] Waiting to acquire shared lock on daemon addresses registry.
2026-04-17T10:16:48.952+0530 [DEBUG] [org.gradle.cache.internal.DefaultFileLockManager] Lock acquired on daemon addresses registry.
2026-04-17T10:16:48.952+0530 [DEBUG] [org.gradle.cache.internal.DefaultFileLockManager] Releasing lock on daemon addresses registry.
2026-04-17T10:16:48.952+0530 [DEBUG] [org.gradle.launcher.daemon.server.Daemon] Finished periodic daemon health check.
2026-04-17T10:16:58.951+0530 [DEBUG] [org.gradle.launcher.daemon.server.Daemon] Starting periodic daemon health check.
2026-04-17T10:16:58.951+0530 [DEBUG] [org.gradle.cache.internal.DefaultFileLockManager] Waiting to acquire shared lock on daemon addresses registry.
2026-04-17T10:16:58.951+0530 [DEBUG] [org.gradle.cache.internal.DefaultFileLockManager] Lock acquired on daemon addresses registry.
2026-04-17T10:16:58.951+0530 [DEBUG] [org.gradle.cache.internal.DefaultFileLockManager] Releasing lock on daemon addresses registry.
2026-04-17T10:16:58.952+0530 [DEBUG] [org.gradle.cache.internal.DefaultFileLockManager] Waiting to acquire shared lock on daemon addresses registry.
2026-04-17T10:16:58.952+0530 [DEBUG] [org.gradle.cache.internal.DefaultFileLockManager] Lock acquired on daemon addresses registry.
2026-04-17T10:16:58.952+0530 [DEBUG] [org.gradle.cache.internal.DefaultFileLockManager] Releasing lock on daemon addresses registry.
2026-04-17T10:16:58.952+0530 [DEBUG] [org.gradle.launcher.daemon.server.Daemon] Finished periodic daemon health check.
2026-04-17T10:17:08.951+0530 [DEBUG] [org.gradle.launcher.daemon.server.Daemon] Starting periodic daemon health check.
2026-04-17T10:17:08.951+0530 [DEBUG] [org.gradle.cache.internal.DefaultFileLockManager] Waiting to acquire shared lock on daemon addresses registry.
2026-04-17T10:17:08.951+0530 [DEBUG] [org.gradle.cache.internal.DefaultFileLockManager] Lock acquired on daemon addresses registry.
2026-04-17T10:17:08.951+0530 [DEBUG] [org.gradle.cache.internal.DefaultFileLockManager] Releasing lock on daemon addresses registry.
2026-04-17T10:17:08.952+0530 [DEBUG] [org.gradle.cache.internal.DefaultFileLockManager] Waiting to acquire shared lock on daemon addresses registry.
2026-04-17T10:17:08.952+0530 [DEBUG] [org.gradle.cache.internal.DefaultFileLockManager] Lock acquired on daemon addresses registry.
2026-04-17T10:17:08.952+0530 [DEBUG] [org.gradle.cache.internal.DefaultFileLockManager] Releasing lock on daemon addresses registry.
2026-04-17T10:17:08.952+0530 [DEBUG] [org.gradle.launcher.daemon.server.Daemon] Finished periodic daemon health check.
2026-04-17T10:17:18.951+0530 [DEBUG] [org.gradle.launcher.daemon.server.Daemon] Starting periodic daemon health check.
2026-04-17T10:17:18.951+0530 [DEBUG] [org.gradle.cache.internal.DefaultFileLockManager] Waiting to acquire shared lock on daemon addresses registry.
2026-04-17T10:17:18.951+0530 [DEBUG] [org.gradle.cache.internal.DefaultFileLockManager] Lock acquired on daemon addresses registry.
2026-04-17T10:17:18.952+0530 [DEBUG] [org.gradle.cache.internal.DefaultFileLockManager] Releasing lock on daemon addresses registry.
2026-04-17T10:17:18.952+0530 [DEBUG] [org.gradle.cache.internal.DefaultFileLockManager] Waiting to acquire shared lock on daemon addresses registry.
2026-04-17T10:17:18.952+0530 [DEBUG] [org.gradle.cache.internal.DefaultFileLockManager] Lock acquired on daemon addresses registry.
2026-04-17T10:17:18.952+0530 [DEBUG] [org.gradle.cache.internal.DefaultFileLockManager] Releasing lock on daemon addresses registry.
2026-04-17T10:17:18.952+0530 [DEBUG] [org.gradle.launcher.daemon.server.Daemon] Finished periodic daemon health check.
2026-04-17T10:17:28.951+0530 [DEBUG] [org.gradle.launcher.daemon.server.Daemon] Starting periodic daemon health check.
2026-04-17T10:17:28.951+0530 [DEBUG] [org.gradle.cache.internal.DefaultFileLockManager] Waiting to acquire shared lock on daemon addresses registry.
2026-04-17T10:17:28.951+0530 [DEBUG] [org.gradle.cache.internal.DefaultFileLockManager] Lock acquired on daemon addresses registry.
2026-04-17T10:17:28.952+0530 [DEBUG] [org.gradle.cache.internal.DefaultFileLockManager] Releasing lock on daemon addresses registry.
2026-04-17T10:17:28.952+0530 [DEBUG] [org.gradle.cache.internal.DefaultFileLockManager] Waiting to acquire shared lock on daemon addresses registry.
2026-04-17T10:17:28.952+0530 [DEBUG] [org.gradle.cache.internal.DefaultFileLockManager] Lock acquired on daemon addresses registry.
2026-04-17T10:17:28.952+0530 [DEBUG] [org.gradle.cache.internal.DefaultFileLockManager] Releasing lock on daemon addresses registry.
2026-04-17T10:17:28.952+0530 [DEBUG] [org.gradle.launcher.daemon.server.Daemon] Finished periodic daemon health check.
2026-04-17T10:17:38.951+0530 [DEBUG] [org.gradle.launcher.daemon.server.Daemon] Starting periodic daemon health check.
2026-04-17T10:17:38.951+0530 [DEBUG] [org.gradle.cache.internal.DefaultFileLockManager] Waiting to acquire shared lock on daemon addresses registry.
2026-04-17T10:17:38.951+0530 [DEBUG] [org.gradle.cache.internal.DefaultFileLockManager] Lock acquired on daemon addresses registry.
2026-04-17T10:17:38.952+0530 [DEBUG] [org.gradle.cache.internal.DefaultFileLockManager] Releasing lock on daemon addresses registry.
2026-04-17T10:17:38.952+0530 [DEBUG] [org.gradle.cache.internal.DefaultFileLockManager] Waiting to acquire shared lock on daemon addresses registry.
2026-04-17T10:17:38.952+0530 [DEBUG] [org.gradle.cache.internal.DefaultFileLockManager] Lock acquired on daemon addresses registry.
2026-04-17T10:17:38.952+0530 [DEBUG] [org.gradle.cache.internal.DefaultFileLockManager] Releasing lock on daemon addresses registry.
2026-04-17T10:17:38.952+0530 [DEBUG] [org.gradle.launcher.daemon.server.Daemon] Finished periodic daemon health check.
2026-04-17T10:17:48.951+0530 [DEBUG] [org.gradle.launcher.daemon.server.Daemon] Starting periodic daemon health check.
2026-04-17T10:17:48.951+0530 [DEBUG] [org.gradle.cache.internal.DefaultFileLockManager] Waiting to acquire shared lock on daemon addresses registry.
2026-04-17T10:17:48.951+0530 [DEBUG] [org.gradle.cache.internal.DefaultFileLockManager] Lock acquired on daemon addresses registry.
2026-04-17T10:17:48.952+0530 [DEBUG] [org.gradle.cache.internal.DefaultFileLockManager] Releasing lock on daemon addresses registry.
2026-04-17T10:17:48.952+0530 [DEBUG] [org.gradle.cache.internal.DefaultFileLockManager] Waiting to acquire shared lock on daemon addresses registry.
2026-04-17T10:17:48.952+0530 [DEBUG] [org.gradle.cache.internal.DefaultFileLockManager] Lock acquired on daemon addresses registry.
2026-04-17T10:17:48.952+0530 [DEBUG] [org.gradle.cache.internal.DefaultFileLockManager] Releasing lock on daemon addresses registry.
2026-04-17T10:17:48.952+0530 [DEBUG] [org.gradle.launcher.daemon.server.Daemon] Finished periodic daemon health check.
2026-04-17T10:17:58.951+0530 [DEBUG] [org.gradle.launcher.daemon.server.Daemon] Starting periodic daemon health check.
2026-04-17T10:17:58.951+0530 [DEBUG] [org.gradle.cache.internal.DefaultFileLockManager] Waiting to acquire shared lock on daemon addresses registry.
2026-04-17T10:17:58.951+0530 [DEBUG] [org.gradle.cache.internal.DefaultFileLockManager] Lock acquired on daemon addresses registry.
2026-04-17T10:17:58.951+0530 [DEBUG] [org.gradle.cache.internal.DefaultFileLockManager] Releasing lock on daemon addresses registry.
2026-04-17T10:17:58.952+0530 [DEBUG] [org.gradle.cache.internal.DefaultFileLockManager] Waiting to acquire shared lock on daemon addresses registry.
2026-04-17T10:17:58.952+0530 [DEBUG] [org.gradle.cache.internal.DefaultFileLockManager] Lock acquired on daemon addresses registry.
2026-04-17T10:17:58.952+0530 [DEBUG] [org.gradle.cache.internal.DefaultFileLockManager] Releasing lock on daemon addresses registry.
2026-04-17T10:17:58.952+0530 [DEBUG] [org.gradle.launcher.daemon.server.Daemon] Finished periodic daemon health check.
2026-04-17T10:18:08.951+0530 [DEBUG] [org.gradle.launcher.daemon.server.Daemon] Starting periodic daemon health check.
2026-04-17T10:18:08.951+0530 [DEBUG] [org.gradle.cache.internal.DefaultFileLockManager] Waiting to acquire shared lock on daemon addresses registry.
2026-04-17T10:18:08.951+0530 [DEBUG] [org.gradle.cache.internal.DefaultFileLockManager] Lock acquired on daemon addresses registry.
2026-04-17T10:18:08.951+0530 [DEBUG] [org.gradle.cache.internal.DefaultFileLockManager] Releasing lock on daemon addresses registry.
2026-04-17T10:18:08.952+0530 [DEBUG] [org.gradle.cache.internal.DefaultFileLockManager] Waiting to acquire shared lock on daemon addresses registry.
2026-04-17T10:18:08.952+0530 [DEBUG] [org.gradle.cache.internal.DefaultFileLockManager] Lock acquired on daemon addresses registry.
2026-04-17T10:18:08.952+0530 [DEBUG] [org.gradle.cache.internal.DefaultFileLockManager] Releasing lock on daemon addresses registry.
2026-04-17T10:18:08.952+0530 [DEBUG] [org.gradle.launcher.daemon.server.Daemon] Finished periodic daemon health check.
2026-04-17T10:18:18.952+0530 [DEBUG] [org.gradle.launcher.daemon.server.Daemon] Starting periodic daemon health check.
2026-04-17T10:18:18.952+0530 [DEBUG] [org.gradle.cache.internal.DefaultFileLockManager] Waiting to acquire shared lock on daemon addresses registry.
2026-04-17T10:18:18.952+0530 [DEBUG] [org.gradle.cache.internal.DefaultFileLockManager] Lock acquired on daemon addresses registry.
2026-04-17T10:18:18.952+0530 [DEBUG] [org.gradle.cache.internal.DefaultFileLockManager] Releasing lock on daemon addresses registry.
2026-04-17T10:18:18.952+0530 [DEBUG] [org.gradle.cache.internal.DefaultFileLockManager] Waiting to acquire shared lock on daemon addresses registry.
2026-04-17T10:18:18.952+0530 [DEBUG] [org.gradle.cache.internal.DefaultFileLockManager] Lock acquired on daemon addresses registry.
2026-04-17T10:18:18.952+0530 [DEBUG] [org.gradle.cache.internal.DefaultFileLockManager] Releasing lock on daemon addresses registry.
2026-04-17T10:18:18.952+0530 [DEBUG] [org.gradle.launcher.daemon.server.Daemon] Finished periodic daemon health check.
2026-04-17T10:18:28.951+0530 [DEBUG] [org.gradle.launcher.daemon.server.Daemon] Starting periodic daemon health check.
2026-04-17T10:18:28.952+0530 [DEBUG] [org.gradle.cache.internal.DefaultFileLockManager] Waiting to acquire shared lock on daemon addresses registry.
2026-04-17T10:18:28.952+0530 [DEBUG] [org.gradle.cache.internal.DefaultFileLockManager] Lock acquired on daemon addresses registry.
2026-04-17T10:18:28.952+0530 [DEBUG] [org.gradle.cache.internal.DefaultFileLockManager] Releasing lock on daemon addresses registry.
2026-04-17T10:18:28.952+0530 [DEBUG] [org.gradle.cache.internal.DefaultFileLockManager] Waiting to acquire shared lock on daemon addresses registry.
2026-04-17T10:18:28.952+0530 [DEBUG] [org.gradle.cache.internal.DefaultFileLockManager] Lock acquired on daemon addresses registry.
2026-04-17T10:18:28.952+0530 [DEBUG] [org.gradle.cache.internal.DefaultFileLockManager] Releasing lock on daemon addresses registry.
2026-04-17T10:18:28.952+0530 [DEBUG] [org.gradle.launcher.daemon.server.Daemon] Finished periodic daemon health check.
2026-04-17T10:18:38.952+0530 [DEBUG] [org.gradle.launcher.daemon.server.Daemon] Starting periodic daemon health check.
2026-04-17T10:18:38.952+0530 [DEBUG] [org.gradle.cache.internal.DefaultFileLockManager] Waiting to acquire shared lock on daemon addresses registry.
2026-04-17T10:18:38.952+0530 [DEBUG] [org.gradle.cache.internal.DefaultFileLockManager] Lock acquired on daemon addresses registry.
2026-04-17T10:18:38.952+0530 [DEBUG] [org.gradle.cache.internal.DefaultFileLockManager] Releasing lock on daemon addresses registry.
2026-04-17T10:18:38.952+0530 [DEBUG] [org.gradle.cache.internal.DefaultFileLockManager] Waiting to acquire shared lock on daemon addresses registry.
2026-04-17T10:18:38.952+0530 [DEBUG] [org.gradle.cache.internal.DefaultFileLockManager] Lock acquired on daemon addresses registry.
2026-04-17T10:18:38.952+0530 [DEBUG] [org.gradle.cache.internal.DefaultFileLockManager] Releasing lock on daemon addresses registry.
2026-04-17T10:18:38.952+0530 [DEBUG] [org.gradle.launcher.daemon.server.Daemon] Finished periodic daemon health check.
2026-04-17T10:18:48.951+0530 [DEBUG] [org.gradle.launcher.daemon.server.Daemon] Starting periodic daemon health check.
2026-04-17T10:18:48.952+0530 [DEBUG] [org.gradle.cache.internal.DefaultFileLockManager] Waiting to acquire shared lock on daemon addresses registry.
2026-04-17T10:18:48.952+0530 [DEBUG] [org.gradle.cache.internal.DefaultFileLockManager] Lock acquired on daemon addresses registry.
2026-04-17T10:18:48.952+0530 [DEBUG] [org.gradle.cache.internal.DefaultFileLockManager] Releasing lock on daemon addresses registry.
2026-04-17T10:18:48.952+0530 [DEBUG] [org.gradle.cache.internal.DefaultFileLockManager] Waiting to acquire shared lock on daemon addresses registry.
2026-04-17T10:18:48.952+0530 [DEBUG] [org.gradle.cache.internal.DefaultFileLockManager] Lock acquired on daemon addresses registry.
2026-04-17T10:18:48.952+0530 [DEBUG] [org.gradle.cache.internal.DefaultFileLockManager] Releasing lock on daemon addresses registry.
2026-04-17T10:18:48.952+0530 [DEBUG] [org.gradle.launcher.daemon.server.Daemon] Finished periodic daemon health check.
2026-04-17T10:18:58.952+0530 [DEBUG] [org.gradle.launcher.daemon.server.Daemon] Starting periodic daemon health check.
2026-04-17T10:18:58.952+0530 [DEBUG] [org.gradle.cache.internal.DefaultFileLockManager] Waiting to acquire shared lock on daemon addresses registry.
2026-04-17T10:18:58.961+0530 [DEBUG] [org.gradle.cache.internal.DefaultFileLockManager] Lock acquired on daemon addresses registry.
2026-04-17T10:18:58.961+0530 [DEBUG] [org.gradle.cache.internal.DefaultFileLockManager] Releasing lock on daemon addresses registry.
2026-04-17T10:18:58.961+0530 [DEBUG] [org.gradle.cache.internal.DefaultFileLockManager] Waiting to acquire shared lock on daemon addresses registry.
2026-04-17T10:18:58.961+0530 [DEBUG] [org.gradle.cache.internal.DefaultFileLockManager] Lock acquired on daemon addresses registry.
2026-04-17T10:18:58.962+0530 [DEBUG] [org.gradle.cache.internal.DefaultFileLockManager] Releasing lock on daemon addresses registry.
2026-04-17T10:18:58.962+0530 [DEBUG] [org.gradle.launcher.daemon.server.Daemon] Finished periodic daemon health check.
2026-04-17T10:19:08.951+0530 [DEBUG] [org.gradle.launcher.daemon.server.Daemon] Starting periodic daemon health check.
2026-04-17T10:19:08.951+0530 [DEBUG] [org.gradle.cache.internal.DefaultFileLockManager] Waiting to acquire shared lock on daemon addresses registry.
2026-04-17T10:19:08.951+0530 [DEBUG] [org.gradle.cache.internal.DefaultFileLockManager] Lock acquired on daemon addresses registry.
2026-04-17T10:19:08.951+0530 [DEBUG] [org.gradle.cache.internal.DefaultFileLockManager] Releasing lock on daemon addresses registry.
2026-04-17T10:19:08.952+0530 [DEBUG] [org.gradle.cache.internal.DefaultFileLockManager] Waiting to acquire shared lock on daemon addresses registry.
2026-04-17T10:19:08.952+0530 [DEBUG] [org.gradle.cache.internal.DefaultFileLockManager] Lock acquired on daemon addresses registry.
2026-04-17T10:19:08.952+0530 [DEBUG] [org.gradle.cache.internal.DefaultFileLockManager] Releasing lock on daemon addresses registry.
2026-04-17T10:19:08.952+0530 [DEBUG] [org.gradle.launcher.daemon.server.Daemon] Finished periodic daemon health check.
2026-04-17T10:19:18.951+0530 [DEBUG] [org.gradle.launcher.daemon.server.Daemon] Starting periodic daemon health check.
2026-04-17T10:19:18.952+0530 [DEBUG] [org.gradle.cache.internal.DefaultFileLockManager] Waiting to acquire shared lock on daemon addresses registry.
2026-04-17T10:19:18.952+0530 [DEBUG] [org.gradle.cache.internal.DefaultFileLockManager] Lock acquired on daemon addresses registry.
2026-04-17T10:19:18.952+0530 [DEBUG] [org.gradle.cache.internal.DefaultFileLockManager] Releasing lock on daemon addresses registry.
2026-04-17T10:19:18.952+0530 [DEBUG] [org.gradle.cache.internal.DefaultFileLockManager] Waiting to acquire shared lock on daemon addresses registry.
2026-04-17T10:19:18.952+0530 [DEBUG] [org.gradle.cache.internal.DefaultFileLockManager] Lock acquired on daemon addresses registry.
2026-04-17T10:19:18.952+0530 [DEBUG] [org.gradle.cache.internal.DefaultFileLockManager] Releasing lock on daemon addresses registry.
2026-04-17T10:19:18.952+0530 [DEBUG] [org.gradle.launcher.daemon.server.Daemon] Finished periodic daemon health check.
2026-04-17T10:19:28.951+0530 [DEBUG] [org.gradle.launcher.daemon.server.Daemon] Starting periodic daemon health check.
2026-04-17T10:19:28.951+0530 [DEBUG] [org.gradle.cache.internal.DefaultFileLockManager] Waiting to acquire shared lock on daemon addresses registry.
2026-04-17T10:19:28.951+0530 [DEBUG] [org.gradle.cache.internal.DefaultFileLockManager] Lock acquired on daemon addresses registry.
2026-04-17T10:19:28.952+0530 [DEBUG] [org.gradle.cache.internal.DefaultFileLockManager] Releasing lock on daemon addresses registry.
2026-04-17T10:19:28.952+0530 [DEBUG] [org.gradle.cache.internal.DefaultFileLockManager] Waiting to acquire shared lock on daemon addresses registry.
2026-04-17T10:19:28.952+0530 [DEBUG] [org.gradle.cache.internal.DefaultFileLockManager] Lock acquired on daemon addresses registry.
2026-04-17T10:19:28.952+0530 [DEBUG] [org.gradle.cache.internal.DefaultFileLockManager] Releasing lock on daemon addresses registry.
2026-04-17T10:19:28.952+0530 [DEBUG] [org.gradle.launcher.daemon.server.Daemon] Finished periodic daemon health check.
2026-04-17T10:19:38.951+0530 [DEBUG] [org.gradle.launcher.daemon.server.Daemon] Starting periodic daemon health check.
2026-04-17T10:19:38.952+0530 [DEBUG] [org.gradle.cache.internal.DefaultFileLockManager] Waiting to acquire shared lock on daemon addresses registry.
2026-04-17T10:19:38.961+0530 [DEBUG] [org.gradle.cache.internal.DefaultFileLockManager] Lock acquired on daemon addresses registry.
2026-04-17T10:19:38.961+0530 [DEBUG] [org.gradle.cache.internal.DefaultFileLockManager] Releasing lock on daemon addresses registry.
2026-04-17T10:19:38.961+0530 [DEBUG] [org.gradle.cache.internal.DefaultFileLockManager] Waiting to acquire shared lock on daemon addresses registry.
2026-04-17T10:19:38.961+0530 [DEBUG] [org.gradle.cache.internal.DefaultFileLockManager] Lock acquired on daemon addresses registry.
2026-04-17T10:19:38.961+0530 [DEBUG] [org.gradle.cache.internal.DefaultFileLockManager] Releasing lock on daemon addresses registry.
2026-04-17T10:19:38.961+0530 [DEBUG] [org.gradle.launcher.daemon.server.Daemon] Finished periodic daemon health check.
2026-04-17T10:19:48.951+0530 [DEBUG] [org.gradle.launcher.daemon.server.Daemon] Starting periodic daemon health check.
2026-04-17T10:19:48.951+0530 [DEBUG] [org.gradle.cache.internal.DefaultFileLockManager] Waiting to acquire shared lock on daemon addresses registry.
2026-04-17T10:19:48.951+0530 [DEBUG] [org.gradle.cache.internal.DefaultFileLockManager] Lock acquired on daemon addresses registry.
2026-04-17T10:19:48.951+0530 [DEBUG] [org.gradle.cache.internal.DefaultFileLockManager] Releasing lock on daemon addresses registry.
2026-04-17T10:19:48.951+0530 [DEBUG] [org.gradle.cache.internal.DefaultFileLockManager] Waiting to acquire shared lock on daemon addresses registry.
2026-04-17T10:19:48.951+0530 [DEBUG] [org.gradle.cache.internal.DefaultFileLockManager] Lock acquired on daemon addresses registry.
2026-04-17T10:19:48.952+0530 [DEBUG] [org.gradle.cache.internal.DefaultFileLockManager] Releasing lock on daemon addresses registry.
2026-04-17T10:19:48.952+0530 [DEBUG] [org.gradle.launcher.daemon.server.Daemon] Finished periodic daemon health check.
2026-04-17T10:19:58.951+0530 [DEBUG] [org.gradle.launcher.daemon.server.Daemon] Starting periodic daemon health check.
2026-04-17T10:19:58.951+0530 [DEBUG] [org.gradle.cache.internal.DefaultFileLockManager] Waiting to acquire shared lock on daemon addresses registry.
2026-04-17T10:19:58.951+0530 [DEBUG] [org.gradle.cache.internal.DefaultFileLockManager] Lock acquired on daemon addresses registry.
2026-04-17T10:19:58.952+0530 [DEBUG] [org.gradle.cache.internal.DefaultFileLockManager] Releasing lock on daemon addresses registry.
2026-04-17T10:19:58.952+0530 [DEBUG] [org.gradle.cache.internal.DefaultFileLockManager] Waiting to acquire shared lock on daemon addresses registry.
2026-04-17T10:19:58.952+0530 [DEBUG] [org.gradle.cache.internal.DefaultFileLockManager] Lock acquired on daemon addresses registry.
2026-04-17T10:19:58.952+0530 [DEBUG] [org.gradle.cache.internal.DefaultFileLockManager] Releasing lock on daemon addresses registry.
2026-04-17T10:19:58.952+0530 [DEBUG] [org.gradle.launcher.daemon.server.Daemon] Finished periodic daemon health check.
2026-04-17T10:20:08.952+0530 [DEBUG] [org.gradle.launcher.daemon.server.Daemon] Starting periodic daemon health check.
2026-04-17T10:20:08.952+0530 [DEBUG] [org.gradle.cache.internal.DefaultFileLockManager] Waiting to acquire shared lock on daemon addresses registry.
2026-04-17T10:20:08.952+0530 [DEBUG] [org.gradle.cache.internal.DefaultFileLockManager] Lock acquired on daemon addresses registry.
2026-04-17T10:20:08.952+0530 [DEBUG] [org.gradle.cache.internal.DefaultFileLockManager] Releasing lock on daemon addresses registry.
2026-04-17T10:20:08.953+0530 [DEBUG] [org.gradle.cache.internal.DefaultFileLockManager] Waiting to acquire shared lock on daemon addresses registry.
2026-04-17T10:20:08.953+0530 [DEBUG] [org.gradle.cache.internal.DefaultFileLockManager] Lock acquired on daemon addresses registry.
2026-04-17T10:20:08.953+0530 [DEBUG] [org.gradle.cache.internal.DefaultFileLockManager] Releasing lock on daemon addresses registry.
2026-04-17T10:20:08.953+0530 [DEBUG] [org.gradle.launcher.daemon.server.Daemon] Finished periodic daemon health check.
2026-04-17T10:20:18.951+0530 [DEBUG] [org.gradle.launcher.daemon.server.Daemon] Starting periodic daemon health check.
2026-04-17T10:20:18.951+0530 [DEBUG] [org.gradle.cache.internal.DefaultFileLockManager] Waiting to acquire shared lock on daemon addresses registry.
2026-04-17T10:20:18.951+0530 [DEBUG] [org.gradle.cache.internal.DefaultFileLockManager] Lock acquired on daemon addresses registry.
2026-04-17T10:20:18.951+0530 [DEBUG] [org.gradle.cache.internal.DefaultFileLockManager] Releasing lock on daemon addresses registry.
2026-04-17T10:20:18.951+0530 [DEBUG] [org.gradle.cache.internal.DefaultFileLockManager] Waiting to acquire shared lock on daemon addresses registry.
2026-04-17T10:20:18.952+0530 [DEBUG] [org.gradle.cache.internal.DefaultFileLockManager] Lock acquired on daemon addresses registry.
2026-04-17T10:20:18.952+0530 [DEBUG] [org.gradle.cache.internal.DefaultFileLockManager] Releasing lock on daemon addresses registry.
2026-04-17T10:20:18.952+0530 [DEBUG] [org.gradle.launcher.daemon.server.Daemon] Finished periodic daemon health check.
2026-04-17T10:20:28.951+0530 [DEBUG] [org.gradle.launcher.daemon.server.Daemon] Starting periodic daemon health check.
2026-04-17T10:20:28.951+0530 [DEBUG] [org.gradle.cache.internal.DefaultFileLockManager] Waiting to acquire shared lock on daemon addresses registry.
2026-04-17T10:20:28.951+0530 [DEBUG] [org.gradle.cache.internal.DefaultFileLockManager] Lock acquired on daemon addresses registry.
2026-04-17T10:20:28.951+0530 [DEBUG] [org.gradle.cache.internal.DefaultFileLockManager] Releasing lock on daemon addresses registry.
2026-04-17T10:20:28.952+0530 [DEBUG] [org.gradle.cache.internal.DefaultFileLockManager] Waiting to acquire shared lock on daemon addresses registry.
2026-04-17T10:20:28.952+0530 [DEBUG] [org.gradle.cache.internal.DefaultFileLockManager] Lock acquired on daemon addresses registry.
2026-04-17T10:20:28.952+0530 [DEBUG] [org.gradle.cache.internal.DefaultFileLockManager] Releasing lock on daemon addresses registry.
2026-04-17T10:20:28.952+0530 [DEBUG] [org.gradle.launcher.daemon.server.Daemon] Finished periodic daemon health check.
2026-04-17T10:20:38.952+0530 [DEBUG] [org.gradle.launcher.daemon.server.Daemon] Starting periodic daemon health check.
2026-04-17T10:20:38.952+0530 [DEBUG] [org.gradle.cache.internal.DefaultFileLockManager] Waiting to acquire shared lock on daemon addresses registry.
2026-04-17T10:20:38.952+0530 [DEBUG] [org.gradle.cache.internal.DefaultFileLockManager] Lock acquired on daemon addresses registry.
2026-04-17T10:20:38.952+0530 [DEBUG] [org.gradle.cache.internal.DefaultFileLockManager] Releasing lock on daemon addresses registry.
2026-04-17T10:20:38.952+0530 [DEBUG] [org.gradle.cache.internal.DefaultFileLockManager] Waiting to acquire shared lock on daemon addresses registry.
2026-04-17T10:20:38.952+0530 [DEBUG] [org.gradle.cache.internal.DefaultFileLockManager] Lock acquired on daemon addresses registry.
2026-04-17T10:20:38.952+0530 [DEBUG] [org.gradle.cache.internal.DefaultFileLockManager] Releasing lock on daemon addresses registry.
2026-04-17T10:20:38.952+0530 [DEBUG] [org.gradle.launcher.daemon.server.Daemon] Finished periodic daemon health check.
2026-04-17T10:20:48.952+0530 [DEBUG] [org.gradle.launcher.daemon.server.Daemon] Starting periodic daemon health check.
2026-04-17T10:20:48.952+0530 [DEBUG] [org.gradle.cache.internal.DefaultFileLockManager] Waiting to acquire shared lock on daemon addresses registry.
2026-04-17T10:20:48.952+0530 [DEBUG] [org.gradle.cache.internal.DefaultFileLockManager] Lock acquired on daemon addresses registry.
2026-04-17T10:20:48.952+0530 [DEBUG] [org.gradle.cache.internal.DefaultFileLockManager] Releasing lock on daemon addresses registry.
2026-04-17T10:20:48.952+0530 [DEBUG] [org.gradle.cache.internal.DefaultFileLockManager] Waiting to acquire shared lock on daemon addresses registry.
2026-04-17T10:20:48.952+0530 [DEBUG] [org.gradle.cache.internal.DefaultFileLockManager] Lock acquired on daemon addresses registry.
2026-04-17T10:20:48.952+0530 [DEBUG] [org.gradle.cache.internal.DefaultFileLockManager] Releasing lock on daemon addresses registry.
2026-04-17T10:20:48.952+0530 [DEBUG] [org.gradle.launcher.daemon.server.Daemon] Finished periodic daemon health check.
2026-04-17T10:20:58.951+0530 [DEBUG] [org.gradle.launcher.daemon.server.Daemon] Starting periodic daemon health check.
2026-04-17T10:20:58.951+0530 [DEBUG] [org.gradle.cache.internal.DefaultFileLockManager] Waiting to acquire shared lock on daemon addresses registry.
2026-04-17T10:20:58.951+0530 [DEBUG] [org.gradle.cache.internal.DefaultFileLockManager] Lock acquired on daemon addresses registry.
2026-04-17T10:20:58.952+0530 [DEBUG] [org.gradle.cache.internal.DefaultFileLockManager] Releasing lock on daemon addresses registry.
2026-04-17T10:20:58.952+0530 [DEBUG] [org.gradle.cache.internal.DefaultFileLockManager] Waiting to acquire shared lock on daemon addresses registry.
2026-04-17T10:20:58.952+0530 [DEBUG] [org.gradle.cache.internal.DefaultFileLockManager] Lock acquired on daemon addresses registry.
2026-04-17T10:20:58.952+0530 [DEBUG] [org.gradle.cache.internal.DefaultFileLockManager] Releasing lock on daemon addresses registry.
2026-04-17T10:20:58.952+0530 [DEBUG] [org.gradle.launcher.daemon.server.Daemon] Finished periodic daemon health check.
2026-04-17T10:21:08.951+0530 [DEBUG] [org.gradle.launcher.daemon.server.Daemon] Starting periodic daemon health check.
2026-04-17T10:21:08.951+0530 [DEBUG] [org.gradle.cache.internal.DefaultFileLockManager] Waiting to acquire shared lock on daemon addresses registry.
2026-04-17T10:21:08.951+0530 [DEBUG] [org.gradle.cache.internal.DefaultFileLockManager] Lock acquired on daemon addresses registry.
2026-04-17T10:21:08.952+0530 [DEBUG] [org.gradle.cache.internal.DefaultFileLockManager] Releasing lock on daemon addresses registry.
2026-04-17T10:21:08.952+0530 [DEBUG] [org.gradle.cache.internal.DefaultFileLockManager] Waiting to acquire shared lock on daemon addresses registry.
2026-04-17T10:21:08.952+0530 [DEBUG] [org.gradle.cache.internal.DefaultFileLockManager] Lock acquired on daemon addresses registry.
2026-04-17T10:21:08.952+0530 [DEBUG] [org.gradle.cache.internal.DefaultFileLockManager] Releasing lock on daemon addresses registry.
2026-04-17T10:21:08.952+0530 [DEBUG] [org.gradle.launcher.daemon.server.Daemon] Finished periodic daemon health check.
2026-04-17T10:21:18.951+0530 [DEBUG] [org.gradle.launcher.daemon.server.Daemon] Starting periodic daemon health check.
2026-04-17T10:21:18.951+0530 [DEBUG] [org.gradle.cache.internal.DefaultFileLockManager] Waiting to acquire shared lock on daemon addresses registry.
2026-04-17T10:21:18.951+0530 [DEBUG] [org.gradle.cache.internal.DefaultFileLockManager] Lock acquired on daemon addresses registry.
2026-04-17T10:21:18.951+0530 [DEBUG] [org.gradle.cache.internal.DefaultFileLockManager] Releasing lock on daemon addresses registry.
2026-04-17T10:21:18.952+0530 [DEBUG] [org.gradle.cache.internal.DefaultFileLockManager] Waiting to acquire shared lock on daemon addresses registry.
2026-04-17T10:21:18.952+0530 [DEBUG] [org.gradle.cache.internal.DefaultFileLockManager] Lock acquired on daemon addresses registry.
2026-04-17T10:21:18.952+0530 [DEBUG] [org.gradle.cache.internal.DefaultFileLockManager] Releasing lock on daemon addresses registry.
2026-04-17T10:21:18.952+0530 [DEBUG] [org.gradle.launcher.daemon.server.Daemon] Finished periodic daemon health check.
2026-04-17T10:21:28.951+0530 [DEBUG] [org.gradle.launcher.daemon.server.Daemon] Starting periodic daemon health check.
2026-04-17T10:21:28.951+0530 [DEBUG] [org.gradle.cache.internal.DefaultFileLockManager] Waiting to acquire shared lock on daemon addresses registry.
2026-04-17T10:21:28.951+0530 [DEBUG] [org.gradle.cache.internal.DefaultFileLockManager] Lock acquired on daemon addresses registry.
2026-04-17T10:21:28.951+0530 [DEBUG] [org.gradle.cache.internal.DefaultFileLockManager] Releasing lock on daemon addresses registry.
2026-04-17T10:21:28.952+0530 [DEBUG] [org.gradle.cache.internal.DefaultFileLockManager] Waiting to acquire shared lock on daemon addresses registry.
2026-04-17T10:21:28.952+0530 [DEBUG] [org.gradle.cache.internal.DefaultFileLockManager] Lock acquired on daemon addresses registry.
2026-04-17T10:21:28.952+0530 [DEBUG] [org.gradle.cache.internal.DefaultFileLockManager] Releasing lock on daemon addresses registry.
2026-04-17T10:21:28.952+0530 [DEBUG] [org.gradle.launcher.daemon.server.Daemon] Finished periodic daemon health check.
2026-04-17T10:21:38.951+0530 [DEBUG] [org.gradle.launcher.daemon.server.Daemon] Starting periodic daemon health check.
2026-04-17T10:21:38.951+0530 [DEBUG] [org.gradle.cache.internal.DefaultFileLockManager] Waiting to acquire shared lock on daemon addresses registry.
2026-04-17T10:21:38.952+0530 [DEBUG] [org.gradle.cache.internal.DefaultFileLockManager] Lock acquired on daemon addresses registry.
2026-04-17T10:21:38.952+0530 [DEBUG] [org.gradle.cache.internal.DefaultFileLockManager] Releasing lock on daemon addresses registry.
2026-04-17T10:21:38.952+0530 [DEBUG] [org.gradle.cache.internal.DefaultFileLockManager] Waiting to acquire shared lock on daemon addresses registry.
2026-04-17T10:21:38.952+0530 [DEBUG] [org.gradle.cache.internal.DefaultFileLockManager] Lock acquired on daemon addresses registry.
2026-04-17T10:21:38.952+0530 [DEBUG] [org.gradle.cache.internal.DefaultFileLockManager] Releasing lock on daemon addresses registry.
2026-04-17T10:21:38.952+0530 [DEBUG] [org.gradle.launcher.daemon.server.Daemon] Finished periodic daemon health check.
2026-04-17T10:21:48.951+0530 [DEBUG] [org.gradle.launcher.daemon.server.Daemon] Starting periodic daemon health check.
2026-04-17T10:21:48.951+0530 [DEBUG] [org.gradle.cache.internal.DefaultFileLockManager] Waiting to acquire shared lock on daemon addresses registry.
2026-04-17T10:21:48.951+0530 [DEBUG] [org.gradle.cache.internal.DefaultFileLockManager] Lock acquired on daemon addresses registry.
2026-04-17T10:21:48.952+0530 [DEBUG] [org.gradle.cache.internal.DefaultFileLockManager] Releasing lock on daemon addresses registry.
2026-04-17T10:21:48.952+0530 [DEBUG] [org.gradle.cache.internal.DefaultFileLockManager] Waiting to acquire shared lock on daemon addresses registry.
2026-04-17T10:21:48.952+0530 [DEBUG] [org.gradle.cache.internal.DefaultFileLockManager] Lock acquired on daemon addresses registry.
2026-04-17T10:21:48.952+0530 [DEBUG] [org.gradle.cache.internal.DefaultFileLockManager] Releasing lock on daemon addresses registry.
2026-04-17T10:21:48.952+0530 [DEBUG] [org.gradle.launcher.daemon.server.Daemon] Finished periodic daemon health check.
2026-04-17T10:21:58.951+0530 [DEBUG] [org.gradle.launcher.daemon.server.Daemon] Starting periodic daemon health check.
2026-04-17T10:21:58.951+0530 [DEBUG] [org.gradle.cache.internal.DefaultFileLockManager] Waiting to acquire shared lock on daemon addresses registry.
2026-04-17T10:21:58.951+0530 [DEBUG] [org.gradle.cache.internal.DefaultFileLockManager] Lock acquired on daemon addresses registry.
2026-04-17T10:21:58.951+0530 [DEBUG] [org.gradle.cache.internal.DefaultFileLockManager] Releasing lock on daemon addresses registry.
2026-04-17T10:21:58.951+0530 [DEBUG] [org.gradle.cache.internal.DefaultFileLockManager] Waiting to acquire shared lock on daemon addresses registry.
2026-04-17T10:21:58.952+0530 [DEBUG] [org.gradle.cache.internal.DefaultFileLockManager] Lock acquired on daemon addresses registry.
2026-04-17T10:21:58.952+0530 [DEBUG] [org.gradle.cache.internal.DefaultFileLockManager] Releasing lock on daemon addresses registry.
2026-04-17T10:21:58.952+0530 [DEBUG] [org.gradle.launcher.daemon.server.Daemon] Finished periodic daemon health check.
2026-04-17T10:22:08.952+0530 [DEBUG] [org.gradle.launcher.daemon.server.Daemon] Starting periodic daemon health check.
2026-04-17T10:22:08.952+0530 [DEBUG] [org.gradle.cache.internal.DefaultFileLockManager] Waiting to acquire shared lock on daemon addresses registry.
2026-04-17T10:22:08.952+0530 [DEBUG] [org.gradle.cache.internal.DefaultFileLockManager] Lock acquired on daemon addresses registry.
2026-04-17T10:22:08.952+0530 [DEBUG] [org.gradle.cache.internal.DefaultFileLockManager] Releasing lock on daemon addresses registry.
2026-04-17T10:22:08.952+0530 [DEBUG] [org.gradle.cache.internal.DefaultFileLockManager] Waiting to acquire shared lock on daemon addresses registry.
2026-04-17T10:22:08.952+0530 [DEBUG] [org.gradle.cache.internal.DefaultFileLockManager] Lock acquired on daemon addresses registry.
2026-04-17T10:22:08.952+0530 [DEBUG] [org.gradle.cache.internal.DefaultFileLockManager] Releasing lock on daemon addresses registry.
2026-04-17T10:22:08.952+0530 [DEBUG] [org.gradle.launcher.daemon.server.Daemon] Finished periodic daemon health check.
2026-04-17T10:22:18.951+0530 [DEBUG] [org.gradle.launcher.daemon.server.Daemon] Starting periodic daemon health check.
2026-04-17T10:22:18.951+0530 [DEBUG] [org.gradle.cache.internal.DefaultFileLockManager] Waiting to acquire shared lock on daemon addresses registry.
2026-04-17T10:22:18.952+0530 [DEBUG] [org.gradle.cache.internal.DefaultFileLockManager] Lock acquired on daemon addresses registry.
2026-04-17T10:22:18.952+0530 [DEBUG] [org.gradle.cache.internal.DefaultFileLockManager] Releasing lock on daemon addresses registry.
2026-04-17T10:22:18.952+0530 [DEBUG] [org.gradle.cache.internal.DefaultFileLockManager] Waiting to acquire shared lock on daemon addresses registry.
2026-04-17T10:22:18.952+0530 [DEBUG] [org.gradle.cache.internal.DefaultFileLockManager] Lock acquired on daemon addresses registry.
2026-04-17T10:22:18.952+0530 [DEBUG] [org.gradle.cache.internal.DefaultFileLockManager] Releasing lock on daemon addresses registry.
2026-04-17T10:22:18.952+0530 [DEBUG] [org.gradle.launcher.daemon.server.Daemon] Finished periodic daemon health check.
2026-04-17T10:22:28.952+0530 [DEBUG] [org.gradle.launcher.daemon.server.Daemon] Starting periodic daemon health check.
2026-04-17T10:22:28.952+0530 [DEBUG] [org.gradle.cache.internal.DefaultFileLockManager] Waiting to acquire shared lock on daemon addresses registry.
2026-04-17T10:22:28.952+0530 [DEBUG] [org.gradle.cache.internal.DefaultFileLockManager] Lock acquired on daemon addresses registry.
2026-04-17T10:22:28.952+0530 [DEBUG] [org.gradle.cache.internal.DefaultFileLockManager] Releasing lock on daemon addresses registry.
2026-04-17T10:22:28.952+0530 [DEBUG] [org.gradle.cache.internal.DefaultFileLockManager] Waiting to acquire shared lock on daemon addresses registry.
2026-04-17T10:22:28.952+0530 [DEBUG] [org.gradle.cache.internal.DefaultFileLockManager] Lock acquired on daemon addresses registry.
2026-04-17T10:22:28.952+0530 [DEBUG] [org.gradle.cache.internal.DefaultFileLockManager] Releasing lock on daemon addresses registry.
2026-04-17T10:22:28.952+0530 [DEBUG] [org.gradle.launcher.daemon.server.Daemon] Finished periodic daemon health check.
2026-04-17T10:22:38.952+0530 [DEBUG] [org.gradle.launcher.daemon.server.Daemon] Starting periodic daemon health check.
2026-04-17T10:22:38.952+0530 [DEBUG] [org.gradle.cache.internal.DefaultFileLockManager] Waiting to acquire shared lock on daemon addresses registry.
2026-04-17T10:22:38.952+0530 [DEBUG] [org.gradle.cache.internal.DefaultFileLockManager] Lock acquired on daemon addresses registry.
2026-04-17T10:22:38.952+0530 [DEBUG] [org.gradle.cache.internal.DefaultFileLockManager] Releasing lock on daemon addresses registry.
2026-04-17T10:22:38.952+0530 [DEBUG] [org.gradle.cache.internal.DefaultFileLockManager] Waiting to acquire shared lock on daemon addresses registry.
2026-04-17T10:22:38.952+0530 [DEBUG] [org.gradle.cache.internal.DefaultFileLockManager] Lock acquired on daemon addresses registry.
2026-04-17T10:22:38.952+0530 [DEBUG] [org.gradle.cache.internal.DefaultFileLockManager] Releasing lock on daemon addresses registry.
2026-04-17T10:22:38.952+0530 [DEBUG] [org.gradle.launcher.daemon.server.Daemon] Finished periodic daemon health check.
2026-04-17T10:22:48.952+0530 [DEBUG] [org.gradle.launcher.daemon.server.Daemon] Starting periodic daemon health check.
2026-04-17T10:22:48.952+0530 [DEBUG] [org.gradle.cache.internal.DefaultFileLockManager] Waiting to acquire shared lock on daemon addresses registry.
2026-04-17T10:22:48.952+0530 [DEBUG] [org.gradle.cache.internal.DefaultFileLockManager] Lock acquired on daemon addresses registry.
2026-04-17T10:22:48.952+0530 [DEBUG] [org.gradle.cache.internal.DefaultFileLockManager] Releasing lock on daemon addresses registry.
2026-04-17T10:22:48.952+0530 [DEBUG] [org.gradle.cache.internal.DefaultFileLockManager] Waiting to acquire shared lock on daemon addresses registry.
2026-04-17T10:22:48.952+0530 [DEBUG] [org.gradle.cache.internal.DefaultFileLockManager] Lock acquired on daemon addresses registry.
2026-04-17T10:22:48.952+0530 [DEBUG] [org.gradle.cache.internal.DefaultFileLockManager] Releasing lock on daemon addresses registry.
2026-04-17T10:22:48.952+0530 [DEBUG] [org.gradle.launcher.daemon.server.Daemon] Finished periodic daemon health check.
2026-04-17T10:22:58.952+0530 [DEBUG] [org.gradle.launcher.daemon.server.Daemon] Starting periodic daemon health check.
2026-04-17T10:22:58.952+0530 [DEBUG] [org.gradle.cache.internal.DefaultFileLockManager] Waiting to acquire shared lock on daemon addresses registry.
2026-04-17T10:22:58.952+0530 [DEBUG] [org.gradle.cache.internal.DefaultFileLockManager] Lock acquired on daemon addresses registry.
2026-04-17T10:22:58.952+0530 [DEBUG] [org.gradle.cache.internal.DefaultFileLockManager] Releasing lock on daemon addresses registry.
2026-04-17T10:22:58.952+0530 [DEBUG] [org.gradle.cache.internal.DefaultFileLockManager] Waiting to acquire shared lock on daemon addresses registry.
2026-04-17T10:22:58.952+0530 [DEBUG] [org.gradle.cache.internal.DefaultFileLockManager] Lock acquired on daemon addresses registry.
2026-04-17T10:22:58.952+0530 [DEBUG] [org.gradle.cache.internal.DefaultFileLockManager] Releasing lock on daemon addresses registry.
2026-04-17T10:22:58.952+0530 [DEBUG] [org.gradle.launcher.daemon.server.Daemon] Finished periodic daemon health check.
2026-04-17T10:23:08.951+0530 [DEBUG] [org.gradle.launcher.daemon.server.Daemon] Starting periodic daemon health check.
2026-04-17T10:23:08.951+0530 [DEBUG] [org.gradle.cache.internal.DefaultFileLockManager] Waiting to acquire shared lock on daemon addresses registry.
2026-04-17T10:23:08.960+0530 [DEBUG] [org.gradle.cache.internal.DefaultFileLockManager] Lock acquired on daemon addresses registry.
2026-04-17T10:23:08.960+0530 [DEBUG] [org.gradle.cache.internal.DefaultFileLockManager] Releasing lock on daemon addresses registry.
2026-04-17T10:23:08.961+0530 [DEBUG] [org.gradle.cache.internal.DefaultFileLockManager] Waiting to acquire shared lock on daemon addresses registry.
2026-04-17T10:23:08.961+0530 [DEBUG] [org.gradle.cache.internal.DefaultFileLockManager] Lock acquired on daemon addresses registry.
2026-04-17T10:23:08.961+0530 [DEBUG] [org.gradle.cache.internal.DefaultFileLockManager] Releasing lock on daemon addresses registry.
2026-04-17T10:23:08.961+0530 [DEBUG] [org.gradle.launcher.daemon.server.Daemon] Finished periodic daemon health check.
2026-04-17T10:23:18.951+0530 [DEBUG] [org.gradle.launcher.daemon.server.Daemon] Starting periodic daemon health check.
2026-04-17T10:23:18.951+0530 [DEBUG] [org.gradle.cache.internal.DefaultFileLockManager] Waiting to acquire shared lock on daemon addresses registry.
2026-04-17T10:23:18.951+0530 [DEBUG] [org.gradle.cache.internal.DefaultFileLockManager] Lock acquired on daemon addresses registry.
2026-04-17T10:23:18.951+0530 [DEBUG] [org.gradle.cache.internal.DefaultFileLockManager] Releasing lock on daemon addresses registry.
2026-04-17T10:23:18.952+0530 [DEBUG] [org.gradle.cache.internal.DefaultFileLockManager] Waiting to acquire shared lock on daemon addresses registry.
2026-04-17T10:23:18.952+0530 [DEBUG] [org.gradle.cache.internal.DefaultFileLockManager] Lock acquired on daemon addresses registry.
2026-04-17T10:23:18.952+0530 [DEBUG] [org.gradle.cache.internal.DefaultFileLockManager] Releasing lock on daemon addresses registry.
2026-04-17T10:23:18.952+0530 [DEBUG] [org.gradle.launcher.daemon.server.Daemon] Finished periodic daemon health check.
2026-04-17T10:23:28.952+0530 [DEBUG] [org.gradle.launcher.daemon.server.Daemon] Starting periodic daemon health check.
2026-04-17T10:23:28.952+0530 [DEBUG] [org.gradle.cache.internal.DefaultFileLockManager] Waiting to acquire shared lock on daemon addresses registry.
2026-04-17T10:23:28.952+0530 [DEBUG] [org.gradle.cache.internal.DefaultFileLockManager] Lock acquired on daemon addresses registry.
2026-04-17T10:23:28.952+0530 [DEBUG] [org.gradle.cache.internal.DefaultFileLockManager] Releasing lock on daemon addresses registry.
2026-04-17T10:23:28.953+0530 [DEBUG] [org.gradle.cache.internal.DefaultFileLockManager] Waiting to acquire shared lock on daemon addresses registry.
2026-04-17T10:23:28.953+0530 [DEBUG] [org.gradle.cache.internal.DefaultFileLockManager] Lock acquired on daemon addresses registry.
2026-04-17T10:23:28.953+0530 [DEBUG] [org.gradle.cache.internal.DefaultFileLockManager] Releasing lock on daemon addresses registry.
2026-04-17T10:23:28.953+0530 [DEBUG] [org.gradle.launcher.daemon.server.Daemon] Finished periodic daemon health check.
2026-04-17T10:23:38.951+0530 [DEBUG] [org.gradle.launcher.daemon.server.Daemon] Starting periodic daemon health check.
2026-04-17T10:23:38.951+0530 [DEBUG] [org.gradle.cache.internal.DefaultFileLockManager] Waiting to acquire shared lock on daemon addresses registry.
2026-04-17T10:23:38.952+0530 [DEBUG] [org.gradle.cache.internal.DefaultFileLockManager] Lock acquired on daemon addresses registry.
2026-04-17T10:23:38.952+0530 [DEBUG] [org.gradle.cache.internal.DefaultFileLockManager] Releasing lock on daemon addresses registry.
2026-04-17T10:23:38.952+0530 [DEBUG] [org.gradle.cache.internal.DefaultFileLockManager] Waiting to acquire shared lock on daemon addresses registry.
2026-04-17T10:23:38.952+0530 [DEBUG] [org.gradle.cache.internal.DefaultFileLockManager] Lock acquired on daemon addresses registry.
2026-04-17T10:23:38.952+0530 [DEBUG] [org.gradle.cache.internal.DefaultFileLockManager] Releasing lock on daemon addresses registry.
2026-04-17T10:23:38.952+0530 [DEBUG] [org.gradle.launcher.daemon.server.Daemon] Finished periodic daemon health check.
2026-04-17T10:23:48.951+0530 [DEBUG] [org.gradle.launcher.daemon.server.Daemon] Starting periodic daemon health check.
2026-04-17T10:23:48.951+0530 [DEBUG] [org.gradle.cache.internal.DefaultFileLockManager] Waiting to acquire shared lock on daemon addresses registry.
2026-04-17T10:23:48.951+0530 [DEBUG] [org.gradle.cache.internal.DefaultFileLockManager] Lock acquired on daemon addresses registry.
2026-04-17T10:23:48.951+0530 [DEBUG] [org.gradle.cache.internal.DefaultFileLockManager] Releasing lock on daemon addresses registry.
2026-04-17T10:23:48.951+0530 [DEBUG] [org.gradle.cache.internal.DefaultFileLockManager] Waiting to acquire shared lock on daemon addresses registry.
2026-04-17T10:23:48.952+0530 [DEBUG] [org.gradle.cache.internal.DefaultFileLockManager] Lock acquired on daemon addresses registry.
2026-04-17T10:23:48.952+0530 [DEBUG] [org.gradle.cache.internal.DefaultFileLockManager] Releasing lock on daemon addresses registry.
2026-04-17T10:23:48.952+0530 [DEBUG] [org.gradle.launcher.daemon.server.Daemon] Finished periodic daemon health check.
2026-04-17T10:23:58.951+0530 [DEBUG] [org.gradle.launcher.daemon.server.Daemon] Starting periodic daemon health check.
2026-04-17T10:23:58.951+0530 [DEBUG] [org.gradle.cache.internal.DefaultFileLockManager] Waiting to acquire shared lock on daemon addresses registry.
2026-04-17T10:23:58.951+0530 [DEBUG] [org.gradle.cache.internal.DefaultFileLockManager] Lock acquired on daemon addresses registry.
2026-04-17T10:23:58.951+0530 [DEBUG] [org.gradle.cache.internal.DefaultFileLockManager] Releasing lock on daemon addresses registry.
2026-04-17T10:23:58.951+0530 [DEBUG] [org.gradle.cache.internal.DefaultFileLockManager] Waiting to acquire shared lock on daemon addresses registry.
2026-04-17T10:23:58.952+0530 [DEBUG] [org.gradle.cache.internal.DefaultFileLockManager] Lock acquired on daemon addresses registry.
2026-04-17T10:23:58.952+0530 [DEBUG] [org.gradle.cache.internal.DefaultFileLockManager] Releasing lock on daemon addresses registry.
2026-04-17T10:23:58.952+0530 [DEBUG] [org.gradle.launcher.daemon.server.Daemon] Finished periodic daemon health check.
2026-04-17T10:24:08.951+0530 [DEBUG] [org.gradle.launcher.daemon.server.Daemon] Starting periodic daemon health check.
2026-04-17T10:24:08.951+0530 [DEBUG] [org.gradle.cache.internal.DefaultFileLockManager] Waiting to acquire shared lock on daemon addresses registry.
2026-04-17T10:24:08.951+0530 [DEBUG] [org.gradle.cache.internal.DefaultFileLockManager] Lock acquired on daemon addresses registry.
2026-04-17T10:24:08.951+0530 [DEBUG] [org.gradle.cache.internal.DefaultFileLockManager] Releasing lock on daemon addresses registry.
2026-04-17T10:24:08.951+0530 [DEBUG] [org.gradle.cache.internal.DefaultFileLockManager] Waiting to acquire shared lock on daemon addresses registry.
2026-04-17T10:24:08.952+0530 [DEBUG] [org.gradle.cache.internal.DefaultFileLockManager] Lock acquired on daemon addresses registry.
2026-04-17T10:24:08.952+0530 [DEBUG] [org.gradle.cache.internal.DefaultFileLockManager] Releasing lock on daemon addresses registry.
2026-04-17T10:24:08.952+0530 [DEBUG] [org.gradle.launcher.daemon.server.Daemon] Finished periodic daemon health check.
2026-04-17T10:24:18.952+0530 [DEBUG] [org.gradle.launcher.daemon.server.Daemon] Starting periodic daemon health check.
2026-04-17T10:24:18.952+0530 [DEBUG] [org.gradle.cache.internal.DefaultFileLockManager] Waiting to acquire shared lock on daemon addresses registry.
2026-04-17T10:24:18.952+0530 [DEBUG] [org.gradle.cache.internal.DefaultFileLockManager] Lock acquired on daemon addresses registry.
2026-04-17T10:24:18.952+0530 [DEBUG] [org.gradle.cache.internal.DefaultFileLockManager] Releasing lock on daemon addresses registry.
2026-04-17T10:24:18.952+0530 [DEBUG] [org.gradle.cache.internal.DefaultFileLockManager] Waiting to acquire shared lock on daemon addresses registry.
2026-04-17T10:24:18.952+0530 [DEBUG] [org.gradle.cache.internal.DefaultFileLockManager] Lock acquired on daemon addresses registry.
2026-04-17T10:24:18.952+0530 [DEBUG] [org.gradle.cache.internal.DefaultFileLockManager] Releasing lock on daemon addresses registry.
2026-04-17T10:24:18.952+0530 [DEBUG] [org.gradle.launcher.daemon.server.Daemon] Finished periodic daemon health check.
2026-04-17T10:24:28.951+0530 [DEBUG] [org.gradle.launcher.daemon.server.Daemon] Starting periodic daemon health check.
2026-04-17T10:24:28.951+0530 [DEBUG] [org.gradle.cache.internal.DefaultFileLockManager] Waiting to acquire shared lock on daemon addresses registry.
2026-04-17T10:24:28.951+0530 [DEBUG] [org.gradle.cache.internal.DefaultFileLockManager] Lock acquired on daemon addresses registry.
2026-04-17T10:24:28.951+0530 [DEBUG] [org.gradle.cache.internal.DefaultFileLockManager] Releasing lock on daemon addresses registry.
2026-04-17T10:24:28.951+0530 [DEBUG] [org.gradle.cache.internal.DefaultFileLockManager] Waiting to acquire shared lock on daemon addresses registry.
2026-04-17T10:24:28.952+0530 [DEBUG] [org.gradle.cache.internal.DefaultFileLockManager] Lock acquired on daemon addresses registry.
2026-04-17T10:24:28.952+0530 [DEBUG] [org.gradle.cache.internal.DefaultFileLockManager] Releasing lock on daemon addresses registry.
2026-04-17T10:24:28.952+0530 [DEBUG] [org.gradle.launcher.daemon.server.Daemon] Finished periodic daemon health check.
2026-04-17T10:24:38.951+0530 [DEBUG] [org.gradle.launcher.daemon.server.Daemon] Starting periodic daemon health check.
2026-04-17T10:24:38.951+0530 [DEBUG] [org.gradle.cache.internal.DefaultFileLockManager] Waiting to acquire shared lock on daemon addresses registry.
2026-04-17T10:24:38.951+0530 [DEBUG] [org.gradle.cache.internal.DefaultFileLockManager] Lock acquired on daemon addresses registry.
2026-04-17T10:24:38.951+0530 [DEBUG] [org.gradle.cache.internal.DefaultFileLockManager] Releasing lock on daemon addresses registry.
2026-04-17T10:24:38.952+0530 [DEBUG] [org.gradle.cache.internal.DefaultFileLockManager] Waiting to acquire shared lock on daemon addresses registry.
2026-04-17T10:24:38.952+0530 [DEBUG] [org.gradle.cache.internal.DefaultFileLockManager] Lock acquired on daemon addresses registry.
2026-04-17T10:24:38.952+0530 [DEBUG] [org.gradle.cache.internal.DefaultFileLockManager] Releasing lock on daemon addresses registry.
2026-04-17T10:24:38.952+0530 [DEBUG] [org.gradle.launcher.daemon.server.Daemon] Finished periodic daemon health check.
2026-04-17T10:24:48.951+0530 [DEBUG] [org.gradle.launcher.daemon.server.Daemon] Starting periodic daemon health check.
2026-04-17T10:24:48.951+0530 [DEBUG] [org.gradle.cache.internal.DefaultFileLockManager] Waiting to acquire shared lock on daemon addresses registry.
2026-04-17T10:24:48.951+0530 [DEBUG] [org.gradle.cache.internal.DefaultFileLockManager] Lock acquired on daemon addresses registry.
2026-04-17T10:24:48.951+0530 [DEBUG] [org.gradle.cache.internal.DefaultFileLockManager] Releasing lock on daemon addresses registry.
2026-04-17T10:24:48.951+0530 [DEBUG] [org.gradle.cache.internal.DefaultFileLockManager] Waiting to acquire shared lock on daemon addresses registry.
2026-04-17T10:24:48.951+0530 [DEBUG] [org.gradle.cache.internal.DefaultFileLockManager] Lock acquired on daemon addresses registry.
2026-04-17T10:24:48.951+0530 [DEBUG] [org.gradle.cache.internal.DefaultFileLockManager] Releasing lock on daemon addresses registry.
2026-04-17T10:24:48.951+0530 [DEBUG] [org.gradle.launcher.daemon.server.Daemon] Finished periodic daemon health check.
2026-04-17T10:24:58.952+0530 [DEBUG] [org.gradle.launcher.daemon.server.Daemon] Starting periodic daemon health check.
2026-04-17T10:24:58.952+0530 [DEBUG] [org.gradle.cache.internal.DefaultFileLockManager] Waiting to acquire shared lock on daemon addresses registry.
2026-04-17T10:24:58.952+0530 [DEBUG] [org.gradle.cache.internal.DefaultFileLockManager] Lock acquired on daemon addresses registry.
2026-04-17T10:24:58.952+0530 [DEBUG] [org.gradle.cache.internal.DefaultFileLockManager] Releasing lock on daemon addresses registry.
2026-04-17T10:24:58.952+0530 [DEBUG] [org.gradle.cache.internal.DefaultFileLockManager] Waiting to acquire shared lock on daemon addresses registry.
2026-04-17T10:24:58.952+0530 [DEBUG] [org.gradle.cache.internal.DefaultFileLockManager] Lock acquired on daemon addresses registry.
2026-04-17T10:24:58.952+0530 [DEBUG] [org.gradle.cache.internal.DefaultFileLockManager] Releasing lock on daemon addresses registry.
2026-04-17T10:24:58.952+0530 [DEBUG] [org.gradle.launcher.daemon.server.Daemon] Finished periodic daemon health check.
2026-04-17T10:25:08.952+0530 [DEBUG] [org.gradle.launcher.daemon.server.Daemon] Starting periodic daemon health check.
2026-04-17T10:25:08.952+0530 [DEBUG] [org.gradle.cache.internal.DefaultFileLockManager] Waiting to acquire shared lock on daemon addresses registry.
2026-04-17T10:25:08.952+0530 [DEBUG] [org.gradle.cache.internal.DefaultFileLockManager] Lock acquired on daemon addresses registry.
2026-04-17T10:25:08.952+0530 [DEBUG] [org.gradle.cache.internal.DefaultFileLockManager] Releasing lock on daemon addresses registry.
2026-04-17T10:25:08.952+0530 [DEBUG] [org.gradle.cache.internal.DefaultFileLockManager] Waiting to acquire shared lock on daemon addresses registry.
2026-04-17T10:25:08.952+0530 [DEBUG] [org.gradle.cache.internal.DefaultFileLockManager] Lock acquired on daemon addresses registry.
2026-04-17T10:25:08.952+0530 [DEBUG] [org.gradle.cache.internal.DefaultFileLockManager] Releasing lock on daemon addresses registry.
2026-04-17T10:25:08.952+0530 [DEBUG] [org.gradle.launcher.daemon.server.Daemon] Finished periodic daemon health check.
2026-04-17T10:25:18.951+0530 [DEBUG] [org.gradle.launcher.daemon.server.Daemon] Starting periodic daemon health check.
2026-04-17T10:25:18.951+0530 [DEBUG] [org.gradle.cache.internal.DefaultFileLockManager] Waiting to acquire shared lock on daemon addresses registry.
2026-04-17T10:25:18.951+0530 [DEBUG] [org.gradle.cache.internal.DefaultFileLockManager] Lock acquired on daemon addresses registry.
2026-04-17T10:25:18.951+0530 [DEBUG] [org.gradle.cache.internal.DefaultFileLockManager] Releasing lock on daemon addresses registry.
2026-04-17T10:25:18.952+0530 [DEBUG] [org.gradle.cache.internal.DefaultFileLockManager] Waiting to acquire shared lock on daemon addresses registry.
2026-04-17T10:25:18.952+0530 [DEBUG] [org.gradle.cache.internal.DefaultFileLockManager] Lock acquired on daemon addresses registry.
2026-04-17T10:25:18.952+0530 [DEBUG] [org.gradle.cache.internal.DefaultFileLockManager] Releasing lock on daemon addresses registry.
2026-04-17T10:25:18.952+0530 [DEBUG] [org.gradle.launcher.daemon.server.Daemon] Finished periodic daemon health check.
2026-04-17T10:25:28.952+0530 [DEBUG] [org.gradle.launcher.daemon.server.Daemon] Starting periodic daemon health check.
2026-04-17T10:25:28.952+0530 [DEBUG] [org.gradle.cache.internal.DefaultFileLockManager] Waiting to acquire shared lock on daemon addresses registry.
2026-04-17T10:25:28.952+0530 [DEBUG] [org.gradle.cache.internal.DefaultFileLockManager] Lock acquired on daemon addresses registry.
2026-04-17T10:25:28.952+0530 [DEBUG] [org.gradle.cache.internal.DefaultFileLockManager] Releasing lock on daemon addresses registry.
2026-04-17T10:25:28.952+0530 [DEBUG] [org.gradle.cache.internal.DefaultFileLockManager] Waiting to acquire shared lock on daemon addresses registry.
2026-04-17T10:25:28.952+0530 [DEBUG] [org.gradle.cache.internal.DefaultFileLockManager] Lock acquired on daemon addresses registry.
2026-04-17T10:25:28.952+0530 [DEBUG] [org.gradle.cache.internal.DefaultFileLockManager] Releasing lock on daemon addresses registry.
2026-04-17T10:25:28.952+0530 [DEBUG] [org.gradle.launcher.daemon.server.Daemon] Finished periodic daemon health check.
2026-04-17T10:25:38.952+0530 [DEBUG] [org.gradle.launcher.daemon.server.Daemon] Starting periodic daemon health check.
2026-04-17T10:25:38.952+0530 [DEBUG] [org.gradle.cache.internal.DefaultFileLockManager] Waiting to acquire shared lock on daemon addresses registry.
2026-04-17T10:25:38.952+0530 [DEBUG] [org.gradle.cache.internal.DefaultFileLockManager] Lock acquired on daemon addresses registry.
2026-04-17T10:25:38.952+0530 [DEBUG] [org.gradle.cache.internal.DefaultFileLockManager] Releasing lock on daemon addresses registry.
2026-04-17T10:25:38.952+0530 [DEBUG] [org.gradle.cache.internal.DefaultFileLockManager] Waiting to acquire shared lock on daemon addresses registry.
2026-04-17T10:25:38.952+0530 [DEBUG] [org.gradle.cache.internal.DefaultFileLockManager] Lock acquired on daemon addresses registry.
2026-04-17T10:25:38.952+0530 [DEBUG] [org.gradle.cache.internal.DefaultFileLockManager] Releasing lock on daemon addresses registry.
2026-04-17T10:25:38.952+0530 [DEBUG] [org.gradle.launcher.daemon.server.Daemon] Finished periodic daemon health check.
2026-04-17T10:25:48.952+0530 [DEBUG] [org.gradle.launcher.daemon.server.Daemon] Starting periodic daemon health check.
2026-04-17T10:25:48.952+0530 [DEBUG] [org.gradle.cache.internal.DefaultFileLockManager] Waiting to acquire shared lock on daemon addresses registry.
2026-04-17T10:25:48.952+0530 [DEBUG] [org.gradle.cache.internal.DefaultFileLockManager] Lock acquired on daemon addresses registry.
2026-04-17T10:25:48.952+0530 [DEBUG] [org.gradle.cache.internal.DefaultFileLockManager] Releasing lock on daemon addresses registry.
2026-04-17T10:25:48.952+0530 [DEBUG] [org.gradle.cache.internal.DefaultFileLockManager] Waiting to acquire shared lock on daemon addresses registry.
2026-04-17T10:25:48.952+0530 [DEBUG] [org.gradle.cache.internal.DefaultFileLockManager] Lock acquired on daemon addresses registry.
2026-04-17T10:25:48.952+0530 [DEBUG] [org.gradle.cache.internal.DefaultFileLockManager] Releasing lock on daemon addresses registry.
2026-04-17T10:25:48.952+0530 [DEBUG] [org.gradle.launcher.daemon.server.Daemon] Finished periodic daemon health check.
2026-04-17T10:25:58.952+0530 [DEBUG] [org.gradle.launcher.daemon.server.Daemon] Starting periodic daemon health check.
2026-04-17T10:25:58.952+0530 [DEBUG] [org.gradle.cache.internal.DefaultFileLockManager] Waiting to acquire shared lock on daemon addresses registry.
2026-04-17T10:25:58.952+0530 [DEBUG] [org.gradle.cache.internal.DefaultFileLockManager] Lock acquired on daemon addresses registry.
2026-04-17T10:25:58.952+0530 [DEBUG] [org.gradle.cache.internal.DefaultFileLockManager] Releasing lock on daemon addresses registry.
2026-04-17T10:25:58.952+0530 [DEBUG] [org.gradle.cache.internal.DefaultFileLockManager] Waiting to acquire shared lock on daemon addresses registry.
2026-04-17T10:25:58.953+0530 [DEBUG] [org.gradle.cache.internal.DefaultFileLockManager] Lock acquired on daemon addresses registry.
2026-04-17T10:25:58.953+0530 [DEBUG] [org.gradle.cache.internal.DefaultFileLockManager] Releasing lock on daemon addresses registry.
2026-04-17T10:25:58.953+0530 [DEBUG] [org.gradle.launcher.daemon.server.Daemon] Finished periodic daemon health check.
2026-04-17T10:26:08.951+0530 [DEBUG] [org.gradle.launcher.daemon.server.Daemon] Starting periodic daemon health check.
2026-04-17T10:26:08.951+0530 [DEBUG] [org.gradle.cache.internal.DefaultFileLockManager] Waiting to acquire shared lock on daemon addresses registry.
2026-04-17T10:26:08.951+0530 [DEBUG] [org.gradle.cache.internal.DefaultFileLockManager] Lock acquired on daemon addresses registry.
2026-04-17T10:26:08.951+0530 [DEBUG] [org.gradle.cache.internal.DefaultFileLockManager] Releasing lock on daemon addresses registry.
2026-04-17T10:26:08.951+0530 [DEBUG] [org.gradle.cache.internal.DefaultFileLockManager] Waiting to acquire shared lock on daemon addresses registry.
2026-04-17T10:26:08.951+0530 [DEBUG] [org.gradle.cache.internal.DefaultFileLockManager] Lock acquired on daemon addresses registry.
2026-04-17T10:26:08.952+0530 [DEBUG] [org.gradle.cache.internal.DefaultFileLockManager] Releasing lock on daemon addresses registry.
2026-04-17T10:26:08.952+0530 [DEBUG] [org.gradle.launcher.daemon.server.Daemon] Finished periodic daemon health check.
2026-04-17T10:26:18.951+0530 [DEBUG] [org.gradle.launcher.daemon.server.Daemon] Starting periodic daemon health check.
2026-04-17T10:26:18.951+0530 [DEBUG] [org.gradle.cache.internal.DefaultFileLockManager] Waiting to acquire shared lock on daemon addresses registry.
2026-04-17T10:26:18.951+0530 [DEBUG] [org.gradle.cache.internal.DefaultFileLockManager] Lock acquired on daemon addresses registry.
2026-04-17T10:26:18.951+0530 [DEBUG] [org.gradle.cache.internal.DefaultFileLockManager] Releasing lock on daemon addresses registry.
2026-04-17T10:26:18.952+0530 [DEBUG] [org.gradle.cache.internal.DefaultFileLockManager] Waiting to acquire shared lock on daemon addresses registry.
2026-04-17T10:26:18.952+0530 [DEBUG] [org.gradle.cache.internal.DefaultFileLockManager] Lock acquired on daemon addresses registry.
2026-04-17T10:26:18.952+0530 [DEBUG] [org.gradle.cache.internal.DefaultFileLockManager] Releasing lock on daemon addresses registry.
2026-04-17T10:26:18.952+0530 [DEBUG] [org.gradle.launcher.daemon.server.Daemon] Finished periodic daemon health check.
2026-04-17T10:26:28.951+0530 [DEBUG] [org.gradle.launcher.daemon.server.Daemon] Starting periodic daemon health check.
2026-04-17T10:26:28.951+0530 [DEBUG] [org.gradle.cache.internal.DefaultFileLockManager] Waiting to acquire shared lock on daemon addresses registry.
2026-04-17T10:26:28.951+0530 [DEBUG] [org.gradle.cache.internal.DefaultFileLockManager] Lock acquired on daemon addresses registry.
2026-04-17T10:26:28.951+0530 [DEBUG] [org.gradle.cache.internal.DefaultFileLockManager] Releasing lock on daemon addresses registry.
2026-04-17T10:26:28.951+0530 [DEBUG] [org.gradle.cache.internal.DefaultFileLockManager] Waiting to acquire shared lock on daemon addresses registry.
2026-04-17T10:26:28.952+0530 [DEBUG] [org.gradle.cache.internal.DefaultFileLockManager] Lock acquired on daemon addresses registry.
2026-04-17T10:26:28.952+0530 [DEBUG] [org.gradle.cache.internal.DefaultFileLockManager] Releasing lock on daemon addresses registry.
2026-04-17T10:26:28.952+0530 [DEBUG] [org.gradle.launcher.daemon.server.Daemon] Finished periodic daemon health check.
2026-04-17T10:26:38.951+0530 [DEBUG] [org.gradle.launcher.daemon.server.Daemon] Starting periodic daemon health check.
2026-04-17T10:26:38.951+0530 [DEBUG] [org.gradle.cache.internal.DefaultFileLockManager] Waiting to acquire shared lock on daemon addresses registry.
2026-04-17T10:26:38.952+0530 [DEBUG] [org.gradle.cache.internal.DefaultFileLockManager] Lock acquired on daemon addresses registry.
2026-04-17T10:26:38.952+0530 [DEBUG] [org.gradle.cache.internal.DefaultFileLockManager] Releasing lock on daemon addresses registry.
2026-04-17T10:26:38.952+0530 [DEBUG] [org.gradle.cache.internal.DefaultFileLockManager] Waiting to acquire shared lock on daemon addresses registry.
2026-04-17T10:26:38.952+0530 [DEBUG] [org.gradle.cache.internal.DefaultFileLockManager] Lock acquired on daemon addresses registry.
2026-04-17T10:26:38.952+0530 [DEBUG] [org.gradle.cache.internal.DefaultFileLockManager] Releasing lock on daemon addresses registry.
2026-04-17T10:26:38.952+0530 [DEBUG] [org.gradle.launcher.daemon.server.Daemon] Finished periodic daemon health check.
2026-04-17T10:26:48.952+0530 [DEBUG] [org.gradle.launcher.daemon.server.Daemon] Starting periodic daemon health check.
2026-04-17T10:26:48.952+0530 [DEBUG] [org.gradle.cache.internal.DefaultFileLockManager] Waiting to acquire shared lock on daemon addresses registry.
2026-04-17T10:26:48.952+0530 [DEBUG] [org.gradle.cache.internal.DefaultFileLockManager] Lock acquired on daemon addresses registry.
2026-04-17T10:26:48.952+0530 [DEBUG] [org.gradle.cache.internal.DefaultFileLockManager] Releasing lock on daemon addresses registry.
2026-04-17T10:26:48.952+0530 [DEBUG] [org.gradle.cache.internal.DefaultFileLockManager] Waiting to acquire shared lock on daemon addresses registry.
2026-04-17T10:26:48.952+0530 [DEBUG] [org.gradle.cache.internal.DefaultFileLockManager] Lock acquired on daemon addresses registry.
2026-04-17T10:26:48.952+0530 [DEBUG] [org.gradle.cache.internal.DefaultFileLockManager] Releasing lock on daemon addresses registry.
2026-04-17T10:26:48.952+0530 [DEBUG] [org.gradle.launcher.daemon.server.Daemon] Finished periodic daemon health check.
2026-04-17T10:26:58.951+0530 [DEBUG] [org.gradle.launcher.daemon.server.Daemon] Starting periodic daemon health check.
2026-04-17T10:26:58.951+0530 [DEBUG] [org.gradle.cache.internal.DefaultFileLockManager] Waiting to acquire shared lock on daemon addresses registry.
2026-04-17T10:26:58.951+0530 [DEBUG] [org.gradle.cache.internal.DefaultFileLockManager] Lock acquired on daemon addresses registry.
2026-04-17T10:26:58.951+0530 [DEBUG] [org.gradle.cache.internal.DefaultFileLockManager] Releasing lock on daemon addresses registry.
2026-04-17T10:26:58.952+0530 [DEBUG] [org.gradle.cache.internal.DefaultFileLockManager] Waiting to acquire shared lock on daemon addresses registry.
2026-04-17T10:26:58.952+0530 [DEBUG] [org.gradle.cache.internal.DefaultFileLockManager] Lock acquired on daemon addresses registry.
2026-04-17T10:26:58.952+0530 [DEBUG] [org.gradle.cache.internal.DefaultFileLockManager] Releasing lock on daemon addresses registry.
2026-04-17T10:26:58.952+0530 [DEBUG] [org.gradle.launcher.daemon.server.Daemon] Finished periodic daemon health check.
2026-04-17T10:27:08.951+0530 [DEBUG] [org.gradle.launcher.daemon.server.Daemon] Starting periodic daemon health check.
2026-04-17T10:27:08.951+0530 [DEBUG] [org.gradle.cache.internal.DefaultFileLockManager] Waiting to acquire shared lock on daemon addresses registry.
2026-04-17T10:27:08.952+0530 [DEBUG] [org.gradle.cache.internal.DefaultFileLockManager] Lock acquired on daemon addresses registry.
2026-04-17T10:27:08.952+0530 [DEBUG] [org.gradle.cache.internal.DefaultFileLockManager] Releasing lock on daemon addresses registry.
2026-04-17T10:27:08.952+0530 [DEBUG] [org.gradle.cache.internal.DefaultFileLockManager] Waiting to acquire shared lock on daemon addresses registry.
2026-04-17T10:27:08.952+0530 [DEBUG] [org.gradle.cache.internal.DefaultFileLockManager] Lock acquired on daemon addresses registry.
2026-04-17T10:27:08.952+0530 [DEBUG] [org.gradle.cache.internal.DefaultFileLockManager] Releasing lock on daemon addresses registry.
2026-04-17T10:27:08.952+0530 [DEBUG] [org.gradle.launcher.daemon.server.Daemon] Finished periodic daemon health check.
2026-04-17T10:27:18.951+0530 [DEBUG] [org.gradle.launcher.daemon.server.Daemon] Starting periodic daemon health check.
2026-04-17T10:27:18.951+0530 [DEBUG] [org.gradle.cache.internal.DefaultFileLockManager] Waiting to acquire shared lock on daemon addresses registry.
2026-04-17T10:27:18.951+0530 [DEBUG] [org.gradle.cache.internal.DefaultFileLockManager] Lock acquired on daemon addresses registry.
2026-04-17T10:27:18.951+0530 [DEBUG] [org.gradle.cache.internal.DefaultFileLockManager] Releasing lock on daemon addresses registry.
2026-04-17T10:27:18.951+0530 [DEBUG] [org.gradle.cache.internal.DefaultFileLockManager] Waiting to acquire shared lock on daemon addresses registry.
2026-04-17T10:27:18.951+0530 [DEBUG] [org.gradle.cache.internal.DefaultFileLockManager] Lock acquired on daemon addresses registry.
2026-04-17T10:27:18.952+0530 [DEBUG] [org.gradle.cache.internal.DefaultFileLockManager] Releasing lock on daemon addresses registry.
2026-04-17T10:27:18.952+0530 [DEBUG] [org.gradle.launcher.daemon.server.Daemon] Finished periodic daemon health check.
2026-04-17T10:27:28.951+0530 [DEBUG] [org.gradle.launcher.daemon.server.Daemon] Starting periodic daemon health check.
2026-04-17T10:27:28.951+0530 [DEBUG] [org.gradle.cache.internal.DefaultFileLockManager] Waiting to acquire shared lock on daemon addresses registry.
2026-04-17T10:27:28.951+0530 [DEBUG] [org.gradle.cache.internal.DefaultFileLockManager] Lock acquired on daemon addresses registry.
2026-04-17T10:27:28.952+0530 [DEBUG] [org.gradle.cache.internal.DefaultFileLockManager] Releasing lock on daemon addresses registry.
2026-04-17T10:27:28.952+0530 [DEBUG] [org.gradle.cache.internal.DefaultFileLockManager] Waiting to acquire shared lock on daemon addresses registry.
2026-04-17T10:27:28.952+0530 [DEBUG] [org.gradle.cache.internal.DefaultFileLockManager] Lock acquired on daemon addresses registry.
2026-04-17T10:27:28.952+0530 [DEBUG] [org.gradle.cache.internal.DefaultFileLockManager] Releasing lock on daemon addresses registry.
2026-04-17T10:27:28.952+0530 [DEBUG] [org.gradle.launcher.daemon.server.Daemon] Finished periodic daemon health check.
2026-04-17T10:27:38.951+0530 [DEBUG] [org.gradle.launcher.daemon.server.Daemon] Starting periodic daemon health check.
2026-04-17T10:27:38.951+0530 [DEBUG] [org.gradle.cache.internal.DefaultFileLockManager] Waiting to acquire shared lock on daemon addresses registry.
2026-04-17T10:27:38.951+0530 [DEBUG] [org.gradle.cache.internal.DefaultFileLockManager] Lock acquired on daemon addresses registry.
2026-04-17T10:27:38.951+0530 [DEBUG] [org.gradle.cache.internal.DefaultFileLockManager] Releasing lock on daemon addresses registry.
2026-04-17T10:27:38.951+0530 [DEBUG] [org.gradle.cache.internal.DefaultFileLockManager] Waiting to acquire shared lock on daemon addresses registry.
2026-04-17T10:27:38.951+0530 [DEBUG] [org.gradle.cache.internal.DefaultFileLockManager] Lock acquired on daemon addresses registry.
2026-04-17T10:27:38.951+0530 [DEBUG] [org.gradle.cache.internal.DefaultFileLockManager] Releasing lock on daemon addresses registry.
2026-04-17T10:27:38.951+0530 [DEBUG] [org.gradle.launcher.daemon.server.Daemon] Finished periodic daemon health check.
2026-04-17T10:27:48.951+0530 [DEBUG] [org.gradle.launcher.daemon.server.Daemon] Starting periodic daemon health check.
2026-04-17T10:27:48.951+0530 [DEBUG] [org.gradle.cache.internal.DefaultFileLockManager] Waiting to acquire shared lock on daemon addresses registry.
2026-04-17T10:27:48.951+0530 [DEBUG] [org.gradle.cache.internal.DefaultFileLockManager] Lock acquired on daemon addresses registry.
2026-04-17T10:27:48.951+0530 [DEBUG] [org.gradle.cache.internal.DefaultFileLockManager] Releasing lock on daemon addresses registry.
2026-04-17T10:27:48.951+0530 [DEBUG] [org.gradle.cache.internal.DefaultFileLockManager] Waiting to acquire shared lock on daemon addresses registry.
2026-04-17T10:27:48.951+0530 [DEBUG] [org.gradle.cache.internal.DefaultFileLockManager] Lock acquired on daemon addresses registry.
2026-04-17T10:27:48.951+0530 [DEBUG] [org.gradle.cache.internal.DefaultFileLockManager] Releasing lock on daemon addresses registry.
2026-04-17T10:27:48.951+0530 [DEBUG] [org.gradle.launcher.daemon.server.Daemon] Finished periodic daemon health check.
2026-04-17T10:27:58.952+0530 [DEBUG] [org.gradle.launcher.daemon.server.Daemon] Starting periodic daemon health check.
2026-04-17T10:27:58.952+0530 [DEBUG] [org.gradle.cache.internal.DefaultFileLockManager] Waiting to acquire shared lock on daemon addresses registry.
2026-04-17T10:27:58.952+0530 [DEBUG] [org.gradle.cache.internal.DefaultFileLockManager] Lock acquired on daemon addresses registry.
2026-04-17T10:27:58.952+0530 [DEBUG] [org.gradle.cache.internal.DefaultFileLockManager] Releasing lock on daemon addresses registry.
2026-04-17T10:27:58.952+0530 [DEBUG] [org.gradle.cache.internal.DefaultFileLockManager] Waiting to acquire shared lock on daemon addresses registry.
2026-04-17T10:27:58.952+0530 [DEBUG] [org.gradle.cache.internal.DefaultFileLockManager] Lock acquired on daemon addresses registry.
2026-04-17T10:27:58.952+0530 [DEBUG] [org.gradle.cache.internal.DefaultFileLockManager] Releasing lock on daemon addresses registry.
2026-04-17T10:27:58.952+0530 [DEBUG] [org.gradle.launcher.daemon.server.Daemon] Finished periodic daemon health check.
2026-04-17T10:28:08.951+0530 [DEBUG] [org.gradle.launcher.daemon.server.Daemon] Starting periodic daemon health check.
2026-04-17T10:28:08.951+0530 [DEBUG] [org.gradle.cache.internal.DefaultFileLockManager] Waiting to acquire shared lock on daemon addresses registry.
2026-04-17T10:28:08.951+0530 [DEBUG] [org.gradle.cache.internal.DefaultFileLockManager] Lock acquired on daemon addresses registry.
2026-04-17T10:28:08.951+0530 [DEBUG] [org.gradle.cache.internal.DefaultFileLockManager] Releasing lock on daemon addresses registry.
2026-04-17T10:28:08.952+0530 [DEBUG] [org.gradle.cache.internal.DefaultFileLockManager] Waiting to acquire shared lock on daemon addresses registry.
2026-04-17T10:28:08.952+0530 [DEBUG] [org.gradle.cache.internal.DefaultFileLockManager] Lock acquired on daemon addresses registry.
2026-04-17T10:28:08.952+0530 [DEBUG] [org.gradle.cache.internal.DefaultFileLockManager] Releasing lock on daemon addresses registry.
2026-04-17T10:28:08.952+0530 [DEBUG] [org.gradle.launcher.daemon.server.Daemon] Finished periodic daemon health check.
2026-04-17T10:28:18.951+0530 [DEBUG] [org.gradle.launcher.daemon.server.Daemon] Starting periodic daemon health check.
2026-04-17T10:28:18.951+0530 [DEBUG] [org.gradle.cache.internal.DefaultFileLockManager] Waiting to acquire shared lock on daemon addresses registry.
2026-04-17T10:28:18.951+0530 [DEBUG] [org.gradle.cache.internal.DefaultFileLockManager] Lock acquired on daemon addresses registry.
2026-04-17T10:28:18.951+0530 [DEBUG] [org.gradle.cache.internal.DefaultFileLockManager] Releasing lock on daemon addresses registry.
2026-04-17T10:28:18.952+0530 [DEBUG] [org.gradle.cache.internal.DefaultFileLockManager] Waiting to acquire shared lock on daemon addresses registry.
2026-04-17T10:28:18.952+0530 [DEBUG] [org.gradle.cache.internal.DefaultFileLockManager] Lock acquired on daemon addresses registry.
2026-04-17T10:28:18.952+0530 [DEBUG] [org.gradle.cache.internal.DefaultFileLockManager] Releasing lock on daemon addresses registry.
2026-04-17T10:28:18.952+0530 [DEBUG] [org.gradle.launcher.daemon.server.Daemon] Finished periodic daemon health check.
2026-04-17T10:28:28.951+0530 [DEBUG] [org.gradle.launcher.daemon.server.Daemon] Starting periodic daemon health check.
2026-04-17T10:28:28.951+0530 [DEBUG] [org.gradle.cache.internal.DefaultFileLockManager] Waiting to acquire shared lock on daemon addresses registry.
2026-04-17T10:28:28.951+0530 [DEBUG] [org.gradle.cache.internal.DefaultFileLockManager] Lock acquired on daemon addresses registry.
2026-04-17T10:28:28.951+0530 [DEBUG] [org.gradle.cache.internal.DefaultFileLockManager] Releasing lock on daemon addresses registry.
2026-04-17T10:28:28.951+0530 [DEBUG] [org.gradle.cache.internal.DefaultFileLockManager] Waiting to acquire shared lock on daemon addresses registry.
2026-04-17T10:28:28.952+0530 [DEBUG] [org.gradle.cache.internal.DefaultFileLockManager] Lock acquired on daemon addresses registry.
2026-04-17T10:28:28.952+0530 [DEBUG] [org.gradle.cache.internal.DefaultFileLockManager] Releasing lock on daemon addresses registry.
2026-04-17T10:28:28.952+0530 [DEBUG] [org.gradle.launcher.daemon.server.Daemon] Finished periodic daemon health check.
2026-04-17T10:28:38.952+0530 [DEBUG] [org.gradle.launcher.daemon.server.Daemon] Starting periodic daemon health check.
2026-04-17T10:28:38.952+0530 [DEBUG] [org.gradle.cache.internal.DefaultFileLockManager] Waiting to acquire shared lock on daemon addresses registry.
2026-04-17T10:28:38.952+0530 [DEBUG] [org.gradle.cache.internal.DefaultFileLockManager] Lock acquired on daemon addresses registry.
2026-04-17T10:28:38.952+0530 [DEBUG] [org.gradle.cache.internal.DefaultFileLockManager] Releasing lock on daemon addresses registry.
2026-04-17T10:28:38.952+0530 [DEBUG] [org.gradle.cache.internal.DefaultFileLockManager] Waiting to acquire shared lock on daemon addresses registry.
2026-04-17T10:28:38.952+0530 [DEBUG] [org.gradle.cache.internal.DefaultFileLockManager] Lock acquired on daemon addresses registry.
2026-04-17T10:28:38.952+0530 [DEBUG] [org.gradle.cache.internal.DefaultFileLockManager] Releasing lock on daemon addresses registry.
2026-04-17T10:28:38.952+0530 [DEBUG] [org.gradle.launcher.daemon.server.Daemon] Finished periodic daemon health check.
2026-04-17T10:28:48.951+0530 [DEBUG] [org.gradle.launcher.daemon.server.Daemon] Starting periodic daemon health check.
2026-04-17T10:28:48.951+0530 [DEBUG] [org.gradle.cache.internal.DefaultFileLockManager] Waiting to acquire shared lock on daemon addresses registry.
2026-04-17T10:28:48.951+0530 [DEBUG] [org.gradle.cache.internal.DefaultFileLockManager] Lock acquired on daemon addresses registry.
2026-04-17T10:28:48.951+0530 [DEBUG] [org.gradle.cache.internal.DefaultFileLockManager] Releasing lock on daemon addresses registry.
2026-04-17T10:28:48.951+0530 [DEBUG] [org.gradle.cache.internal.DefaultFileLockManager] Waiting to acquire shared lock on daemon addresses registry.
2026-04-17T10:28:48.951+0530 [DEBUG] [org.gradle.cache.internal.DefaultFileLockManager] Lock acquired on daemon addresses registry.
2026-04-17T10:28:48.951+0530 [DEBUG] [org.gradle.cache.internal.DefaultFileLockManager] Releasing lock on daemon addresses registry.
2026-04-17T10:28:48.951+0530 [DEBUG] [org.gradle.launcher.daemon.server.Daemon] Finished periodic daemon health check.
2026-04-17T10:28:58.951+0530 [DEBUG] [org.gradle.launcher.daemon.server.Daemon] Starting periodic daemon health check.
2026-04-17T10:28:58.951+0530 [DEBUG] [org.gradle.cache.internal.DefaultFileLockManager] Waiting to acquire shared lock on daemon addresses registry.
2026-04-17T10:28:58.951+0530 [DEBUG] [org.gradle.cache.internal.DefaultFileLockManager] Lock acquired on daemon addresses registry.
2026-04-17T10:28:58.951+0530 [DEBUG] [org.gradle.cache.internal.DefaultFileLockManager] Releasing lock on daemon addresses registry.
2026-04-17T10:28:58.952+0530 [DEBUG] [org.gradle.cache.internal.DefaultFileLockManager] Waiting to acquire shared lock on daemon addresses registry.
2026-04-17T10:28:58.952+0530 [DEBUG] [org.gradle.cache.internal.DefaultFileLockManager] Lock acquired on daemon addresses registry.
2026-04-17T10:28:58.952+0530 [DEBUG] [org.gradle.cache.internal.DefaultFileLockManager] Releasing lock on daemon addresses registry.
2026-04-17T10:28:58.952+0530 [DEBUG] [org.gradle.launcher.daemon.server.Daemon] Finished periodic daemon health check.
2026-04-17T10:29:08.951+0530 [DEBUG] [org.gradle.launcher.daemon.server.Daemon] Starting periodic daemon health check.
2026-04-17T10:29:08.951+0530 [DEBUG] [org.gradle.cache.internal.DefaultFileLockManager] Waiting to acquire shared lock on daemon addresses registry.
2026-04-17T10:29:08.951+0530 [DEBUG] [org.gradle.cache.internal.DefaultFileLockManager] Lock acquired on daemon addresses registry.
2026-04-17T10:29:08.951+0530 [DEBUG] [org.gradle.cache.internal.DefaultFileLockManager] Releasing lock on daemon addresses registry.
2026-04-17T10:29:08.952+0530 [DEBUG] [org.gradle.cache.internal.DefaultFileLockManager] Waiting to acquire shared lock on daemon addresses registry.
2026-04-17T10:29:08.952+0530 [DEBUG] [org.gradle.cache.internal.DefaultFileLockManager] Lock acquired on daemon addresses registry.
2026-04-17T10:29:08.952+0530 [DEBUG] [org.gradle.cache.internal.DefaultFileLockManager] Releasing lock on daemon addresses registry.
2026-04-17T10:29:08.952+0530 [DEBUG] [org.gradle.launcher.daemon.server.Daemon] Finished periodic daemon health check.
2026-04-17T10:29:18.951+0530 [DEBUG] [org.gradle.launcher.daemon.server.Daemon] Starting periodic daemon health check.
2026-04-17T10:29:18.951+0530 [DEBUG] [org.gradle.cache.internal.DefaultFileLockManager] Waiting to acquire shared lock on daemon addresses registry.
2026-04-17T10:29:18.951+0530 [DEBUG] [org.gradle.cache.internal.DefaultFileLockManager] Lock acquired on daemon addresses registry.
2026-04-17T10:29:18.951+0530 [DEBUG] [org.gradle.cache.internal.DefaultFileLockManager] Releasing lock on daemon addresses registry.
2026-04-17T10:29:18.952+0530 [DEBUG] [org.gradle.cache.internal.DefaultFileLockManager] Waiting to acquire shared lock on daemon addresses registry.
2026-04-17T10:29:18.952+0530 [DEBUG] [org.gradle.cache.internal.DefaultFileLockManager] Lock acquired on daemon addresses registry.
2026-04-17T10:29:18.952+0530 [DEBUG] [org.gradle.cache.internal.DefaultFileLockManager] Releasing lock on daemon addresses registry.
2026-04-17T10:29:18.952+0530 [DEBUG] [org.gradle.launcher.daemon.server.Daemon] Finished periodic daemon health check.
2026-04-17T10:29:28.951+0530 [DEBUG] [org.gradle.launcher.daemon.server.Daemon] Starting periodic daemon health check.
2026-04-17T10:29:28.951+0530 [DEBUG] [org.gradle.cache.internal.DefaultFileLockManager] Waiting to acquire shared lock on daemon addresses registry.
2026-04-17T10:29:28.951+0530 [DEBUG] [org.gradle.cache.internal.DefaultFileLockManager] Lock acquired on daemon addresses registry.
2026-04-17T10:29:28.951+0530 [DEBUG] [org.gradle.cache.internal.DefaultFileLockManager] Releasing lock on daemon addresses registry.
2026-04-17T10:29:28.952+0530 [DEBUG] [org.gradle.cache.internal.DefaultFileLockManager] Waiting to acquire shared lock on daemon addresses registry.
2026-04-17T10:29:28.952+0530 [DEBUG] [org.gradle.cache.internal.DefaultFileLockManager] Lock acquired on daemon addresses registry.
2026-04-17T10:29:28.952+0530 [DEBUG] [org.gradle.cache.internal.DefaultFileLockManager] Releasing lock on daemon addresses registry.
2026-04-17T10:29:28.952+0530 [DEBUG] [org.gradle.launcher.daemon.server.Daemon] Finished periodic daemon health check.
2026-04-17T10:29:38.952+0530 [DEBUG] [org.gradle.launcher.daemon.server.Daemon] Starting periodic daemon health check.
2026-04-17T10:29:38.952+0530 [DEBUG] [org.gradle.cache.internal.DefaultFileLockManager] Waiting to acquire shared lock on daemon addresses registry.
2026-04-17T10:29:38.952+0530 [DEBUG] [org.gradle.cache.internal.DefaultFileLockManager] Lock acquired on daemon addresses registry.
2026-04-17T10:29:38.952+0530 [DEBUG] [org.gradle.cache.internal.DefaultFileLockManager] Releasing lock on daemon addresses registry.
2026-04-17T10:29:38.952+0530 [DEBUG] [org.gradle.cache.internal.DefaultFileLockManager] Waiting to acquire shared lock on daemon addresses registry.
2026-04-17T10:29:38.952+0530 [DEBUG] [org.gradle.cache.internal.DefaultFileLockManager] Lock acquired on daemon addresses registry.
2026-04-17T10:29:38.952+0530 [DEBUG] [org.gradle.cache.internal.DefaultFileLockManager] Releasing lock on daemon addresses registry.
2026-04-17T10:29:38.952+0530 [DEBUG] [org.gradle.launcher.daemon.server.Daemon] Finished periodic daemon health check.
2026-04-17T10:29:48.952+0530 [DEBUG] [org.gradle.launcher.daemon.server.Daemon] Starting periodic daemon health check.
2026-04-17T10:29:48.952+0530 [DEBUG] [org.gradle.cache.internal.DefaultFileLockManager] Waiting to acquire shared lock on daemon addresses registry.
2026-04-17T10:29:48.952+0530 [DEBUG] [org.gradle.cache.internal.DefaultFileLockManager] Lock acquired on daemon addresses registry.
2026-04-17T10:29:48.952+0530 [DEBUG] [org.gradle.cache.internal.DefaultFileLockManager] Releasing lock on daemon addresses registry.
2026-04-17T10:29:48.952+0530 [DEBUG] [org.gradle.cache.internal.DefaultFileLockManager] Waiting to acquire shared lock on daemon addresses registry.
2026-04-17T10:29:48.952+0530 [DEBUG] [org.gradle.cache.internal.DefaultFileLockManager] Lock acquired on daemon addresses registry.
2026-04-17T10:29:48.952+0530 [DEBUG] [org.gradle.cache.internal.DefaultFileLockManager] Releasing lock on daemon addresses registry.
2026-04-17T10:29:48.952+0530 [DEBUG] [org.gradle.launcher.daemon.server.Daemon] Finished periodic daemon health check.
2026-04-17T10:29:58.952+0530 [DEBUG] [org.gradle.launcher.daemon.server.Daemon] Starting periodic daemon health check.
2026-04-17T10:29:58.952+0530 [DEBUG] [org.gradle.cache.internal.DefaultFileLockManager] Waiting to acquire shared lock on daemon addresses registry.
2026-04-17T10:29:58.952+0530 [DEBUG] [org.gradle.cache.internal.DefaultFileLockManager] Lock acquired on daemon addresses registry.
2026-04-17T10:29:58.952+0530 [DEBUG] [org.gradle.cache.internal.DefaultFileLockManager] Releasing lock on daemon addresses registry.
2026-04-17T10:29:58.952+0530 [DEBUG] [org.gradle.cache.internal.DefaultFileLockManager] Waiting to acquire shared lock on daemon addresses registry.
2026-04-17T10:29:58.952+0530 [DEBUG] [org.gradle.cache.internal.DefaultFileLockManager] Lock acquired on daemon addresses registry.
2026-04-17T10:29:58.952+0530 [DEBUG] [org.gradle.cache.internal.DefaultFileLockManager] Releasing lock on daemon addresses registry.
2026-04-17T10:29:58.952+0530 [DEBUG] [org.gradle.launcher.daemon.server.Daemon] Finished periodic daemon health check.
2026-04-17T10:30:08.951+0530 [DEBUG] [org.gradle.launcher.daemon.server.Daemon] Starting periodic daemon health check.
2026-04-17T10:30:08.951+0530 [DEBUG] [org.gradle.cache.internal.DefaultFileLockManager] Waiting to acquire shared lock on daemon addresses registry.
2026-04-17T10:30:08.951+0530 [DEBUG] [org.gradle.cache.internal.DefaultFileLockManager] Lock acquired on daemon addresses registry.
2026-04-17T10:30:08.951+0530 [DEBUG] [org.gradle.cache.internal.DefaultFileLockManager] Releasing lock on daemon addresses registry.
2026-04-17T10:30:08.952+0530 [DEBUG] [org.gradle.cache.internal.DefaultFileLockManager] Waiting to acquire shared lock on daemon addresses registry.
2026-04-17T10:30:08.952+0530 [DEBUG] [org.gradle.cache.internal.DefaultFileLockManager] Lock acquired on daemon addresses registry.
2026-04-17T10:30:08.952+0530 [DEBUG] [org.gradle.cache.internal.DefaultFileLockManager] Releasing lock on daemon addresses registry.
2026-04-17T10:30:08.952+0530 [DEBUG] [org.gradle.launcher.daemon.server.Daemon] Finished periodic daemon health check.
2026-04-17T10:30:18.951+0530 [DEBUG] [org.gradle.launcher.daemon.server.Daemon] Starting periodic daemon health check.
2026-04-17T10:30:18.951+0530 [DEBUG] [org.gradle.cache.internal.DefaultFileLockManager] Waiting to acquire shared lock on daemon addresses registry.
2026-04-17T10:30:18.951+0530 [DEBUG] [org.gradle.cache.internal.DefaultFileLockManager] Lock acquired on daemon addresses registry.
2026-04-17T10:30:18.951+0530 [DEBUG] [org.gradle.cache.internal.DefaultFileLockManager] Releasing lock on daemon addresses registry.
2026-04-17T10:30:18.951+0530 [DEBUG] [org.gradle.cache.internal.DefaultFileLockManager] Waiting to acquire shared lock on daemon addresses registry.
2026-04-17T10:30:18.952+0530 [DEBUG] [org.gradle.cache.internal.DefaultFileLockManager] Lock acquired on daemon addresses registry.
2026-04-17T10:30:18.952+0530 [DEBUG] [org.gradle.cache.internal.DefaultFileLockManager] Releasing lock on daemon addresses registry.
2026-04-17T10:30:18.952+0530 [DEBUG] [org.gradle.launcher.daemon.server.Daemon] Finished periodic daemon health check.
2026-04-17T10:30:28.951+0530 [DEBUG] [org.gradle.launcher.daemon.server.Daemon] Starting periodic daemon health check.
2026-04-17T10:30:28.951+0530 [DEBUG] [org.gradle.cache.internal.DefaultFileLockManager] Waiting to acquire shared lock on daemon addresses registry.
2026-04-17T10:30:28.951+0530 [DEBUG] [org.gradle.cache.internal.DefaultFileLockManager] Lock acquired on daemon addresses registry.
2026-04-17T10:30:28.951+0530 [DEBUG] [org.gradle.cache.internal.DefaultFileLockManager] Releasing lock on daemon addresses registry.
2026-04-17T10:30:28.952+0530 [DEBUG] [org.gradle.cache.internal.DefaultFileLockManager] Waiting to acquire shared lock on daemon addresses registry.
2026-04-17T10:30:28.952+0530 [DEBUG] [org.gradle.cache.internal.DefaultFileLockManager] Lock acquired on daemon addresses registry.
2026-04-17T10:30:28.952+0530 [DEBUG] [org.gradle.cache.internal.DefaultFileLockManager] Releasing lock on daemon addresses registry.
2026-04-17T10:30:28.952+0530 [DEBUG] [org.gradle.launcher.daemon.server.Daemon] Finished periodic daemon health check.
2026-04-17T10:30:38.952+0530 [DEBUG] [org.gradle.launcher.daemon.server.Daemon] Starting periodic daemon health check.
2026-04-17T10:30:38.952+0530 [DEBUG] [org.gradle.cache.internal.DefaultFileLockManager] Waiting to acquire shared lock on daemon addresses registry.
2026-04-17T10:30:38.952+0530 [DEBUG] [org.gradle.cache.internal.DefaultFileLockManager] Lock acquired on daemon addresses registry.
2026-04-17T10:30:38.952+0530 [DEBUG] [org.gradle.cache.internal.DefaultFileLockManager] Releasing lock on daemon addresses registry.
2026-04-17T10:30:38.952+0530 [DEBUG] [org.gradle.cache.internal.DefaultFileLockManager] Waiting to acquire shared lock on daemon addresses registry.
2026-04-17T10:30:38.952+0530 [DEBUG] [org.gradle.cache.internal.DefaultFileLockManager] Lock acquired on daemon addresses registry.
2026-04-17T10:30:38.952+0530 [DEBUG] [org.gradle.cache.internal.DefaultFileLockManager] Releasing lock on daemon addresses registry.
2026-04-17T10:30:38.952+0530 [DEBUG] [org.gradle.launcher.daemon.server.Daemon] Finished periodic daemon health check.
2026-04-17T10:30:48.951+0530 [DEBUG] [org.gradle.launcher.daemon.server.Daemon] Starting periodic daemon health check.
2026-04-17T10:30:48.951+0530 [DEBUG] [org.gradle.cache.internal.DefaultFileLockManager] Waiting to acquire shared lock on daemon addresses registry.
2026-04-17T10:30:48.951+0530 [DEBUG] [org.gradle.cache.internal.DefaultFileLockManager] Lock acquired on daemon addresses registry.
2026-04-17T10:30:48.951+0530 [DEBUG] [org.gradle.cache.internal.DefaultFileLockManager] Releasing lock on daemon addresses registry.
2026-04-17T10:30:48.952+0530 [DEBUG] [org.gradle.cache.internal.DefaultFileLockManager] Waiting to acquire shared lock on daemon addresses registry.
2026-04-17T10:30:48.952+0530 [DEBUG] [org.gradle.cache.internal.DefaultFileLockManager] Lock acquired on daemon addresses registry.
2026-04-17T10:30:48.952+0530 [DEBUG] [org.gradle.cache.internal.DefaultFileLockManager] Releasing lock on daemon addresses registry.
2026-04-17T10:30:48.952+0530 [DEBUG] [org.gradle.launcher.daemon.server.Daemon] Finished periodic daemon health check.
2026-04-17T10:30:58.952+0530 [DEBUG] [org.gradle.launcher.daemon.server.Daemon] Starting periodic daemon health check.
2026-04-17T10:30:58.952+0530 [DEBUG] [org.gradle.cache.internal.DefaultFileLockManager] Waiting to acquire shared lock on daemon addresses registry.
2026-04-17T10:30:58.952+0530 [DEBUG] [org.gradle.cache.internal.DefaultFileLockManager] Lock acquired on daemon addresses registry.
2026-04-17T10:30:58.952+0530 [DEBUG] [org.gradle.cache.internal.DefaultFileLockManager] Releasing lock on daemon addresses registry.
2026-04-17T10:30:58.952+0530 [DEBUG] [org.gradle.cache.internal.DefaultFileLockManager] Waiting to acquire shared lock on daemon addresses registry.
2026-04-17T10:30:58.952+0530 [DEBUG] [org.gradle.cache.internal.DefaultFileLockManager] Lock acquired on daemon addresses registry.
2026-04-17T10:30:58.952+0530 [DEBUG] [org.gradle.cache.internal.DefaultFileLockManager] Releasing lock on daemon addresses registry.
2026-04-17T10:30:58.952+0530 [DEBUG] [org.gradle.launcher.daemon.server.Daemon] Finished periodic daemon health check.
2026-04-17T10:31:08.952+0530 [DEBUG] [org.gradle.launcher.daemon.server.Daemon] Starting periodic daemon health check.
2026-04-17T10:31:08.952+0530 [DEBUG] [org.gradle.cache.internal.DefaultFileLockManager] Waiting to acquire shared lock on daemon addresses registry.
2026-04-17T10:31:08.952+0530 [DEBUG] [org.gradle.cache.internal.DefaultFileLockManager] Lock acquired on daemon addresses registry.
2026-04-17T10:31:08.952+0530 [DEBUG] [org.gradle.cache.internal.DefaultFileLockManager] Releasing lock on daemon addresses registry.
2026-04-17T10:31:08.952+0530 [DEBUG] [org.gradle.cache.internal.DefaultFileLockManager] Waiting to acquire shared lock on daemon addresses registry.
2026-04-17T10:31:08.952+0530 [DEBUG] [org.gradle.cache.internal.DefaultFileLockManager] Lock acquired on daemon addresses registry.
2026-04-17T10:31:08.952+0530 [DEBUG] [org.gradle.cache.internal.DefaultFileLockManager] Releasing lock on daemon addresses registry.
2026-04-17T10:31:08.952+0530 [DEBUG] [org.gradle.launcher.daemon.server.Daemon] Finished periodic daemon health check.
2026-04-17T10:31:18.952+0530 [DEBUG] [org.gradle.launcher.daemon.server.Daemon] Starting periodic daemon health check.
2026-04-17T10:31:18.952+0530 [DEBUG] [org.gradle.cache.internal.DefaultFileLockManager] Waiting to acquire shared lock on daemon addresses registry.
2026-04-17T10:31:18.952+0530 [DEBUG] [org.gradle.cache.internal.DefaultFileLockManager] Lock acquired on daemon addresses registry.
2026-04-17T10:31:18.952+0530 [DEBUG] [org.gradle.cache.internal.DefaultFileLockManager] Releasing lock on daemon addresses registry.
2026-04-17T10:31:18.952+0530 [DEBUG] [org.gradle.cache.internal.DefaultFileLockManager] Waiting to acquire shared lock on daemon addresses registry.
2026-04-17T10:31:18.952+0530 [DEBUG] [org.gradle.cache.internal.DefaultFileLockManager] Lock acquired on daemon addresses registry.
2026-04-17T10:31:18.952+0530 [DEBUG] [org.gradle.cache.internal.DefaultFileLockManager] Releasing lock on daemon addresses registry.
2026-04-17T10:31:18.952+0530 [DEBUG] [org.gradle.launcher.daemon.server.Daemon] Finished periodic daemon health check.
2026-04-17T10:31:28.952+0530 [DEBUG] [org.gradle.launcher.daemon.server.Daemon] Starting periodic daemon health check.
2026-04-17T10:31:28.952+0530 [DEBUG] [org.gradle.cache.internal.DefaultFileLockManager] Waiting to acquire shared lock on daemon addresses registry.
2026-04-17T10:31:28.952+0530 [DEBUG] [org.gradle.cache.internal.DefaultFileLockManager] Lock acquired on daemon addresses registry.
2026-04-17T10:31:28.952+0530 [DEBUG] [org.gradle.cache.internal.DefaultFileLockManager] Releasing lock on daemon addresses registry.
2026-04-17T10:31:28.952+0530 [DEBUG] [org.gradle.cache.internal.DefaultFileLockManager] Waiting to acquire shared lock on daemon addresses registry.
2026-04-17T10:31:28.952+0530 [DEBUG] [org.gradle.cache.internal.DefaultFileLockManager] Lock acquired on daemon addresses registry.
2026-04-17T10:31:28.952+0530 [DEBUG] [org.gradle.cache.internal.DefaultFileLockManager] Releasing lock on daemon addresses registry.
2026-04-17T10:31:28.952+0530 [DEBUG] [org.gradle.launcher.daemon.server.Daemon] Finished periodic daemon health check.
2026-04-17T10:31:38.951+0530 [DEBUG] [org.gradle.launcher.daemon.server.Daemon] Starting periodic daemon health check.
2026-04-17T10:31:38.951+0530 [DEBUG] [org.gradle.cache.internal.DefaultFileLockManager] Waiting to acquire shared lock on daemon addresses registry.
2026-04-17T10:31:38.951+0530 [DEBUG] [org.gradle.cache.internal.DefaultFileLockManager] Lock acquired on daemon addresses registry.
2026-04-17T10:31:38.951+0530 [DEBUG] [org.gradle.cache.internal.DefaultFileLockManager] Releasing lock on daemon addresses registry.
2026-04-17T10:31:38.951+0530 [DEBUG] [org.gradle.cache.internal.DefaultFileLockManager] Waiting to acquire shared lock on daemon addresses registry.
2026-04-17T10:31:38.951+0530 [DEBUG] [org.gradle.cache.internal.DefaultFileLockManager] Lock acquired on daemon addresses registry.
2026-04-17T10:31:38.951+0530 [DEBUG] [org.gradle.cache.internal.DefaultFileLockManager] Releasing lock on daemon addresses registry.
2026-04-17T10:31:38.952+0530 [DEBUG] [org.gradle.launcher.daemon.server.Daemon] Finished periodic daemon health check.
2026-04-17T10:31:48.951+0530 [DEBUG] [org.gradle.launcher.daemon.server.Daemon] Starting periodic daemon health check.
2026-04-17T10:31:48.951+0530 [DEBUG] [org.gradle.cache.internal.DefaultFileLockManager] Waiting to acquire shared lock on daemon addresses registry.
2026-04-17T10:31:48.951+0530 [DEBUG] [org.gradle.cache.internal.DefaultFileLockManager] Lock acquired on daemon addresses registry.
2026-04-17T10:31:48.951+0530 [DEBUG] [org.gradle.cache.internal.DefaultFileLockManager] Releasing lock on daemon addresses registry.
2026-04-17T10:31:48.952+0530 [DEBUG] [org.gradle.cache.internal.DefaultFileLockManager] Waiting to acquire shared lock on daemon addresses registry.
2026-04-17T10:31:48.952+0530 [DEBUG] [org.gradle.cache.internal.DefaultFileLockManager] Lock acquired on daemon addresses registry.
2026-04-17T10:31:48.952+0530 [DEBUG] [org.gradle.cache.internal.DefaultFileLockManager] Releasing lock on daemon addresses registry.
2026-04-17T10:31:48.952+0530 [DEBUG] [org.gradle.launcher.daemon.server.Daemon] Finished periodic daemon health check.
2026-04-17T10:31:58.951+0530 [DEBUG] [org.gradle.launcher.daemon.server.Daemon] Starting periodic daemon health check.
2026-04-17T10:31:58.951+0530 [DEBUG] [org.gradle.cache.internal.DefaultFileLockManager] Waiting to acquire shared lock on daemon addresses registry.
2026-04-17T10:31:58.951+0530 [DEBUG] [org.gradle.cache.internal.DefaultFileLockManager] Lock acquired on daemon addresses registry.
2026-04-17T10:31:58.951+0530 [DEBUG] [org.gradle.cache.internal.DefaultFileLockManager] Releasing lock on daemon addresses registry.
2026-04-17T10:31:58.951+0530 [DEBUG] [org.gradle.cache.internal.DefaultFileLockManager] Waiting to acquire shared lock on daemon addresses registry.
2026-04-17T10:31:58.952+0530 [DEBUG] [org.gradle.cache.internal.DefaultFileLockManager] Lock acquired on daemon addresses registry.
2026-04-17T10:31:58.952+0530 [DEBUG] [org.gradle.cache.internal.DefaultFileLockManager] Releasing lock on daemon addresses registry.
2026-04-17T10:31:58.952+0530 [DEBUG] [org.gradle.launcher.daemon.server.Daemon] Finished periodic daemon health check.
2026-04-17T10:32:08.951+0530 [DEBUG] [org.gradle.launcher.daemon.server.Daemon] Starting periodic daemon health check.
2026-04-17T10:32:08.951+0530 [DEBUG] [org.gradle.cache.internal.DefaultFileLockManager] Waiting to acquire shared lock on daemon addresses registry.
2026-04-17T10:32:08.951+0530 [DEBUG] [org.gradle.cache.internal.DefaultFileLockManager] Lock acquired on daemon addresses registry.
2026-04-17T10:32:08.951+0530 [DEBUG] [org.gradle.cache.internal.DefaultFileLockManager] Releasing lock on daemon addresses registry.
2026-04-17T10:32:08.952+0530 [DEBUG] [org.gradle.cache.internal.DefaultFileLockManager] Waiting to acquire shared lock on daemon addresses registry.
2026-04-17T10:32:08.952+0530 [DEBUG] [org.gradle.cache.internal.DefaultFileLockManager] Lock acquired on daemon addresses registry.
2026-04-17T10:32:08.952+0530 [DEBUG] [org.gradle.cache.internal.DefaultFileLockManager] Releasing lock on daemon addresses registry.
2026-04-17T10:32:08.952+0530 [DEBUG] [org.gradle.launcher.daemon.server.Daemon] Finished periodic daemon health check.
2026-04-17T10:32:18.952+0530 [DEBUG] [org.gradle.launcher.daemon.server.Daemon] Starting periodic daemon health check.
2026-04-17T10:32:18.952+0530 [DEBUG] [org.gradle.cache.internal.DefaultFileLockManager] Waiting to acquire shared lock on daemon addresses registry.
2026-04-17T10:32:18.952+0530 [DEBUG] [org.gradle.cache.internal.DefaultFileLockManager] Lock acquired on daemon addresses registry.
2026-04-17T10:32:18.952+0530 [DEBUG] [org.gradle.cache.internal.DefaultFileLockManager] Releasing lock on daemon addresses registry.
2026-04-17T10:32:18.952+0530 [DEBUG] [org.gradle.cache.internal.DefaultFileLockManager] Waiting to acquire shared lock on daemon addresses registry.
2026-04-17T10:32:18.952+0530 [DEBUG] [org.gradle.cache.internal.DefaultFileLockManager] Lock acquired on daemon addresses registry.
2026-04-17T10:32:18.952+0530 [DEBUG] [org.gradle.cache.internal.DefaultFileLockManager] Releasing lock on daemon addresses registry.
2026-04-17T10:32:18.952+0530 [DEBUG] [org.gradle.launcher.daemon.server.Daemon] Finished periodic daemon health check.
2026-04-17T10:32:28.952+0530 [DEBUG] [org.gradle.launcher.daemon.server.Daemon] Starting periodic daemon health check.
2026-04-17T10:32:28.952+0530 [DEBUG] [org.gradle.cache.internal.DefaultFileLockManager] Waiting to acquire shared lock on daemon addresses registry.
2026-04-17T10:32:28.952+0530 [DEBUG] [org.gradle.cache.internal.DefaultFileLockManager] Lock acquired on daemon addresses registry.
2026-04-17T10:32:28.952+0530 [DEBUG] [org.gradle.cache.internal.DefaultFileLockManager] Releasing lock on daemon addresses registry.
2026-04-17T10:32:28.952+0530 [DEBUG] [org.gradle.cache.internal.DefaultFileLockManager] Waiting to acquire shared lock on daemon addresses registry.
2026-04-17T10:32:28.952+0530 [DEBUG] [org.gradle.cache.internal.DefaultFileLockManager] Lock acquired on daemon addresses registry.
2026-04-17T10:32:28.952+0530 [DEBUG] [org.gradle.cache.internal.DefaultFileLockManager] Releasing lock on daemon addresses registry.
2026-04-17T10:32:28.952+0530 [DEBUG] [org.gradle.launcher.daemon.server.Daemon] Finished periodic daemon health check.
2026-04-17T10:32:38.952+0530 [DEBUG] [org.gradle.launcher.daemon.server.Daemon] Starting periodic daemon health check.
2026-04-17T10:32:38.952+0530 [DEBUG] [org.gradle.cache.internal.DefaultFileLockManager] Waiting to acquire shared lock on daemon addresses registry.
2026-04-17T10:32:38.952+0530 [DEBUG] [org.gradle.cache.internal.DefaultFileLockManager] Lock acquired on daemon addresses registry.
2026-04-17T10:32:38.952+0530 [DEBUG] [org.gradle.cache.internal.DefaultFileLockManager] Releasing lock on daemon addresses registry.
2026-04-17T10:32:38.952+0530 [DEBUG] [org.gradle.cache.internal.DefaultFileLockManager] Waiting to acquire shared lock on daemon addresses registry.
2026-04-17T10:32:38.952+0530 [DEBUG] [org.gradle.cache.internal.DefaultFileLockManager] Lock acquired on daemon addresses registry.
2026-04-17T10:32:38.952+0530 [DEBUG] [org.gradle.cache.internal.DefaultFileLockManager] Releasing lock on daemon addresses registry.
2026-04-17T10:32:38.952+0530 [DEBUG] [org.gradle.launcher.daemon.server.Daemon] Finished periodic daemon health check.
2026-04-17T10:32:48.952+0530 [DEBUG] [org.gradle.launcher.daemon.server.Daemon] Starting periodic daemon health check.
2026-04-17T10:32:48.952+0530 [DEBUG] [org.gradle.cache.internal.DefaultFileLockManager] Waiting to acquire shared lock on daemon addresses registry.
2026-04-17T10:32:48.952+0530 [DEBUG] [org.gradle.cache.internal.DefaultFileLockManager] Lock acquired on daemon addresses registry.
2026-04-17T10:32:48.952+0530 [DEBUG] [org.gradle.cache.internal.DefaultFileLockManager] Releasing lock on daemon addresses registry.
2026-04-17T10:32:48.952+0530 [DEBUG] [org.gradle.cache.internal.DefaultFileLockManager] Waiting to acquire shared lock on daemon addresses registry.
2026-04-17T10:32:48.952+0530 [DEBUG] [org.gradle.cache.internal.DefaultFileLockManager] Lock acquired on daemon addresses registry.
2026-04-17T10:32:48.952+0530 [DEBUG] [org.gradle.cache.internal.DefaultFileLockManager] Releasing lock on daemon addresses registry.
2026-04-17T10:32:48.952+0530 [DEBUG] [org.gradle.launcher.daemon.server.Daemon] Finished periodic daemon health check.
2026-04-17T10:32:58.951+0530 [DEBUG] [org.gradle.launcher.daemon.server.Daemon] Starting periodic daemon health check.
2026-04-17T10:32:58.951+0530 [DEBUG] [org.gradle.cache.internal.DefaultFileLockManager] Waiting to acquire shared lock on daemon addresses registry.
2026-04-17T10:32:58.951+0530 [DEBUG] [org.gradle.cache.internal.DefaultFileLockManager] Lock acquired on daemon addresses registry.
2026-04-17T10:32:58.951+0530 [DEBUG] [org.gradle.cache.internal.DefaultFileLockManager] Releasing lock on daemon addresses registry.
2026-04-17T10:32:58.952+0530 [DEBUG] [org.gradle.cache.internal.DefaultFileLockManager] Waiting to acquire shared lock on daemon addresses registry.
2026-04-17T10:32:58.952+0530 [DEBUG] [org.gradle.cache.internal.DefaultFileLockManager] Lock acquired on daemon addresses registry.
2026-04-17T10:32:58.952+0530 [DEBUG] [org.gradle.cache.internal.DefaultFileLockManager] Releasing lock on daemon addresses registry.
2026-04-17T10:32:58.952+0530 [DEBUG] [org.gradle.launcher.daemon.server.Daemon] Finished periodic daemon health check.
2026-04-17T10:33:08.951+0530 [DEBUG] [org.gradle.launcher.daemon.server.Daemon] Starting periodic daemon health check.
2026-04-17T10:33:08.951+0530 [DEBUG] [org.gradle.cache.internal.DefaultFileLockManager] Waiting to acquire shared lock on daemon addresses registry.
2026-04-17T10:33:08.951+0530 [DEBUG] [org.gradle.cache.internal.DefaultFileLockManager] Lock acquired on daemon addresses registry.
2026-04-17T10:33:08.951+0530 [DEBUG] [org.gradle.cache.internal.DefaultFileLockManager] Releasing lock on daemon addresses registry.
2026-04-17T10:33:08.952+0530 [DEBUG] [org.gradle.cache.internal.DefaultFileLockManager] Waiting to acquire shared lock on daemon addresses registry.
2026-04-17T10:33:08.952+0530 [DEBUG] [org.gradle.cache.internal.DefaultFileLockManager] Lock acquired on daemon addresses registry.
2026-04-17T10:33:08.952+0530 [DEBUG] [org.gradle.cache.internal.DefaultFileLockManager] Releasing lock on daemon addresses registry.
2026-04-17T10:33:08.952+0530 [DEBUG] [org.gradle.launcher.daemon.server.Daemon] Finished periodic daemon health check.
2026-04-17T10:33:18.951+0530 [DEBUG] [org.gradle.launcher.daemon.server.Daemon] Starting periodic daemon health check.
2026-04-17T10:33:18.951+0530 [DEBUG] [org.gradle.cache.internal.DefaultFileLockManager] Waiting to acquire shared lock on daemon addresses registry.
2026-04-17T10:33:18.951+0530 [DEBUG] [org.gradle.cache.internal.DefaultFileLockManager] Lock acquired on daemon addresses registry.
2026-04-17T10:33:18.951+0530 [DEBUG] [org.gradle.cache.internal.DefaultFileLockManager] Releasing lock on daemon addresses registry.
2026-04-17T10:33:18.952+0530 [DEBUG] [org.gradle.cache.internal.DefaultFileLockManager] Waiting to acquire shared lock on daemon addresses registry.
2026-04-17T10:33:18.952+0530 [DEBUG] [org.gradle.cache.internal.DefaultFileLockManager] Lock acquired on daemon addresses registry.
2026-04-17T10:33:18.952+0530 [DEBUG] [org.gradle.cache.internal.DefaultFileLockManager] Releasing lock on daemon addresses registry.
2026-04-17T10:33:18.952+0530 [DEBUG] [org.gradle.launcher.daemon.server.Daemon] Finished periodic daemon health check.
2026-04-17T10:33:28.951+0530 [DEBUG] [org.gradle.launcher.daemon.server.Daemon] Starting periodic daemon health check.
2026-04-17T10:33:28.951+0530 [DEBUG] [org.gradle.cache.internal.DefaultFileLockManager] Waiting to acquire shared lock on daemon addresses registry.
2026-04-17T10:33:28.951+0530 [DEBUG] [org.gradle.cache.internal.DefaultFileLockManager] Lock acquired on daemon addresses registry.
2026-04-17T10:33:28.951+0530 [DEBUG] [org.gradle.cache.internal.DefaultFileLockManager] Releasing lock on daemon addresses registry.
2026-04-17T10:33:28.952+0530 [DEBUG] [org.gradle.cache.internal.DefaultFileLockManager] Waiting to acquire shared lock on daemon addresses registry.
2026-04-17T10:33:28.952+0530 [DEBUG] [org.gradle.cache.internal.DefaultFileLockManager] Lock acquired on daemon addresses registry.
2026-04-17T10:33:28.952+0530 [DEBUG] [org.gradle.cache.internal.DefaultFileLockManager] Releasing lock on daemon addresses registry.
2026-04-17T10:33:28.952+0530 [DEBUG] [org.gradle.launcher.daemon.server.Daemon] Finished periodic daemon health check.
2026-04-17T10:33:38.951+0530 [DEBUG] [org.gradle.launcher.daemon.server.Daemon] Starting periodic daemon health check.
2026-04-17T10:33:38.951+0530 [DEBUG] [org.gradle.cache.internal.DefaultFileLockManager] Waiting to acquire shared lock on daemon addresses registry.
2026-04-17T10:33:38.951+0530 [DEBUG] [org.gradle.cache.internal.DefaultFileLockManager] Lock acquired on daemon addresses registry.
2026-04-17T10:33:38.951+0530 [DEBUG] [org.gradle.cache.internal.DefaultFileLockManager] Releasing lock on daemon addresses registry.
2026-04-17T10:33:38.952+0530 [DEBUG] [org.gradle.cache.internal.DefaultFileLockManager] Waiting to acquire shared lock on daemon addresses registry.
2026-04-17T10:33:38.952+0530 [DEBUG] [org.gradle.cache.internal.DefaultFileLockManager] Lock acquired on daemon addresses registry.
2026-04-17T10:33:38.952+0530 [DEBUG] [org.gradle.cache.internal.DefaultFileLockManager] Releasing lock on daemon addresses registry.
2026-04-17T10:33:38.952+0530 [DEBUG] [org.gradle.launcher.daemon.server.Daemon] Finished periodic daemon health check.
2026-04-17T10:33:48.952+0530 [DEBUG] [org.gradle.launcher.daemon.server.Daemon] Starting periodic daemon health check.
2026-04-17T10:33:48.952+0530 [DEBUG] [org.gradle.cache.internal.DefaultFileLockManager] Waiting to acquire shared lock on daemon addresses registry.
2026-04-17T10:33:48.952+0530 [DEBUG] [org.gradle.cache.internal.DefaultFileLockManager] Lock acquired on daemon addresses registry.
2026-04-17T10:33:48.952+0530 [DEBUG] [org.gradle.cache.internal.DefaultFileLockManager] Releasing lock on daemon addresses registry.
2026-04-17T10:33:48.952+0530 [DEBUG] [org.gradle.cache.internal.DefaultFileLockManager] Waiting to acquire shared lock on daemon addresses registry.
2026-04-17T10:33:48.952+0530 [DEBUG] [org.gradle.cache.internal.DefaultFileLockManager] Lock acquired on daemon addresses registry.
2026-04-17T10:33:48.952+0530 [DEBUG] [org.gradle.cache.internal.DefaultFileLockManager] Releasing lock on daemon addresses registry.
2026-04-17T10:33:48.952+0530 [DEBUG] [org.gradle.launcher.daemon.server.Daemon] Finished periodic daemon health check.
2026-04-17T10:33:58.951+0530 [DEBUG] [org.gradle.launcher.daemon.server.Daemon] Starting periodic daemon health check.
2026-04-17T10:33:58.951+0530 [DEBUG] [org.gradle.cache.internal.DefaultFileLockManager] Waiting to acquire shared lock on daemon addresses registry.
2026-04-17T10:33:58.951+0530 [DEBUG] [org.gradle.cache.internal.DefaultFileLockManager] Lock acquired on daemon addresses registry.
2026-04-17T10:33:58.951+0530 [DEBUG] [org.gradle.cache.internal.DefaultFileLockManager] Releasing lock on daemon addresses registry.
2026-04-17T10:33:58.951+0530 [DEBUG] [org.gradle.cache.internal.DefaultFileLockManager] Waiting to acquire shared lock on daemon addresses registry.
2026-04-17T10:33:58.951+0530 [DEBUG] [org.gradle.cache.internal.DefaultFileLockManager] Lock acquired on daemon addresses registry.
2026-04-17T10:33:58.952+0530 [DEBUG] [org.gradle.cache.internal.DefaultFileLockManager] Releasing lock on daemon addresses registry.
2026-04-17T10:33:58.952+0530 [DEBUG] [org.gradle.launcher.daemon.server.Daemon] Finished periodic daemon health check.
2026-04-17T10:34:08.951+0530 [DEBUG] [org.gradle.launcher.daemon.server.Daemon] Starting periodic daemon health check.
2026-04-17T10:34:08.951+0530 [DEBUG] [org.gradle.cache.internal.DefaultFileLockManager] Waiting to acquire shared lock on daemon addresses registry.
2026-04-17T10:34:08.951+0530 [DEBUG] [org.gradle.cache.internal.DefaultFileLockManager] Lock acquired on daemon addresses registry.
2026-04-17T10:34:08.951+0530 [DEBUG] [org.gradle.cache.internal.DefaultFileLockManager] Releasing lock on daemon addresses registry.
2026-04-17T10:34:08.951+0530 [DEBUG] [org.gradle.cache.internal.DefaultFileLockManager] Waiting to acquire shared lock on daemon addresses registry.
2026-04-17T10:34:08.951+0530 [DEBUG] [org.gradle.cache.internal.DefaultFileLockManager] Lock acquired on daemon addresses registry.
2026-04-17T10:34:08.952+0530 [DEBUG] [org.gradle.cache.internal.DefaultFileLockManager] Releasing lock on daemon addresses registry.
2026-04-17T10:34:08.952+0530 [DEBUG] [org.gradle.launcher.daemon.server.Daemon] Finished periodic daemon health check.
2026-04-17T10:34:18.951+0530 [DEBUG] [org.gradle.launcher.daemon.server.Daemon] Starting periodic daemon health check.
2026-04-17T10:34:18.951+0530 [DEBUG] [org.gradle.cache.internal.DefaultFileLockManager] Waiting to acquire shared lock on daemon addresses registry.
2026-04-17T10:34:18.951+0530 [DEBUG] [org.gradle.cache.internal.DefaultFileLockManager] Lock acquired on daemon addresses registry.
2026-04-17T10:34:18.951+0530 [DEBUG] [org.gradle.cache.internal.DefaultFileLockManager] Releasing lock on daemon addresses registry.
2026-04-17T10:34:18.952+0530 [DEBUG] [org.gradle.cache.internal.DefaultFileLockManager] Waiting to acquire shared lock on daemon addresses registry.
2026-04-17T10:34:18.952+0530 [DEBUG] [org.gradle.cache.internal.DefaultFileLockManager] Lock acquired on daemon addresses registry.
2026-04-17T10:34:18.952+0530 [DEBUG] [org.gradle.cache.internal.DefaultFileLockManager] Releasing lock on daemon addresses registry.
2026-04-17T10:34:18.952+0530 [DEBUG] [org.gradle.launcher.daemon.server.Daemon] Finished periodic daemon health check.
2026-04-17T10:34:28.951+0530 [DEBUG] [org.gradle.launcher.daemon.server.Daemon] Starting periodic daemon health check.
2026-04-17T10:34:28.951+0530 [DEBUG] [org.gradle.cache.internal.DefaultFileLockManager] Waiting to acquire shared lock on daemon addresses registry.
2026-04-17T10:34:28.951+0530 [DEBUG] [org.gradle.cache.internal.DefaultFileLockManager] Lock acquired on daemon addresses registry.
2026-04-17T10:34:28.952+0530 [DEBUG] [org.gradle.cache.internal.DefaultFileLockManager] Releasing lock on daemon addresses registry.
2026-04-17T10:34:28.952+0530 [DEBUG] [org.gradle.cache.internal.DefaultFileLockManager] Waiting to acquire shared lock on daemon addresses registry.
2026-04-17T10:34:28.952+0530 [DEBUG] [org.gradle.cache.internal.DefaultFileLockManager] Lock acquired on daemon addresses registry.
2026-04-17T10:34:28.952+0530 [DEBUG] [org.gradle.cache.internal.DefaultFileLockManager] Releasing lock on daemon addresses registry.
2026-04-17T10:34:28.952+0530 [DEBUG] [org.gradle.launcher.daemon.server.Daemon] Finished periodic daemon health check.
2026-04-17T10:37:09.609+0530 [DEBUG] [org.gradle.launcher.daemon.server.Daemon] Starting periodic daemon health check.
2026-04-17T10:37:09.609+0530 [DEBUG] [org.gradle.cache.internal.DefaultFileLockManager] Waiting to acquire shared lock on daemon addresses registry.
2026-04-17T10:37:09.609+0530 [DEBUG] [org.gradle.cache.internal.DefaultFileLockManager] Lock acquired on daemon addresses registry.
2026-04-17T10:37:09.609+0530 [DEBUG] [org.gradle.cache.internal.DefaultFileLockManager] Releasing lock on daemon addresses registry.
2026-04-17T10:37:09.609+0530 [DEBUG] [org.gradle.cache.internal.DefaultFileLockManager] Waiting to acquire shared lock on daemon addresses registry.
2026-04-17T10:37:09.609+0530 [DEBUG] [org.gradle.cache.internal.DefaultFileLockManager] Lock acquired on daemon addresses registry.
2026-04-17T10:37:09.609+0530 [DEBUG] [org.gradle.cache.internal.DefaultFileLockManager] Releasing lock on daemon addresses registry.
2026-04-17T10:37:09.609+0530 [DEBUG] [org.gradle.launcher.daemon.server.Daemon] Finished periodic daemon health check.
2026-04-17T10:37:19.609+0530 [DEBUG] [org.gradle.launcher.daemon.server.Daemon] Starting periodic daemon health check.
2026-04-17T10:37:19.609+0530 [DEBUG] [org.gradle.cache.internal.DefaultFileLockManager] Waiting to acquire shared lock on daemon addresses registry.
2026-04-17T10:37:19.609+0530 [DEBUG] [org.gradle.cache.internal.DefaultFileLockManager] Lock acquired on daemon addresses registry.
2026-04-17T10:37:19.609+0530 [DEBUG] [org.gradle.cache.internal.DefaultFileLockManager] Releasing lock on daemon addresses registry.
2026-04-17T10:37:19.610+0530 [DEBUG] [org.gradle.cache.internal.DefaultFileLockManager] Waiting to acquire shared lock on daemon addresses registry.
2026-04-17T10:37:19.610+0530 [DEBUG] [org.gradle.cache.internal.DefaultFileLockManager] Lock acquired on daemon addresses registry.
2026-04-17T10:37:19.610+0530 [DEBUG] [org.gradle.cache.internal.DefaultFileLockManager] Releasing lock on daemon addresses registry.
2026-04-17T10:37:19.610+0530 [DEBUG] [org.gradle.launcher.daemon.server.Daemon] Finished periodic daemon health check.
2026-04-17T10:37:29.609+0530 [DEBUG] [org.gradle.launcher.daemon.server.Daemon] Starting periodic daemon health check.
2026-04-17T10:37:29.609+0530 [DEBUG] [org.gradle.cache.internal.DefaultFileLockManager] Waiting to acquire shared lock on daemon addresses registry.
2026-04-17T10:37:29.609+0530 [DEBUG] [org.gradle.cache.internal.DefaultFileLockManager] Lock acquired on daemon addresses registry.
2026-04-17T10:37:29.609+0530 [DEBUG] [org.gradle.cache.internal.DefaultFileLockManager] Releasing lock on daemon addresses registry.
2026-04-17T10:37:29.610+0530 [DEBUG] [org.gradle.cache.internal.DefaultFileLockManager] Waiting to acquire shared lock on daemon addresses registry.
2026-04-17T10:37:29.610+0530 [DEBUG] [org.gradle.cache.internal.DefaultFileLockManager] Lock acquired on daemon addresses registry.
2026-04-17T10:37:29.610+0530 [DEBUG] [org.gradle.cache.internal.DefaultFileLockManager] Releasing lock on daemon addresses registry.
2026-04-17T10:37:29.610+0530 [DEBUG] [org.gradle.launcher.daemon.server.Daemon] Finished periodic daemon health check.
2026-04-17T10:37:39.609+0530 [DEBUG] [org.gradle.launcher.daemon.server.Daemon] Starting periodic daemon health check.
2026-04-17T10:37:39.609+0530 [DEBUG] [org.gradle.cache.internal.DefaultFileLockManager] Waiting to acquire shared lock on daemon addresses registry.
2026-04-17T10:37:39.609+0530 [DEBUG] [org.gradle.cache.internal.DefaultFileLockManager] Lock acquired on daemon addresses registry.
2026-04-17T10:37:39.609+0530 [DEBUG] [org.gradle.cache.internal.DefaultFileLockManager] Releasing lock on daemon addresses registry.
2026-04-17T10:37:39.609+0530 [DEBUG] [org.gradle.cache.internal.DefaultFileLockManager] Waiting to acquire shared lock on daemon addresses registry.
2026-04-17T10:37:39.610+0530 [DEBUG] [org.gradle.cache.internal.DefaultFileLockManager] Lock acquired on daemon addresses registry.
2026-04-17T10:37:39.610+0530 [DEBUG] [org.gradle.cache.internal.DefaultFileLockManager] Releasing lock on daemon addresses registry.
2026-04-17T10:37:39.610+0530 [DEBUG] [org.gradle.launcher.daemon.server.Daemon] Finished periodic daemon health check.
2026-04-17T10:37:49.609+0530 [DEBUG] [org.gradle.launcher.daemon.server.Daemon] Starting periodic daemon health check.
2026-04-17T10:37:49.609+0530 [DEBUG] [org.gradle.cache.internal.DefaultFileLockManager] Waiting to acquire shared lock on daemon addresses registry.
2026-04-17T10:37:49.609+0530 [DEBUG] [org.gradle.cache.internal.DefaultFileLockManager] Lock acquired on daemon addresses registry.
2026-04-17T10:37:49.609+0530 [DEBUG] [org.gradle.cache.internal.DefaultFileLockManager] Releasing lock on daemon addresses registry.
2026-04-17T10:37:49.609+0530 [DEBUG] [org.gradle.cache.internal.DefaultFileLockManager] Waiting to acquire shared lock on daemon addresses registry.
2026-04-17T10:37:49.609+0530 [DEBUG] [org.gradle.cache.internal.DefaultFileLockManager] Lock acquired on daemon addresses registry.
2026-04-17T10:37:49.609+0530 [DEBUG] [org.gradle.cache.internal.DefaultFileLockManager] Releasing lock on daemon addresses registry.
2026-04-17T10:37:49.609+0530 [DEBUG] [org.gradle.launcher.daemon.server.Daemon] Finished periodic daemon health check.
2026-04-17T10:37:59.609+0530 [DEBUG] [org.gradle.launcher.daemon.server.Daemon] Starting periodic daemon health check.
2026-04-17T10:37:59.609+0530 [DEBUG] [org.gradle.cache.internal.DefaultFileLockManager] Waiting to acquire shared lock on daemon addresses registry.
2026-04-17T10:37:59.609+0530 [DEBUG] [org.gradle.cache.internal.DefaultFileLockManager] Lock acquired on daemon addresses registry.
2026-04-17T10:37:59.609+0530 [DEBUG] [org.gradle.cache.internal.DefaultFileLockManager] Releasing lock on daemon addresses registry.
2026-04-17T10:37:59.609+0530 [DEBUG] [org.gradle.cache.internal.DefaultFileLockManager] Waiting to acquire shared lock on daemon addresses registry.
2026-04-17T10:37:59.609+0530 [DEBUG] [org.gradle.cache.internal.DefaultFileLockManager] Lock acquired on daemon addresses registry.
2026-04-17T10:37:59.609+0530 [DEBUG] [org.gradle.cache.internal.DefaultFileLockManager] Releasing lock on daemon addresses registry.
2026-04-17T10:37:59.609+0530 [DEBUG] [org.gradle.launcher.daemon.server.Daemon] Finished periodic daemon health check.
2026-04-17T10:38:09.609+0530 [DEBUG] [org.gradle.launcher.daemon.server.Daemon] Starting periodic daemon health check.
2026-04-17T10:38:09.609+0530 [DEBUG] [org.gradle.cache.internal.DefaultFileLockManager] Waiting to acquire shared lock on daemon addresses registry.
2026-04-17T10:38:09.609+0530 [DEBUG] [org.gradle.cache.internal.DefaultFileLockManager] Lock acquired on daemon addresses registry.
2026-04-17T10:38:09.609+0530 [DEBUG] [org.gradle.cache.internal.DefaultFileLockManager] Releasing lock on daemon addresses registry.
2026-04-17T10:38:09.610+0530 [DEBUG] [org.gradle.cache.internal.DefaultFileLockManager] Waiting to acquire shared lock on daemon addresses registry.
2026-04-17T10:38:09.610+0530 [DEBUG] [org.gradle.cache.internal.DefaultFileLockManager] Lock acquired on daemon addresses registry.
2026-04-17T10:38:09.610+0530 [DEBUG] [org.gradle.cache.internal.DefaultFileLockManager] Releasing lock on daemon addresses registry.
2026-04-17T10:38:09.610+0530 [DEBUG] [org.gradle.launcher.daemon.server.Daemon] Finished periodic daemon health check.
2026-04-17T10:38:19.609+0530 [DEBUG] [org.gradle.launcher.daemon.server.Daemon] Starting periodic daemon health check.
2026-04-17T10:38:19.609+0530 [DEBUG] [org.gradle.cache.internal.DefaultFileLockManager] Waiting to acquire shared lock on daemon addresses registry.
2026-04-17T10:38:19.609+0530 [DEBUG] [org.gradle.cache.internal.DefaultFileLockManager] Lock acquired on daemon addresses registry.
2026-04-17T10:38:19.609+0530 [DEBUG] [org.gradle.cache.internal.DefaultFileLockManager] Releasing lock on daemon addresses registry.
2026-04-17T10:38:19.610+0530 [DEBUG] [org.gradle.cache.internal.DefaultFileLockManager] Waiting to acquire shared lock on daemon addresses registry.
2026-04-17T10:38:19.610+0530 [DEBUG] [org.gradle.cache.internal.DefaultFileLockManager] Lock acquired on daemon addresses registry.
2026-04-17T10:38:19.610+0530 [DEBUG] [org.gradle.cache.internal.DefaultFileLockManager] Releasing lock on daemon addresses registry.
2026-04-17T10:38:19.610+0530 [DEBUG] [org.gradle.launcher.daemon.server.Daemon] Finished periodic daemon health check.
2026-04-17T10:38:29.609+0530 [DEBUG] [org.gradle.launcher.daemon.server.Daemon] Starting periodic daemon health check.
2026-04-17T10:38:29.609+0530 [DEBUG] [org.gradle.cache.internal.DefaultFileLockManager] Waiting to acquire shared lock on daemon addresses registry.
2026-04-17T10:38:29.609+0530 [DEBUG] [org.gradle.cache.internal.DefaultFileLockManager] Lock acquired on daemon addresses registry.
2026-04-17T10:38:29.609+0530 [DEBUG] [org.gradle.cache.internal.DefaultFileLockManager] Releasing lock on daemon addresses registry.
2026-04-17T10:38:29.609+0530 [DEBUG] [org.gradle.cache.internal.DefaultFileLockManager] Waiting to acquire shared lock on daemon addresses registry.
2026-04-17T10:38:29.609+0530 [DEBUG] [org.gradle.cache.internal.DefaultFileLockManager] Lock acquired on daemon addresses registry.
2026-04-17T10:38:29.610+0530 [DEBUG] [org.gradle.cache.internal.DefaultFileLockManager] Releasing lock on daemon addresses registry.
2026-04-17T10:38:29.610+0530 [DEBUG] [org.gradle.launcher.daemon.server.Daemon] Finished periodic daemon health check.
2026-04-17T10:38:39.609+0530 [DEBUG] [org.gradle.launcher.daemon.server.Daemon] Starting periodic daemon health check.
2026-04-17T10:38:39.609+0530 [DEBUG] [org.gradle.cache.internal.DefaultFileLockManager] Waiting to acquire shared lock on daemon addresses registry.
2026-04-17T10:38:39.609+0530 [DEBUG] [org.gradle.cache.internal.DefaultFileLockManager] Lock acquired on daemon addresses registry.
2026-04-17T10:38:39.609+0530 [DEBUG] [org.gradle.cache.internal.DefaultFileLockManager] Releasing lock on daemon addresses registry.
2026-04-17T10:38:39.609+0530 [DEBUG] [org.gradle.cache.internal.DefaultFileLockManager] Waiting to acquire shared lock on daemon addresses registry.
2026-04-17T10:38:39.609+0530 [DEBUG] [org.gradle.cache.internal.DefaultFileLockManager] Lock acquired on daemon addresses registry.
2026-04-17T10:38:39.610+0530 [DEBUG] [org.gradle.cache.internal.DefaultFileLockManager] Releasing lock on daemon addresses registry.
2026-04-17T10:38:39.610+0530 [DEBUG] [org.gradle.launcher.daemon.server.Daemon] Finished periodic daemon health check.
2026-04-17T10:38:49.610+0530 [DEBUG] [org.gradle.launcher.daemon.server.Daemon] Starting periodic daemon health check.
2026-04-17T10:38:49.610+0530 [DEBUG] [org.gradle.cache.internal.DefaultFileLockManager] Waiting to acquire shared lock on daemon addresses registry.
2026-04-17T10:38:49.610+0530 [DEBUG] [org.gradle.cache.internal.DefaultFileLockManager] Lock acquired on daemon addresses registry.
2026-04-17T10:38:49.610+0530 [DEBUG] [org.gradle.cache.internal.DefaultFileLockManager] Releasing lock on daemon addresses registry.
2026-04-17T10:38:49.610+0530 [DEBUG] [org.gradle.cache.internal.DefaultFileLockManager] Waiting to acquire shared lock on daemon addresses registry.
2026-04-17T10:38:49.610+0530 [DEBUG] [org.gradle.cache.internal.DefaultFileLockManager] Lock acquired on daemon addresses registry.
2026-04-17T10:38:49.610+0530 [DEBUG] [org.gradle.cache.internal.DefaultFileLockManager] Releasing lock on daemon addresses registry.
2026-04-17T10:38:49.610+0530 [DEBUG] [org.gradle.launcher.daemon.server.Daemon] Finished periodic daemon health check.
2026-04-17T10:38:59.610+0530 [DEBUG] [org.gradle.launcher.daemon.server.Daemon] Starting periodic daemon health check.
2026-04-17T10:38:59.610+0530 [DEBUG] [org.gradle.cache.internal.DefaultFileLockManager] Waiting to acquire shared lock on daemon addresses registry.
2026-04-17T10:38:59.610+0530 [DEBUG] [org.gradle.cache.internal.DefaultFileLockManager] Lock acquired on daemon addresses registry.
2026-04-17T10:38:59.610+0530 [DEBUG] [org.gradle.cache.internal.DefaultFileLockManager] Releasing lock on daemon addresses registry.
2026-04-17T10:38:59.610+0530 [DEBUG] [org.gradle.cache.internal.DefaultFileLockManager] Waiting to acquire shared lock on daemon addresses registry.
2026-04-17T10:38:59.610+0530 [DEBUG] [org.gradle.cache.internal.DefaultFileLockManager] Lock acquired on daemon addresses registry.
2026-04-17T10:38:59.610+0530 [DEBUG] [org.gradle.cache.internal.DefaultFileLockManager] Releasing lock on daemon addresses registry.
2026-04-17T10:38:59.610+0530 [DEBUG] [org.gradle.launcher.daemon.server.Daemon] Finished periodic daemon health check.
2026-04-17T10:39:09.610+0530 [DEBUG] [org.gradle.launcher.daemon.server.Daemon] Starting periodic daemon health check.
2026-04-17T10:39:09.610+0530 [DEBUG] [org.gradle.cache.internal.DefaultFileLockManager] Waiting to acquire shared lock on daemon addresses registry.
2026-04-17T10:39:09.610+0530 [DEBUG] [org.gradle.cache.internal.DefaultFileLockManager] Lock acquired on daemon addresses registry.
2026-04-17T10:39:09.610+0530 [DEBUG] [org.gradle.cache.internal.DefaultFileLockManager] Releasing lock on daemon addresses registry.
2026-04-17T10:39:09.610+0530 [DEBUG] [org.gradle.cache.internal.DefaultFileLockManager] Waiting to acquire shared lock on daemon addresses registry.
2026-04-17T10:39:09.610+0530 [DEBUG] [org.gradle.cache.internal.DefaultFileLockManager] Lock acquired on daemon addresses registry.
2026-04-17T10:39:09.610+0530 [DEBUG] [org.gradle.cache.internal.DefaultFileLockManager] Releasing lock on daemon addresses registry.
2026-04-17T10:39:09.610+0530 [DEBUG] [org.gradle.launcher.daemon.server.Daemon] Finished periodic daemon health check.
2026-04-17T10:39:19.609+0530 [DEBUG] [org.gradle.launcher.daemon.server.Daemon] Starting periodic daemon health check.
2026-04-17T10:39:19.609+0530 [DEBUG] [org.gradle.cache.internal.DefaultFileLockManager] Waiting to acquire shared lock on daemon addresses registry.
2026-04-17T10:39:19.610+0530 [DEBUG] [org.gradle.cache.internal.DefaultFileLockManager] Lock acquired on daemon addresses registry.
2026-04-17T10:39:19.610+0530 [DEBUG] [org.gradle.cache.internal.DefaultFileLockManager] Releasing lock on daemon addresses registry.
2026-04-17T10:39:19.610+0530 [DEBUG] [org.gradle.cache.internal.DefaultFileLockManager] Waiting to acquire shared lock on daemon addresses registry.
2026-04-17T10:39:19.610+0530 [DEBUG] [org.gradle.cache.internal.DefaultFileLockManager] Lock acquired on daemon addresses registry.
2026-04-17T10:39:19.610+0530 [DEBUG] [org.gradle.cache.internal.DefaultFileLockManager] Releasing lock on daemon addresses registry.
2026-04-17T10:39:19.610+0530 [DEBUG] [org.gradle.launcher.daemon.server.Daemon] Finished periodic daemon health check.
2026-04-17T10:39:29.609+0530 [DEBUG] [org.gradle.launcher.daemon.server.Daemon] Starting periodic daemon health check.
2026-04-17T10:39:29.609+0530 [DEBUG] [org.gradle.cache.internal.DefaultFileLockManager] Waiting to acquire shared lock on daemon addresses registry.
2026-04-17T10:39:29.609+0530 [DEBUG] [org.gradle.cache.internal.DefaultFileLockManager] Lock acquired on daemon addresses registry.
2026-04-17T10:39:29.609+0530 [DEBUG] [org.gradle.cache.internal.DefaultFileLockManager] Releasing lock on daemon addresses registry.
2026-04-17T10:39:29.610+0530 [DEBUG] [org.gradle.cache.internal.DefaultFileLockManager] Waiting to acquire shared lock on daemon addresses registry.
2026-04-17T10:39:29.610+0530 [DEBUG] [org.gradle.cache.internal.DefaultFileLockManager] Lock acquired on daemon addresses registry.
2026-04-17T10:39:29.610+0530 [DEBUG] [org.gradle.cache.internal.DefaultFileLockManager] Releasing lock on daemon addresses registry.
2026-04-17T10:39:29.610+0530 [DEBUG] [org.gradle.launcher.daemon.server.Daemon] Finished periodic daemon health check.
2026-04-17T10:39:39.609+0530 [DEBUG] [org.gradle.launcher.daemon.server.Daemon] Starting periodic daemon health check.
2026-04-17T10:39:39.609+0530 [DEBUG] [org.gradle.cache.internal.DefaultFileLockManager] Waiting to acquire shared lock on daemon addresses registry.
2026-04-17T10:39:39.609+0530 [DEBUG] [org.gradle.cache.internal.DefaultFileLockManager] Lock acquired on daemon addresses registry.
2026-04-17T10:39:39.609+0530 [DEBUG] [org.gradle.cache.internal.DefaultFileLockManager] Releasing lock on daemon addresses registry.
2026-04-17T10:39:39.609+0530 [DEBUG] [org.gradle.cache.internal.DefaultFileLockManager] Waiting to acquire shared lock on daemon addresses registry.
2026-04-17T10:39:39.609+0530 [DEBUG] [org.gradle.cache.internal.DefaultFileLockManager] Lock acquired on daemon addresses registry.
2026-04-17T10:39:39.610+0530 [DEBUG] [org.gradle.cache.internal.DefaultFileLockManager] Releasing lock on daemon addresses registry.
2026-04-17T10:39:39.610+0530 [DEBUG] [org.gradle.launcher.daemon.server.Daemon] Finished periodic daemon health check.
2026-04-17T10:39:49.609+0530 [DEBUG] [org.gradle.launcher.daemon.server.Daemon] Starting periodic daemon health check.
2026-04-17T10:39:49.609+0530 [DEBUG] [org.gradle.cache.internal.DefaultFileLockManager] Waiting to acquire shared lock on daemon addresses registry.
2026-04-17T10:39:49.609+0530 [DEBUG] [org.gradle.cache.internal.DefaultFileLockManager] Lock acquired on daemon addresses registry.
2026-04-17T10:39:49.609+0530 [DEBUG] [org.gradle.cache.internal.DefaultFileLockManager] Releasing lock on daemon addresses registry.
2026-04-17T10:39:49.609+0530 [DEBUG] [org.gradle.cache.internal.DefaultFileLockManager] Waiting to acquire shared lock on daemon addresses registry.
2026-04-17T10:39:49.609+0530 [DEBUG] [org.gradle.cache.internal.DefaultFileLockManager] Lock acquired on daemon addresses registry.
2026-04-17T10:39:49.610+0530 [DEBUG] [org.gradle.cache.internal.DefaultFileLockManager] Releasing lock on daemon addresses registry.
2026-04-17T10:39:49.610+0530 [DEBUG] [org.gradle.launcher.daemon.server.Daemon] Finished periodic daemon health check.
2026-04-17T10:39:59.609+0530 [DEBUG] [org.gradle.launcher.daemon.server.Daemon] Starting periodic daemon health check.
2026-04-17T10:39:59.609+0530 [DEBUG] [org.gradle.cache.internal.DefaultFileLockManager] Waiting to acquire shared lock on daemon addresses registry.
2026-04-17T10:39:59.609+0530 [DEBUG] [org.gradle.cache.internal.DefaultFileLockManager] Lock acquired on daemon addresses registry.
2026-04-17T10:39:59.609+0530 [DEBUG] [org.gradle.cache.internal.DefaultFileLockManager] Releasing lock on daemon addresses registry.
2026-04-17T10:39:59.609+0530 [DEBUG] [org.gradle.cache.internal.DefaultFileLockManager] Waiting to acquire shared lock on daemon addresses registry.
2026-04-17T10:39:59.610+0530 [DEBUG] [org.gradle.cache.internal.DefaultFileLockManager] Lock acquired on daemon addresses registry.
2026-04-17T10:39:59.610+0530 [DEBUG] [org.gradle.cache.internal.DefaultFileLockManager] Releasing lock on daemon addresses registry.
2026-04-17T10:39:59.610+0530 [DEBUG] [org.gradle.launcher.daemon.server.Daemon] Finished periodic daemon health check.
2026-04-17T10:40:09.609+0530 [DEBUG] [org.gradle.launcher.daemon.server.Daemon] Starting periodic daemon health check.
2026-04-17T10:40:09.609+0530 [DEBUG] [org.gradle.cache.internal.DefaultFileLockManager] Waiting to acquire shared lock on daemon addresses registry.
2026-04-17T10:40:09.609+0530 [DEBUG] [org.gradle.cache.internal.DefaultFileLockManager] Lock acquired on daemon addresses registry.
2026-04-17T10:40:09.610+0530 [DEBUG] [org.gradle.cache.internal.DefaultFileLockManager] Releasing lock on daemon addresses registry.
2026-04-17T10:40:09.610+0530 [DEBUG] [org.gradle.cache.internal.DefaultFileLockManager] Waiting to acquire shared lock on daemon addresses registry.
2026-04-17T10:40:09.610+0530 [DEBUG] [org.gradle.cache.internal.DefaultFileLockManager] Lock acquired on daemon addresses registry.
2026-04-17T10:40:09.610+0530 [DEBUG] [org.gradle.cache.internal.DefaultFileLockManager] Releasing lock on daemon addresses registry.
2026-04-17T10:40:09.610+0530 [DEBUG] [org.gradle.launcher.daemon.server.Daemon] Finished periodic daemon health check.
2026-04-17T10:40:19.610+0530 [DEBUG] [org.gradle.launcher.daemon.server.Daemon] Starting periodic daemon health check.
2026-04-17T10:40:19.610+0530 [DEBUG] [org.gradle.cache.internal.DefaultFileLockManager] Waiting to acquire shared lock on daemon addresses registry.
2026-04-17T10:40:19.610+0530 [DEBUG] [org.gradle.cache.internal.DefaultFileLockManager] Lock acquired on daemon addresses registry.
2026-04-17T10:40:19.610+0530 [DEBUG] [org.gradle.cache.internal.DefaultFileLockManager] Releasing lock on daemon addresses registry.
2026-04-17T10:40:19.610+0530 [DEBUG] [org.gradle.cache.internal.DefaultFileLockManager] Waiting to acquire shared lock on daemon addresses registry.
2026-04-17T10:40:19.610+0530 [DEBUG] [org.gradle.cache.internal.DefaultFileLockManager] Lock acquired on daemon addresses registry.
2026-04-17T10:40:19.610+0530 [DEBUG] [org.gradle.cache.internal.DefaultFileLockManager] Releasing lock on daemon addresses registry.
2026-04-17T10:40:19.610+0530 [DEBUG] [org.gradle.launcher.daemon.server.Daemon] Finished periodic daemon health check.
2026-04-17T10:40:29.609+0530 [DEBUG] [org.gradle.launcher.daemon.server.Daemon] Starting periodic daemon health check.
2026-04-17T10:40:29.609+0530 [DEBUG] [org.gradle.cache.internal.DefaultFileLockManager] Waiting to acquire shared lock on daemon addresses registry.
2026-04-17T10:40:29.609+0530 [DEBUG] [org.gradle.cache.internal.DefaultFileLockManager] Lock acquired on daemon addresses registry.
2026-04-17T10:40:29.609+0530 [DEBUG] [org.gradle.cache.internal.DefaultFileLockManager] Releasing lock on daemon addresses registry.
2026-04-17T10:40:29.610+0530 [DEBUG] [org.gradle.cache.internal.DefaultFileLockManager] Waiting to acquire shared lock on daemon addresses registry.
2026-04-17T10:40:29.610+0530 [DEBUG] [org.gradle.cache.internal.DefaultFileLockManager] Lock acquired on daemon addresses registry.
2026-04-17T10:40:29.610+0530 [DEBUG] [org.gradle.cache.internal.DefaultFileLockManager] Releasing lock on daemon addresses registry.
2026-04-17T10:40:29.610+0530 [DEBUG] [org.gradle.launcher.daemon.server.Daemon] Finished periodic daemon health check.
2026-04-17T10:40:39.609+0530 [DEBUG] [org.gradle.launcher.daemon.server.Daemon] Starting periodic daemon health check.
2026-04-17T10:40:39.609+0530 [DEBUG] [org.gradle.cache.internal.DefaultFileLockManager] Waiting to acquire shared lock on daemon addresses registry.
2026-04-17T10:40:39.609+0530 [DEBUG] [org.gradle.cache.internal.DefaultFileLockManager] Lock acquired on daemon addresses registry.
2026-04-17T10:40:39.609+0530 [DEBUG] [org.gradle.cache.internal.DefaultFileLockManager] Releasing lock on daemon addresses registry.
2026-04-17T10:40:39.610+0530 [DEBUG] [org.gradle.cache.internal.DefaultFileLockManager] Waiting to acquire shared lock on daemon addresses registry.
2026-04-17T10:40:39.610+0530 [DEBUG] [org.gradle.cache.internal.DefaultFileLockManager] Lock acquired on daemon addresses registry.
2026-04-17T10:40:39.610+0530 [DEBUG] [org.gradle.cache.internal.DefaultFileLockManager] Releasing lock on daemon addresses registry.
2026-04-17T10:40:39.610+0530 [DEBUG] [org.gradle.launcher.daemon.server.Daemon] Finished periodic daemon health check.
2026-04-17T10:40:49.609+0530 [DEBUG] [org.gradle.launcher.daemon.server.Daemon] Starting periodic daemon health check.
2026-04-17T10:40:49.609+0530 [DEBUG] [org.gradle.cache.internal.DefaultFileLockManager] Waiting to acquire shared lock on daemon addresses registry.
2026-04-17T10:40:49.609+0530 [DEBUG] [org.gradle.cache.internal.DefaultFileLockManager] Lock acquired on daemon addresses registry.
2026-04-17T10:40:49.610+0530 [DEBUG] [org.gradle.cache.internal.DefaultFileLockManager] Releasing lock on daemon addresses registry.
2026-04-17T10:40:49.610+0530 [DEBUG] [org.gradle.cache.internal.DefaultFileLockManager] Waiting to acquire shared lock on daemon addresses registry.
2026-04-17T10:40:49.610+0530 [DEBUG] [org.gradle.cache.internal.DefaultFileLockManager] Lock acquired on daemon addresses registry.
2026-04-17T10:40:49.610+0530 [DEBUG] [org.gradle.cache.internal.DefaultFileLockManager] Releasing lock on daemon addresses registry.
2026-04-17T10:40:49.610+0530 [DEBUG] [org.gradle.launcher.daemon.server.Daemon] Finished periodic daemon health check.
2026-04-17T10:40:59.609+0530 [DEBUG] [org.gradle.launcher.daemon.server.Daemon] Starting periodic daemon health check.
2026-04-17T10:40:59.609+0530 [DEBUG] [org.gradle.cache.internal.DefaultFileLockManager] Waiting to acquire shared lock on daemon addresses registry.
2026-04-17T10:40:59.609+0530 [DEBUG] [org.gradle.cache.internal.DefaultFileLockManager] Lock acquired on daemon addresses registry.
2026-04-17T10:40:59.609+0530 [DEBUG] [org.gradle.cache.internal.DefaultFileLockManager] Releasing lock on daemon addresses registry.
2026-04-17T10:40:59.609+0530 [DEBUG] [org.gradle.cache.internal.DefaultFileLockManager] Waiting to acquire shared lock on daemon addresses registry.
2026-04-17T10:40:59.610+0530 [DEBUG] [org.gradle.cache.internal.DefaultFileLockManager] Lock acquired on daemon addresses registry.
2026-04-17T10:40:59.610+0530 [DEBUG] [org.gradle.cache.internal.DefaultFileLockManager] Releasing lock on daemon addresses registry.
2026-04-17T10:40:59.610+0530 [DEBUG] [org.gradle.launcher.daemon.server.Daemon] Finished periodic daemon health check.
2026-04-17T10:41:09.609+0530 [DEBUG] [org.gradle.launcher.daemon.server.Daemon] Starting periodic daemon health check.
2026-04-17T10:41:09.609+0530 [DEBUG] [org.gradle.cache.internal.DefaultFileLockManager] Waiting to acquire shared lock on daemon addresses registry.
2026-04-17T10:41:09.609+0530 [DEBUG] [org.gradle.cache.internal.DefaultFileLockManager] Lock acquired on daemon addresses registry.
2026-04-17T10:41:09.610+0530 [DEBUG] [org.gradle.cache.internal.DefaultFileLockManager] Releasing lock on daemon addresses registry.
2026-04-17T10:41:09.610+0530 [DEBUG] [org.gradle.cache.internal.DefaultFileLockManager] Waiting to acquire shared lock on daemon addresses registry.
2026-04-17T10:41:09.610+0530 [DEBUG] [org.gradle.cache.internal.DefaultFileLockManager] Lock acquired on daemon addresses registry.
2026-04-17T10:41:09.610+0530 [DEBUG] [org.gradle.cache.internal.DefaultFileLockManager] Releasing lock on daemon addresses registry.
2026-04-17T10:41:09.610+0530 [DEBUG] [org.gradle.launcher.daemon.server.Daemon] Finished periodic daemon health check.
2026-04-17T10:41:19.609+0530 [DEBUG] [org.gradle.launcher.daemon.server.Daemon] Starting periodic daemon health check.
2026-04-17T10:41:19.609+0530 [DEBUG] [org.gradle.cache.internal.DefaultFileLockManager] Waiting to acquire shared lock on daemon addresses registry.
2026-04-17T10:41:19.609+0530 [DEBUG] [org.gradle.cache.internal.DefaultFileLockManager] Lock acquired on daemon addresses registry.
2026-04-17T10:41:19.609+0530 [DEBUG] [org.gradle.cache.internal.DefaultFileLockManager] Releasing lock on daemon addresses registry.
2026-04-17T10:41:19.610+0530 [DEBUG] [org.gradle.cache.internal.DefaultFileLockManager] Waiting to acquire shared lock on daemon addresses registry.
2026-04-17T10:41:19.610+0530 [DEBUG] [org.gradle.cache.internal.DefaultFileLockManager] Lock acquired on daemon addresses registry.
2026-04-17T10:41:19.610+0530 [DEBUG] [org.gradle.cache.internal.DefaultFileLockManager] Releasing lock on daemon addresses registry.
2026-04-17T10:41:19.610+0530 [DEBUG] [org.gradle.launcher.daemon.server.Daemon] Finished periodic daemon health check.
2026-04-17T10:41:29.609+0530 [DEBUG] [org.gradle.launcher.daemon.server.Daemon] Starting periodic daemon health check.
2026-04-17T10:41:29.609+0530 [DEBUG] [org.gradle.cache.internal.DefaultFileLockManager] Waiting to acquire shared lock on daemon addresses registry.
2026-04-17T10:41:29.609+0530 [DEBUG] [org.gradle.cache.internal.DefaultFileLockManager] Lock acquired on daemon addresses registry.
2026-04-17T10:41:29.610+0530 [DEBUG] [org.gradle.cache.internal.DefaultFileLockManager] Releasing lock on daemon addresses registry.
2026-04-17T10:41:29.610+0530 [DEBUG] [org.gradle.cache.internal.DefaultFileLockManager] Waiting to acquire shared lock on daemon addresses registry.
2026-04-17T10:41:29.610+0530 [DEBUG] [org.gradle.cache.internal.DefaultFileLockManager] Lock acquired on daemon addresses registry.
2026-04-17T10:41:29.610+0530 [DEBUG] [org.gradle.cache.internal.DefaultFileLockManager] Releasing lock on daemon addresses registry.
2026-04-17T10:41:29.610+0530 [DEBUG] [org.gradle.launcher.daemon.server.Daemon] Finished periodic daemon health check.
2026-04-17T10:41:39.609+0530 [DEBUG] [org.gradle.launcher.daemon.server.Daemon] Starting periodic daemon health check.
2026-04-17T10:41:39.609+0530 [DEBUG] [org.gradle.cache.internal.DefaultFileLockManager] Waiting to acquire shared lock on daemon addresses registry.
2026-04-17T10:41:39.609+0530 [DEBUG] [org.gradle.cache.internal.DefaultFileLockManager] Lock acquired on daemon addresses registry.
2026-04-17T10:41:39.609+0530 [DEBUG] [org.gradle.cache.internal.DefaultFileLockManager] Releasing lock on daemon addresses registry.
2026-04-17T10:41:39.609+0530 [DEBUG] [org.gradle.cache.internal.DefaultFileLockManager] Waiting to acquire shared lock on daemon addresses registry.
2026-04-17T10:41:39.609+0530 [DEBUG] [org.gradle.cache.internal.DefaultFileLockManager] Lock acquired on daemon addresses registry.
2026-04-17T10:41:39.609+0530 [DEBUG] [org.gradle.cache.internal.DefaultFileLockManager] Releasing lock on daemon addresses registry.
2026-04-17T10:41:39.609+0530 [DEBUG] [org.gradle.launcher.daemon.server.Daemon] Finished periodic daemon health check.
2026-04-17T10:41:49.610+0530 [DEBUG] [org.gradle.launcher.daemon.server.Daemon] Starting periodic daemon health check.
2026-04-17T10:41:49.610+0530 [DEBUG] [org.gradle.cache.internal.DefaultFileLockManager] Waiting to acquire shared lock on daemon addresses registry.
2026-04-17T10:41:49.610+0530 [DEBUG] [org.gradle.cache.internal.DefaultFileLockManager] Lock acquired on daemon addresses registry.
2026-04-17T10:41:49.610+0530 [DEBUG] [org.gradle.cache.internal.DefaultFileLockManager] Releasing lock on daemon addresses registry.
2026-04-17T10:41:49.610+0530 [DEBUG] [org.gradle.cache.internal.DefaultFileLockManager] Waiting to acquire shared lock on daemon addresses registry.
2026-04-17T10:41:49.610+0530 [DEBUG] [org.gradle.cache.internal.DefaultFileLockManager] Lock acquired on daemon addresses registry.
2026-04-17T10:41:49.610+0530 [DEBUG] [org.gradle.cache.internal.DefaultFileLockManager] Releasing lock on daemon addresses registry.
2026-04-17T10:41:49.610+0530 [DEBUG] [org.gradle.launcher.daemon.server.Daemon] Finished periodic daemon health check.
2026-04-17T10:41:59.609+0530 [DEBUG] [org.gradle.launcher.daemon.server.Daemon] Starting periodic daemon health check.
2026-04-17T10:41:59.609+0530 [DEBUG] [org.gradle.cache.internal.DefaultFileLockManager] Waiting to acquire shared lock on daemon addresses registry.
2026-04-17T10:41:59.609+0530 [DEBUG] [org.gradle.cache.internal.DefaultFileLockManager] Lock acquired on daemon addresses registry.
2026-04-17T10:41:59.610+0530 [DEBUG] [org.gradle.cache.internal.DefaultFileLockManager] Releasing lock on daemon addresses registry.
2026-04-17T10:41:59.610+0530 [DEBUG] [org.gradle.cache.internal.DefaultFileLockManager] Waiting to acquire shared lock on daemon addresses registry.
2026-04-17T10:41:59.610+0530 [DEBUG] [org.gradle.cache.internal.DefaultFileLockManager] Lock acquired on daemon addresses registry.
2026-04-17T10:41:59.610+0530 [DEBUG] [org.gradle.cache.internal.DefaultFileLockManager] Releasing lock on daemon addresses registry.
2026-04-17T10:41:59.610+0530 [DEBUG] [org.gradle.launcher.daemon.server.Daemon] Finished periodic daemon health check.
2026-04-17T10:42:09.609+0530 [DEBUG] [org.gradle.launcher.daemon.server.Daemon] Starting periodic daemon health check.
2026-04-17T10:42:09.609+0530 [DEBUG] [org.gradle.cache.internal.DefaultFileLockManager] Waiting to acquire shared lock on daemon addresses registry.
2026-04-17T10:42:09.609+0530 [DEBUG] [org.gradle.cache.internal.DefaultFileLockManager] Lock acquired on daemon addresses registry.
2026-04-17T10:42:09.609+0530 [DEBUG] [org.gradle.cache.internal.DefaultFileLockManager] Releasing lock on daemon addresses registry.
2026-04-17T10:42:09.609+0530 [DEBUG] [org.gradle.cache.internal.DefaultFileLockManager] Waiting to acquire shared lock on daemon addresses registry.
2026-04-17T10:42:09.609+0530 [DEBUG] [org.gradle.cache.internal.DefaultFileLockManager] Lock acquired on daemon addresses registry.
2026-04-17T10:42:09.609+0530 [DEBUG] [org.gradle.cache.internal.DefaultFileLockManager] Releasing lock on daemon addresses registry.
2026-04-17T10:42:09.609+0530 [DEBUG] [org.gradle.launcher.daemon.server.Daemon] Finished periodic daemon health check.
2026-04-17T10:42:19.609+0530 [DEBUG] [org.gradle.launcher.daemon.server.Daemon] Starting periodic daemon health check.
2026-04-17T10:42:19.609+0530 [DEBUG] [org.gradle.cache.internal.DefaultFileLockManager] Waiting to acquire shared lock on daemon addresses registry.
2026-04-17T10:42:19.609+0530 [DEBUG] [org.gradle.cache.internal.DefaultFileLockManager] Lock acquired on daemon addresses registry.
2026-04-17T10:42:19.609+0530 [DEBUG] [org.gradle.cache.internal.DefaultFileLockManager] Releasing lock on daemon addresses registry.
2026-04-17T10:42:19.609+0530 [DEBUG] [org.gradle.cache.internal.DefaultFileLockManager] Waiting to acquire shared lock on daemon addresses registry.
2026-04-17T10:42:19.609+0530 [DEBUG] [org.gradle.cache.internal.DefaultFileLockManager] Lock acquired on daemon addresses registry.
2026-04-17T10:42:19.610+0530 [DEBUG] [org.gradle.cache.internal.DefaultFileLockManager] Releasing lock on daemon addresses registry.
2026-04-17T10:42:19.610+0530 [DEBUG] [org.gradle.launcher.daemon.server.Daemon] Finished periodic daemon health check.
2026-04-17T10:42:29.609+0530 [DEBUG] [org.gradle.launcher.daemon.server.Daemon] Starting periodic daemon health check.
2026-04-17T10:42:29.609+0530 [DEBUG] [org.gradle.cache.internal.DefaultFileLockManager] Waiting to acquire shared lock on daemon addresses registry.
2026-04-17T10:42:29.609+0530 [DEBUG] [org.gradle.cache.internal.DefaultFileLockManager] Lock acquired on daemon addresses registry.
2026-04-17T10:42:29.609+0530 [DEBUG] [org.gradle.cache.internal.DefaultFileLockManager] Releasing lock on daemon addresses registry.
2026-04-17T10:42:29.609+0530 [DEBUG] [org.gradle.cache.internal.DefaultFileLockManager] Waiting to acquire shared lock on daemon addresses registry.
2026-04-17T10:42:29.609+0530 [DEBUG] [org.gradle.cache.internal.DefaultFileLockManager] Lock acquired on daemon addresses registry.
2026-04-17T10:42:29.609+0530 [DEBUG] [org.gradle.cache.internal.DefaultFileLockManager] Releasing lock on daemon addresses registry.
2026-04-17T10:42:29.610+0530 [DEBUG] [org.gradle.launcher.daemon.server.Daemon] Finished periodic daemon health check.
2026-04-17T10:42:39.610+0530 [DEBUG] [org.gradle.launcher.daemon.server.Daemon] Starting periodic daemon health check.
2026-04-17T10:42:39.610+0530 [DEBUG] [org.gradle.cache.internal.DefaultFileLockManager] Waiting to acquire shared lock on daemon addresses registry.
2026-04-17T10:42:39.610+0530 [DEBUG] [org.gradle.cache.internal.DefaultFileLockManager] Lock acquired on daemon addresses registry.
2026-04-17T10:42:39.610+0530 [DEBUG] [org.gradle.cache.internal.DefaultFileLockManager] Releasing lock on daemon addresses registry.
2026-04-17T10:42:39.610+0530 [DEBUG] [org.gradle.cache.internal.DefaultFileLockManager] Waiting to acquire shared lock on daemon addresses registry.
2026-04-17T10:42:39.610+0530 [DEBUG] [org.gradle.cache.internal.DefaultFileLockManager] Lock acquired on daemon addresses registry.
2026-04-17T10:42:39.610+0530 [DEBUG] [org.gradle.cache.internal.DefaultFileLockManager] Releasing lock on daemon addresses registry.
2026-04-17T10:42:39.610+0530 [DEBUG] [org.gradle.launcher.daemon.server.Daemon] Finished periodic daemon health check.
2026-04-17T10:42:49.609+0530 [DEBUG] [org.gradle.launcher.daemon.server.Daemon] Starting periodic daemon health check.
2026-04-17T10:42:49.609+0530 [DEBUG] [org.gradle.cache.internal.DefaultFileLockManager] Waiting to acquire shared lock on daemon addresses registry.
2026-04-17T10:42:49.609+0530 [DEBUG] [org.gradle.cache.internal.DefaultFileLockManager] Lock acquired on daemon addresses registry.
2026-04-17T10:42:49.609+0530 [DEBUG] [org.gradle.cache.internal.DefaultFileLockManager] Releasing lock on daemon addresses registry.
2026-04-17T10:42:49.609+0530 [DEBUG] [org.gradle.cache.internal.DefaultFileLockManager] Waiting to acquire shared lock on daemon addresses registry.
2026-04-17T10:42:49.609+0530 [DEBUG] [org.gradle.cache.internal.DefaultFileLockManager] Lock acquired on daemon addresses registry.
2026-04-17T10:42:49.609+0530 [DEBUG] [org.gradle.cache.internal.DefaultFileLockManager] Releasing lock on daemon addresses registry.
2026-04-17T10:42:49.610+0530 [DEBUG] [org.gradle.launcher.daemon.server.Daemon] Finished periodic daemon health check.
2026-04-17T10:42:59.609+0530 [DEBUG] [org.gradle.launcher.daemon.server.Daemon] Starting periodic daemon health check.
2026-04-17T10:42:59.609+0530 [DEBUG] [org.gradle.cache.internal.DefaultFileLockManager] Waiting to acquire shared lock on daemon addresses registry.
2026-04-17T10:42:59.609+0530 [DEBUG] [org.gradle.cache.internal.DefaultFileLockManager] Lock acquired on daemon addresses registry.
2026-04-17T10:42:59.609+0530 [DEBUG] [org.gradle.cache.internal.DefaultFileLockManager] Releasing lock on daemon addresses registry.
2026-04-17T10:42:59.610+0530 [DEBUG] [org.gradle.cache.internal.DefaultFileLockManager] Waiting to acquire shared lock on daemon addresses registry.
2026-04-17T10:42:59.610+0530 [DEBUG] [org.gradle.cache.internal.DefaultFileLockManager] Lock acquired on daemon addresses registry.
2026-04-17T10:42:59.610+0530 [DEBUG] [org.gradle.cache.internal.DefaultFileLockManager] Releasing lock on daemon addresses registry.
2026-04-17T10:42:59.610+0530 [DEBUG] [org.gradle.launcher.daemon.server.Daemon] Finished periodic daemon health check.
2026-04-17T10:43:09.610+0530 [DEBUG] [org.gradle.launcher.daemon.server.Daemon] Starting periodic daemon health check.
2026-04-17T10:43:09.610+0530 [DEBUG] [org.gradle.cache.internal.DefaultFileLockManager] Waiting to acquire shared lock on daemon addresses registry.
2026-04-17T10:43:09.610+0530 [DEBUG] [org.gradle.cache.internal.DefaultFileLockManager] Lock acquired on daemon addresses registry.
2026-04-17T10:43:09.610+0530 [DEBUG] [org.gradle.cache.internal.DefaultFileLockManager] Releasing lock on daemon addresses registry.
2026-04-17T10:43:09.610+0530 [DEBUG] [org.gradle.cache.internal.DefaultFileLockManager] Waiting to acquire shared lock on daemon addresses registry.
2026-04-17T10:43:09.610+0530 [DEBUG] [org.gradle.cache.internal.DefaultFileLockManager] Lock acquired on daemon addresses registry.
2026-04-17T10:43:09.610+0530 [DEBUG] [org.gradle.cache.internal.DefaultFileLockManager] Releasing lock on daemon addresses registry.
2026-04-17T10:43:09.610+0530 [DEBUG] [org.gradle.launcher.daemon.server.Daemon] Finished periodic daemon health check.
2026-04-17T10:43:19.609+0530 [DEBUG] [org.gradle.launcher.daemon.server.Daemon] Starting periodic daemon health check.
2026-04-17T10:43:19.609+0530 [DEBUG] [org.gradle.cache.internal.DefaultFileLockManager] Waiting to acquire shared lock on daemon addresses registry.
2026-04-17T10:43:19.609+0530 [DEBUG] [org.gradle.cache.internal.DefaultFileLockManager] Lock acquired on daemon addresses registry.
2026-04-17T10:43:19.609+0530 [DEBUG] [org.gradle.cache.internal.DefaultFileLockManager] Releasing lock on daemon addresses registry.
2026-04-17T10:43:19.610+0530 [DEBUG] [org.gradle.cache.internal.DefaultFileLockManager] Waiting to acquire shared lock on daemon addresses registry.
2026-04-17T10:43:19.610+0530 [DEBUG] [org.gradle.cache.internal.DefaultFileLockManager] Lock acquired on daemon addresses registry.
2026-04-17T10:43:19.610+0530 [DEBUG] [org.gradle.cache.internal.DefaultFileLockManager] Releasing lock on daemon addresses registry.
2026-04-17T10:43:19.610+0530 [DEBUG] [org.gradle.launcher.daemon.server.Daemon] Finished periodic daemon health check.
2026-04-17T10:43:29.610+0530 [DEBUG] [org.gradle.launcher.daemon.server.Daemon] Starting periodic daemon health check.
2026-04-17T10:43:29.610+0530 [DEBUG] [org.gradle.cache.internal.DefaultFileLockManager] Waiting to acquire shared lock on daemon addresses registry.
2026-04-17T10:43:29.610+0530 [DEBUG] [org.gradle.cache.internal.DefaultFileLockManager] Lock acquired on daemon addresses registry.
2026-04-17T10:43:29.610+0530 [DEBUG] [org.gradle.cache.internal.DefaultFileLockManager] Releasing lock on daemon addresses registry.
2026-04-17T10:43:29.610+0530 [DEBUG] [org.gradle.cache.internal.DefaultFileLockManager] Waiting to acquire shared lock on daemon addresses registry.
2026-04-17T10:43:29.610+0530 [DEBUG] [org.gradle.cache.internal.DefaultFileLockManager] Lock acquired on daemon addresses registry.
2026-04-17T10:43:29.610+0530 [DEBUG] [org.gradle.cache.internal.DefaultFileLockManager] Releasing lock on daemon addresses registry.
2026-04-17T10:43:29.610+0530 [DEBUG] [org.gradle.launcher.daemon.server.Daemon] Finished periodic daemon health check.
2026-04-17T10:43:39.609+0530 [DEBUG] [org.gradle.launcher.daemon.server.Daemon] Starting periodic daemon health check.
2026-04-17T10:43:39.609+0530 [DEBUG] [org.gradle.cache.internal.DefaultFileLockManager] Waiting to acquire shared lock on daemon addresses registry.
2026-04-17T10:43:39.609+0530 [DEBUG] [org.gradle.cache.internal.DefaultFileLockManager] Lock acquired on daemon addresses registry.
2026-04-17T10:43:39.609+0530 [DEBUG] [org.gradle.cache.internal.DefaultFileLockManager] Releasing lock on daemon addresses registry.
2026-04-17T10:43:39.610+0530 [DEBUG] [org.gradle.cache.internal.DefaultFileLockManager] Waiting to acquire shared lock on daemon addresses registry.
2026-04-17T10:43:39.610+0530 [DEBUG] [org.gradle.cache.internal.DefaultFileLockManager] Lock acquired on daemon addresses registry.
2026-04-17T10:43:39.610+0530 [DEBUG] [org.gradle.cache.internal.DefaultFileLockManager] Releasing lock on daemon addresses registry.
2026-04-17T10:43:39.610+0530 [DEBUG] [org.gradle.launcher.daemon.server.Daemon] Finished periodic daemon health check.
2026-04-17T10:43:49.609+0530 [DEBUG] [org.gradle.launcher.daemon.server.Daemon] Starting periodic daemon health check.
2026-04-17T10:43:49.609+0530 [DEBUG] [org.gradle.cache.internal.DefaultFileLockManager] Waiting to acquire shared lock on daemon addresses registry.
2026-04-17T10:43:49.609+0530 [DEBUG] [org.gradle.cache.internal.DefaultFileLockManager] Lock acquired on daemon addresses registry.
2026-04-17T10:43:49.609+0530 [DEBUG] [org.gradle.cache.internal.DefaultFileLockManager] Releasing lock on daemon addresses registry.
2026-04-17T10:43:49.609+0530 [DEBUG] [org.gradle.cache.internal.DefaultFileLockManager] Waiting to acquire shared lock on daemon addresses registry.
2026-04-17T10:43:49.609+0530 [DEBUG] [org.gradle.cache.internal.DefaultFileLockManager] Lock acquired on daemon addresses registry.
2026-04-17T10:43:49.609+0530 [DEBUG] [org.gradle.cache.internal.DefaultFileLockManager] Releasing lock on daemon addresses registry.
2026-04-17T10:43:49.609+0530 [DEBUG] [org.gradle.launcher.daemon.server.Daemon] Finished periodic daemon health check.
2026-04-17T10:43:59.609+0530 [DEBUG] [org.gradle.launcher.daemon.server.Daemon] Starting periodic daemon health check.
2026-04-17T10:43:59.609+0530 [DEBUG] [org.gradle.cache.internal.DefaultFileLockManager] Waiting to acquire shared lock on daemon addresses registry.
2026-04-17T10:43:59.609+0530 [DEBUG] [org.gradle.cache.internal.DefaultFileLockManager] Lock acquired on daemon addresses registry.
2026-04-17T10:43:59.609+0530 [DEBUG] [org.gradle.cache.internal.DefaultFileLockManager] Releasing lock on daemon addresses registry.
2026-04-17T10:43:59.610+0530 [DEBUG] [org.gradle.cache.internal.DefaultFileLockManager] Waiting to acquire shared lock on daemon addresses registry.
2026-04-17T10:43:59.610+0530 [DEBUG] [org.gradle.cache.internal.DefaultFileLockManager] Lock acquired on daemon addresses registry.
2026-04-17T10:43:59.610+0530 [DEBUG] [org.gradle.cache.internal.DefaultFileLockManager] Releasing lock on daemon addresses registry.
2026-04-17T10:43:59.610+0530 [DEBUG] [org.gradle.launcher.daemon.server.Daemon] Finished periodic daemon health check.
2026-04-17T10:44:09.609+0530 [DEBUG] [org.gradle.launcher.daemon.server.Daemon] Starting periodic daemon health check.
2026-04-17T10:44:09.609+0530 [DEBUG] [org.gradle.cache.internal.DefaultFileLockManager] Waiting to acquire shared lock on daemon addresses registry.
2026-04-17T10:44:09.609+0530 [DEBUG] [org.gradle.cache.internal.DefaultFileLockManager] Lock acquired on daemon addresses registry.
2026-04-17T10:44:09.609+0530 [DEBUG] [org.gradle.cache.internal.DefaultFileLockManager] Releasing lock on daemon addresses registry.
2026-04-17T10:44:09.609+0530 [DEBUG] [org.gradle.cache.internal.DefaultFileLockManager] Waiting to acquire shared lock on daemon addresses registry.
2026-04-17T10:44:09.609+0530 [DEBUG] [org.gradle.cache.internal.DefaultFileLockManager] Lock acquired on daemon addresses registry.
2026-04-17T10:44:09.609+0530 [DEBUG] [org.gradle.cache.internal.DefaultFileLockManager] Releasing lock on daemon addresses registry.
2026-04-17T10:44:09.609+0530 [DEBUG] [org.gradle.launcher.daemon.server.Daemon] Finished periodic daemon health check.
2026-04-17T10:44:19.609+0530 [DEBUG] [org.gradle.launcher.daemon.server.Daemon] Starting periodic daemon health check.
2026-04-17T10:44:19.609+0530 [DEBUG] [org.gradle.cache.internal.DefaultFileLockManager] Waiting to acquire shared lock on daemon addresses registry.
2026-04-17T10:44:19.609+0530 [DEBUG] [org.gradle.cache.internal.DefaultFileLockManager] Lock acquired on daemon addresses registry.
2026-04-17T10:44:19.609+0530 [DEBUG] [org.gradle.cache.internal.DefaultFileLockManager] Releasing lock on daemon addresses registry.
2026-04-17T10:44:19.609+0530 [DEBUG] [org.gradle.cache.internal.DefaultFileLockManager] Waiting to acquire shared lock on daemon addresses registry.
2026-04-17T10:44:19.609+0530 [DEBUG] [org.gradle.cache.internal.DefaultFileLockManager] Lock acquired on daemon addresses registry.
2026-04-17T10:44:19.610+0530 [DEBUG] [org.gradle.cache.internal.DefaultFileLockManager] Releasing lock on daemon addresses registry.
2026-04-17T10:44:19.610+0530 [DEBUG] [org.gradle.launcher.daemon.server.Daemon] Finished periodic daemon health check.
2026-04-17T10:44:29.609+0530 [DEBUG] [org.gradle.launcher.daemon.server.Daemon] Starting periodic daemon health check.
2026-04-17T10:44:29.609+0530 [DEBUG] [org.gradle.cache.internal.DefaultFileLockManager] Waiting to acquire shared lock on daemon addresses registry.
2026-04-17T10:44:29.609+0530 [DEBUG] [org.gradle.cache.internal.DefaultFileLockManager] Lock acquired on daemon addresses registry.
2026-04-17T10:44:29.609+0530 [DEBUG] [org.gradle.cache.internal.DefaultFileLockManager] Releasing lock on daemon addresses registry.
2026-04-17T10:44:29.610+0530 [DEBUG] [org.gradle.cache.internal.DefaultFileLockManager] Waiting to acquire shared lock on daemon addresses registry.
2026-04-17T10:44:29.610+0530 [DEBUG] [org.gradle.cache.internal.DefaultFileLockManager] Lock acquired on daemon addresses registry.
2026-04-17T10:44:29.610+0530 [DEBUG] [org.gradle.cache.internal.DefaultFileLockManager] Releasing lock on daemon addresses registry.
2026-04-17T10:44:29.610+0530 [DEBUG] [org.gradle.launcher.daemon.server.Daemon] Finished periodic daemon health check.
2026-04-17T10:44:39.609+0530 [DEBUG] [org.gradle.launcher.daemon.server.Daemon] Starting periodic daemon health check.
2026-04-17T10:44:39.609+0530 [DEBUG] [org.gradle.cache.internal.DefaultFileLockManager] Waiting to acquire shared lock on daemon addresses registry.
2026-04-17T10:44:39.609+0530 [DEBUG] [org.gradle.cache.internal.DefaultFileLockManager] Lock acquired on daemon addresses registry.
2026-04-17T10:44:39.609+0530 [DEBUG] [org.gradle.cache.internal.DefaultFileLockManager] Releasing lock on daemon addresses registry.
2026-04-17T10:44:39.610+0530 [DEBUG] [org.gradle.cache.internal.DefaultFileLockManager] Waiting to acquire shared lock on daemon addresses registry.
2026-04-17T10:44:39.610+0530 [DEBUG] [org.gradle.cache.internal.DefaultFileLockManager] Lock acquired on daemon addresses registry.
2026-04-17T10:44:39.610+0530 [DEBUG] [org.gradle.cache.internal.DefaultFileLockManager] Releasing lock on daemon addresses registry.
2026-04-17T10:44:39.610+0530 [DEBUG] [org.gradle.launcher.daemon.server.Daemon] Finished periodic daemon health check.
2026-04-17T10:44:49.609+0530 [DEBUG] [org.gradle.launcher.daemon.server.Daemon] Starting periodic daemon health check.
2026-04-17T10:44:49.609+0530 [DEBUG] [org.gradle.cache.internal.DefaultFileLockManager] Waiting to acquire shared lock on daemon addresses registry.
2026-04-17T10:44:49.609+0530 [DEBUG] [org.gradle.cache.internal.DefaultFileLockManager] Lock acquired on daemon addresses registry.
2026-04-17T10:44:49.610+0530 [DEBUG] [org.gradle.cache.internal.DefaultFileLockManager] Releasing lock on daemon addresses registry.
2026-04-17T10:44:49.610+0530 [DEBUG] [org.gradle.cache.internal.DefaultFileLockManager] Waiting to acquire shared lock on daemon addresses registry.
2026-04-17T10:44:49.610+0530 [DEBUG] [org.gradle.cache.internal.DefaultFileLockManager] Lock acquired on daemon addresses registry.
2026-04-17T10:44:49.610+0530 [DEBUG] [org.gradle.cache.internal.DefaultFileLockManager] Releasing lock on daemon addresses registry.
2026-04-17T10:44:49.610+0530 [DEBUG] [org.gradle.launcher.daemon.server.Daemon] Finished periodic daemon health check.
2026-04-17T10:44:59.609+0530 [DEBUG] [org.gradle.launcher.daemon.server.Daemon] Starting periodic daemon health check.
2026-04-17T10:44:59.609+0530 [DEBUG] [org.gradle.cache.internal.DefaultFileLockManager] Waiting to acquire shared lock on daemon addresses registry.
2026-04-17T10:44:59.609+0530 [DEBUG] [org.gradle.cache.internal.DefaultFileLockManager] Lock acquired on daemon addresses registry.
2026-04-17T10:44:59.609+0530 [DEBUG] [org.gradle.cache.internal.DefaultFileLockManager] Releasing lock on daemon addresses registry.
2026-04-17T10:44:59.609+0530 [DEBUG] [org.gradle.cache.internal.DefaultFileLockManager] Waiting to acquire shared lock on daemon addresses registry.
2026-04-17T10:44:59.609+0530 [DEBUG] [org.gradle.cache.internal.DefaultFileLockManager] Lock acquired on daemon addresses registry.
2026-04-17T10:44:59.610+0530 [DEBUG] [org.gradle.cache.internal.DefaultFileLockManager] Releasing lock on daemon addresses registry.
2026-04-17T10:44:59.610+0530 [DEBUG] [org.gradle.launcher.daemon.server.Daemon] Finished periodic daemon health check.
2026-04-17T10:45:09.609+0530 [DEBUG] [org.gradle.launcher.daemon.server.Daemon] Starting periodic daemon health check.
2026-04-17T10:45:09.609+0530 [DEBUG] [org.gradle.cache.internal.DefaultFileLockManager] Waiting to acquire shared lock on daemon addresses registry.
2026-04-17T10:45:09.610+0530 [DEBUG] [org.gradle.cache.internal.DefaultFileLockManager] Lock acquired on daemon addresses registry.
2026-04-17T10:45:09.610+0530 [DEBUG] [org.gradle.cache.internal.DefaultFileLockManager] Releasing lock on daemon addresses registry.
2026-04-17T10:45:09.610+0530 [DEBUG] [org.gradle.cache.internal.DefaultFileLockManager] Waiting to acquire shared lock on daemon addresses registry.
2026-04-17T10:45:09.610+0530 [DEBUG] [org.gradle.cache.internal.DefaultFileLockManager] Lock acquired on daemon addresses registry.
2026-04-17T10:45:09.610+0530 [DEBUG] [org.gradle.cache.internal.DefaultFileLockManager] Releasing lock on daemon addresses registry.
2026-04-17T10:45:09.610+0530 [DEBUG] [org.gradle.launcher.daemon.server.Daemon] Finished periodic daemon health check.
2026-04-17T10:45:19.609+0530 [DEBUG] [org.gradle.launcher.daemon.server.Daemon] Starting periodic daemon health check.
2026-04-17T10:45:19.609+0530 [DEBUG] [org.gradle.cache.internal.DefaultFileLockManager] Waiting to acquire shared lock on daemon addresses registry.
2026-04-17T10:45:19.609+0530 [DEBUG] [org.gradle.cache.internal.DefaultFileLockManager] Lock acquired on daemon addresses registry.
2026-04-17T10:45:19.609+0530 [DEBUG] [org.gradle.cache.internal.DefaultFileLockManager] Releasing lock on daemon addresses registry.
2026-04-17T10:45:19.610+0530 [DEBUG] [org.gradle.cache.internal.DefaultFileLockManager] Waiting to acquire shared lock on daemon addresses registry.
2026-04-17T10:45:19.610+0530 [DEBUG] [org.gradle.cache.internal.DefaultFileLockManager] Lock acquired on daemon addresses registry.
2026-04-17T10:45:19.610+0530 [DEBUG] [org.gradle.cache.internal.DefaultFileLockManager] Releasing lock on daemon addresses registry.
2026-04-17T10:45:19.610+0530 [DEBUG] [org.gradle.launcher.daemon.server.Daemon] Finished periodic daemon health check.
2026-04-17T10:45:29.609+0530 [DEBUG] [org.gradle.launcher.daemon.server.Daemon] Starting periodic daemon health check.
2026-04-17T10:45:29.609+0530 [DEBUG] [org.gradle.cache.internal.DefaultFileLockManager] Waiting to acquire shared lock on daemon addresses registry.
2026-04-17T10:45:29.609+0530 [DEBUG] [org.gradle.cache.internal.DefaultFileLockManager] Lock acquired on daemon addresses registry.
2026-04-17T10:45:29.610+0530 [DEBUG] [org.gradle.cache.internal.DefaultFileLockManager] Releasing lock on daemon addresses registry.
2026-04-17T10:45:29.610+0530 [DEBUG] [org.gradle.cache.internal.DefaultFileLockManager] Waiting to acquire shared lock on daemon addresses registry.
2026-04-17T10:45:29.610+0530 [DEBUG] [org.gradle.cache.internal.DefaultFileLockManager] Lock acquired on daemon addresses registry.
2026-04-17T10:45:29.610+0530 [DEBUG] [org.gradle.cache.internal.DefaultFileLockManager] Releasing lock on daemon addresses registry.
2026-04-17T10:45:29.610+0530 [DEBUG] [org.gradle.launcher.daemon.server.Daemon] Finished periodic daemon health check.
2026-04-17T10:45:39.609+0530 [DEBUG] [org.gradle.launcher.daemon.server.Daemon] Starting periodic daemon health check.
2026-04-17T10:45:39.609+0530 [DEBUG] [org.gradle.cache.internal.DefaultFileLockManager] Waiting to acquire shared lock on daemon addresses registry.
2026-04-17T10:45:39.609+0530 [DEBUG] [org.gradle.cache.internal.DefaultFileLockManager] Lock acquired on daemon addresses registry.
2026-04-17T10:45:39.609+0530 [DEBUG] [org.gradle.cache.internal.DefaultFileLockManager] Releasing lock on daemon addresses registry.
2026-04-17T10:45:39.609+0530 [DEBUG] [org.gradle.cache.internal.DefaultFileLockManager] Waiting to acquire shared lock on daemon addresses registry.
2026-04-17T10:45:39.610+0530 [DEBUG] [org.gradle.cache.internal.DefaultFileLockManager] Lock acquired on daemon addresses registry.
2026-04-17T10:45:39.610+0530 [DEBUG] [org.gradle.cache.internal.DefaultFileLockManager] Releasing lock on daemon addresses registry.
2026-04-17T10:45:39.610+0530 [DEBUG] [org.gradle.launcher.daemon.server.Daemon] Finished periodic daemon health check.
2026-04-17T10:45:49.609+0530 [DEBUG] [org.gradle.launcher.daemon.server.Daemon] Starting periodic daemon health check.
2026-04-17T10:45:49.609+0530 [DEBUG] [org.gradle.cache.internal.DefaultFileLockManager] Waiting to acquire shared lock on daemon addresses registry.
2026-04-17T10:45:49.609+0530 [DEBUG] [org.gradle.cache.internal.DefaultFileLockManager] Lock acquired on daemon addresses registry.
2026-04-17T10:45:49.609+0530 [DEBUG] [org.gradle.cache.internal.DefaultFileLockManager] Releasing lock on daemon addresses registry.
2026-04-17T10:45:49.609+0530 [DEBUG] [org.gradle.cache.internal.DefaultFileLockManager] Waiting to acquire shared lock on daemon addresses registry.
2026-04-17T10:45:49.609+0530 [DEBUG] [org.gradle.cache.internal.DefaultFileLockManager] Lock acquired on daemon addresses registry.
2026-04-17T10:45:49.610+0530 [DEBUG] [org.gradle.cache.internal.DefaultFileLockManager] Releasing lock on daemon addresses registry.
2026-04-17T10:45:49.610+0530 [DEBUG] [org.gradle.launcher.daemon.server.Daemon] Finished periodic daemon health check.
2026-04-17T10:45:59.609+0530 [DEBUG] [org.gradle.launcher.daemon.server.Daemon] Starting periodic daemon health check.
2026-04-17T10:45:59.609+0530 [DEBUG] [org.gradle.cache.internal.DefaultFileLockManager] Waiting to acquire shared lock on daemon addresses registry.
2026-04-17T10:45:59.609+0530 [DEBUG] [org.gradle.cache.internal.DefaultFileLockManager] Lock acquired on daemon addresses registry.
2026-04-17T10:45:59.610+0530 [DEBUG] [org.gradle.cache.internal.DefaultFileLockManager] Releasing lock on daemon addresses registry.
2026-04-17T10:45:59.610+0530 [DEBUG] [org.gradle.cache.internal.DefaultFileLockManager] Waiting to acquire shared lock on daemon addresses registry.
2026-04-17T10:45:59.610+0530 [DEBUG] [org.gradle.cache.internal.DefaultFileLockManager] Lock acquired on daemon addresses registry.
2026-04-17T10:45:59.610+0530 [DEBUG] [org.gradle.cache.internal.DefaultFileLockManager] Releasing lock on daemon addresses registry.
2026-04-17T10:45:59.610+0530 [DEBUG] [org.gradle.launcher.daemon.server.Daemon] Finished periodic daemon health check.
2026-04-17T10:46:10.519+0530 [DEBUG] [org.gradle.launcher.daemon.server.Daemon] Starting periodic daemon health check.
2026-04-17T10:46:10.519+0530 [DEBUG] [org.gradle.cache.internal.DefaultFileLockManager] Waiting to acquire shared lock on daemon addresses registry.
2026-04-17T10:46:10.519+0530 [DEBUG] [org.gradle.cache.internal.DefaultFileLockManager] Lock acquired on daemon addresses registry.
2026-04-17T10:46:10.519+0530 [DEBUG] [org.gradle.cache.internal.DefaultFileLockManager] Releasing lock on daemon addresses registry.
2026-04-17T10:46:10.519+0530 [DEBUG] [org.gradle.cache.internal.DefaultFileLockManager] Waiting to acquire shared lock on daemon addresses registry.
2026-04-17T10:46:10.519+0530 [DEBUG] [org.gradle.cache.internal.DefaultFileLockManager] Lock acquired on daemon addresses registry.
2026-04-17T10:46:10.519+0530 [DEBUG] [org.gradle.cache.internal.DefaultFileLockManager] Releasing lock on daemon addresses registry.
2026-04-17T10:46:10.519+0530 [DEBUG] [org.gradle.launcher.daemon.server.Daemon] Finished periodic daemon health check.
2026-04-17T10:46:20.519+0530 [DEBUG] [org.gradle.launcher.daemon.server.Daemon] Starting periodic daemon health check.
2026-04-17T10:46:20.519+0530 [DEBUG] [org.gradle.cache.internal.DefaultFileLockManager] Waiting to acquire shared lock on daemon addresses registry.
2026-04-17T10:46:20.519+0530 [DEBUG] [org.gradle.cache.internal.DefaultFileLockManager] Lock acquired on daemon addresses registry.
2026-04-17T10:46:20.519+0530 [DEBUG] [org.gradle.cache.internal.DefaultFileLockManager] Releasing lock on daemon addresses registry.
2026-04-17T10:46:20.519+0530 [DEBUG] [org.gradle.cache.internal.DefaultFileLockManager] Waiting to acquire shared lock on daemon addresses registry.
2026-04-17T10:46:20.519+0530 [DEBUG] [org.gradle.cache.internal.DefaultFileLockManager] Lock acquired on daemon addresses registry.
2026-04-17T10:46:20.519+0530 [DEBUG] [org.gradle.cache.internal.DefaultFileLockManager] Releasing lock on daemon addresses registry.
2026-04-17T10:46:20.519+0530 [DEBUG] [org.gradle.launcher.daemon.server.Daemon] Finished periodic daemon health check.
2026-04-17T10:46:30.519+0530 [DEBUG] [org.gradle.launcher.daemon.server.Daemon] Starting periodic daemon health check.
2026-04-17T10:46:30.519+0530 [DEBUG] [org.gradle.cache.internal.DefaultFileLockManager] Waiting to acquire shared lock on daemon addresses registry.
2026-04-17T10:46:30.519+0530 [DEBUG] [org.gradle.cache.internal.DefaultFileLockManager] Lock acquired on daemon addresses registry.
2026-04-17T10:46:30.519+0530 [DEBUG] [org.gradle.cache.internal.DefaultFileLockManager] Releasing lock on daemon addresses registry.
2026-04-17T10:46:30.519+0530 [DEBUG] [org.gradle.cache.internal.DefaultFileLockManager] Waiting to acquire shared lock on daemon addresses registry.
2026-04-17T10:46:30.519+0530 [DEBUG] [org.gradle.cache.internal.DefaultFileLockManager] Lock acquired on daemon addresses registry.
2026-04-17T10:46:30.519+0530 [DEBUG] [org.gradle.cache.internal.DefaultFileLockManager] Releasing lock on daemon addresses registry.
2026-04-17T10:46:30.519+0530 [DEBUG] [org.gradle.launcher.daemon.server.Daemon] Finished periodic daemon health check.
2026-04-17T10:46:40.519+0530 [DEBUG] [org.gradle.launcher.daemon.server.Daemon] Starting periodic daemon health check.
2026-04-17T10:46:40.519+0530 [DEBUG] [org.gradle.cache.internal.DefaultFileLockManager] Waiting to acquire shared lock on daemon addresses registry.
2026-04-17T10:46:40.519+0530 [DEBUG] [org.gradle.cache.internal.DefaultFileLockManager] Lock acquired on daemon addresses registry.
2026-04-17T10:46:40.519+0530 [DEBUG] [org.gradle.cache.internal.DefaultFileLockManager] Releasing lock on daemon addresses registry.
2026-04-17T10:46:40.519+0530 [DEBUG] [org.gradle.cache.internal.DefaultFileLockManager] Waiting to acquire shared lock on daemon addresses registry.
2026-04-17T10:46:40.519+0530 [DEBUG] [org.gradle.cache.internal.DefaultFileLockManager] Lock acquired on daemon addresses registry.
2026-04-17T10:46:40.519+0530 [DEBUG] [org.gradle.cache.internal.DefaultFileLockManager] Releasing lock on daemon addresses registry.
2026-04-17T10:46:40.519+0530 [DEBUG] [org.gradle.launcher.daemon.server.Daemon] Finished periodic daemon health check.
2026-04-17T10:46:50.519+0530 [DEBUG] [org.gradle.launcher.daemon.server.Daemon] Starting periodic daemon health check.
2026-04-17T10:46:50.519+0530 [DEBUG] [org.gradle.cache.internal.DefaultFileLockManager] Waiting to acquire shared lock on daemon addresses registry.
2026-04-17T10:46:50.519+0530 [DEBUG] [org.gradle.cache.internal.DefaultFileLockManager] Lock acquired on daemon addresses registry.
2026-04-17T10:46:50.519+0530 [DEBUG] [org.gradle.cache.internal.DefaultFileLockManager] Releasing lock on daemon addresses registry.
2026-04-17T10:46:50.519+0530 [DEBUG] [org.gradle.cache.internal.DefaultFileLockManager] Waiting to acquire shared lock on daemon addresses registry.
2026-04-17T10:46:50.519+0530 [DEBUG] [org.gradle.cache.internal.DefaultFileLockManager] Lock acquired on daemon addresses registry.
2026-04-17T10:46:50.519+0530 [DEBUG] [org.gradle.cache.internal.DefaultFileLockManager] Releasing lock on daemon addresses registry.
2026-04-17T10:46:50.520+0530 [DEBUG] [org.gradle.launcher.daemon.server.Daemon] Finished periodic daemon health check.
2026-04-17T10:47:00.519+0530 [DEBUG] [org.gradle.launcher.daemon.server.Daemon] Starting periodic daemon health check.
2026-04-17T10:47:00.519+0530 [DEBUG] [org.gradle.cache.internal.DefaultFileLockManager] Waiting to acquire shared lock on daemon addresses registry.
2026-04-17T10:47:00.519+0530 [DEBUG] [org.gradle.cache.internal.DefaultFileLockManager] Lock acquired on daemon addresses registry.
2026-04-17T10:47:00.519+0530 [DEBUG] [org.gradle.cache.internal.DefaultFileLockManager] Releasing lock on daemon addresses registry.
2026-04-17T10:47:00.519+0530 [DEBUG] [org.gradle.cache.internal.DefaultFileLockManager] Waiting to acquire shared lock on daemon addresses registry.
2026-04-17T10:47:00.520+0530 [DEBUG] [org.gradle.cache.internal.DefaultFileLockManager] Lock acquired on daemon addresses registry.
2026-04-17T10:47:00.520+0530 [DEBUG] [org.gradle.cache.internal.DefaultFileLockManager] Releasing lock on daemon addresses registry.
2026-04-17T10:47:00.520+0530 [DEBUG] [org.gradle.launcher.daemon.server.Daemon] Finished periodic daemon health check.
2026-04-17T10:47:10.519+0530 [DEBUG] [org.gradle.launcher.daemon.server.Daemon] Starting periodic daemon health check.
2026-04-17T10:47:10.519+0530 [DEBUG] [org.gradle.cache.internal.DefaultFileLockManager] Waiting to acquire shared lock on daemon addresses registry.
2026-04-17T10:47:10.519+0530 [DEBUG] [org.gradle.cache.internal.DefaultFileLockManager] Lock acquired on daemon addresses registry.
2026-04-17T10:47:10.519+0530 [DEBUG] [org.gradle.cache.internal.DefaultFileLockManager] Releasing lock on daemon addresses registry.
2026-04-17T10:47:10.519+0530 [DEBUG] [org.gradle.cache.internal.DefaultFileLockManager] Waiting to acquire shared lock on daemon addresses registry.
2026-04-17T10:47:10.519+0530 [DEBUG] [org.gradle.cache.internal.DefaultFileLockManager] Lock acquired on daemon addresses registry.
2026-04-17T10:47:10.519+0530 [DEBUG] [org.gradle.cache.internal.DefaultFileLockManager] Releasing lock on daemon addresses registry.
2026-04-17T10:47:10.520+0530 [DEBUG] [org.gradle.launcher.daemon.server.Daemon] Finished periodic daemon health check.
2026-04-17T10:47:20.519+0530 [DEBUG] [org.gradle.launcher.daemon.server.Daemon] Starting periodic daemon health check.
2026-04-17T10:47:20.519+0530 [DEBUG] [org.gradle.cache.internal.DefaultFileLockManager] Waiting to acquire shared lock on daemon addresses registry.
2026-04-17T10:47:20.519+0530 [DEBUG] [org.gradle.cache.internal.DefaultFileLockManager] Lock acquired on daemon addresses registry.
2026-04-17T10:47:20.519+0530 [DEBUG] [org.gradle.cache.internal.DefaultFileLockManager] Releasing lock on daemon addresses registry.
2026-04-17T10:47:20.519+0530 [DEBUG] [org.gradle.cache.internal.DefaultFileLockManager] Waiting to acquire shared lock on daemon addresses registry.
2026-04-17T10:47:20.519+0530 [DEBUG] [org.gradle.cache.internal.DefaultFileLockManager] Lock acquired on daemon addresses registry.
2026-04-17T10:47:20.520+0530 [DEBUG] [org.gradle.cache.internal.DefaultFileLockManager] Releasing lock on daemon addresses registry.
2026-04-17T10:47:20.520+0530 [DEBUG] [org.gradle.launcher.daemon.server.Daemon] Finished periodic daemon health check.
2026-04-17T10:47:30.519+0530 [DEBUG] [org.gradle.launcher.daemon.server.Daemon] Starting periodic daemon health check.
2026-04-17T10:47:30.519+0530 [DEBUG] [org.gradle.cache.internal.DefaultFileLockManager] Waiting to acquire shared lock on daemon addresses registry.
2026-04-17T10:47:30.519+0530 [DEBUG] [org.gradle.cache.internal.DefaultFileLockManager] Lock acquired on daemon addresses registry.
2026-04-17T10:47:30.519+0530 [DEBUG] [org.gradle.cache.internal.DefaultFileLockManager] Releasing lock on daemon addresses registry.
2026-04-17T10:47:30.519+0530 [DEBUG] [org.gradle.cache.internal.DefaultFileLockManager] Waiting to acquire shared lock on daemon addresses registry.
2026-04-17T10:47:30.519+0530 [DEBUG] [org.gradle.cache.internal.DefaultFileLockManager] Lock acquired on daemon addresses registry.
2026-04-17T10:47:30.519+0530 [DEBUG] [org.gradle.cache.internal.DefaultFileLockManager] Releasing lock on daemon addresses registry.
2026-04-17T10:47:30.519+0530 [DEBUG] [org.gradle.launcher.daemon.server.Daemon] Finished periodic daemon health check.
2026-04-17T10:47:40.519+0530 [DEBUG] [org.gradle.launcher.daemon.server.Daemon] Starting periodic daemon health check.
2026-04-17T10:47:40.519+0530 [DEBUG] [org.gradle.cache.internal.DefaultFileLockManager] Waiting to acquire shared lock on daemon addresses registry.
2026-04-17T10:47:40.519+0530 [DEBUG] [org.gradle.cache.internal.DefaultFileLockManager] Lock acquired on daemon addresses registry.
2026-04-17T10:47:40.519+0530 [DEBUG] [org.gradle.cache.internal.DefaultFileLockManager] Releasing lock on daemon addresses registry.
2026-04-17T10:47:40.519+0530 [DEBUG] [org.gradle.cache.internal.DefaultFileLockManager] Waiting to acquire shared lock on daemon addresses registry.
2026-04-17T10:47:40.519+0530 [DEBUG] [org.gradle.cache.internal.DefaultFileLockManager] Lock acquired on daemon addresses registry.
2026-04-17T10:47:40.519+0530 [DEBUG] [org.gradle.cache.internal.DefaultFileLockManager] Releasing lock on daemon addresses registry.
2026-04-17T10:47:40.519+0530 [DEBUG] [org.gradle.launcher.daemon.server.Daemon] Finished periodic daemon health check.
2026-04-17T10:47:50.519+0530 [DEBUG] [org.gradle.launcher.daemon.server.Daemon] Starting periodic daemon health check.
2026-04-17T10:47:50.519+0530 [DEBUG] [org.gradle.cache.internal.DefaultFileLockManager] Waiting to acquire shared lock on daemon addresses registry.
2026-04-17T10:47:50.519+0530 [DEBUG] [org.gradle.cache.internal.DefaultFileLockManager] Lock acquired on daemon addresses registry.
2026-04-17T10:47:50.519+0530 [DEBUG] [org.gradle.cache.internal.DefaultFileLockManager] Releasing lock on daemon addresses registry.
2026-04-17T10:47:50.519+0530 [DEBUG] [org.gradle.cache.internal.DefaultFileLockManager] Waiting to acquire shared lock on daemon addresses registry.
2026-04-17T10:47:50.519+0530 [DEBUG] [org.gradle.cache.internal.DefaultFileLockManager] Lock acquired on daemon addresses registry.
2026-04-17T10:47:50.519+0530 [DEBUG] [org.gradle.cache.internal.DefaultFileLockManager] Releasing lock on daemon addresses registry.
2026-04-17T10:47:50.519+0530 [DEBUG] [org.gradle.launcher.daemon.server.Daemon] Finished periodic daemon health check.
2026-04-17T10:48:00.519+0530 [DEBUG] [org.gradle.launcher.daemon.server.Daemon] Starting periodic daemon health check.
2026-04-17T10:48:00.519+0530 [DEBUG] [org.gradle.cache.internal.DefaultFileLockManager] Waiting to acquire shared lock on daemon addresses registry.
2026-04-17T10:48:00.519+0530 [DEBUG] [org.gradle.cache.internal.DefaultFileLockManager] Lock acquired on daemon addresses registry.
2026-04-17T10:48:00.519+0530 [DEBUG] [org.gradle.cache.internal.DefaultFileLockManager] Releasing lock on daemon addresses registry.
2026-04-17T10:48:00.519+0530 [DEBUG] [org.gradle.cache.internal.DefaultFileLockManager] Waiting to acquire shared lock on daemon addresses registry.
2026-04-17T10:48:00.519+0530 [DEBUG] [org.gradle.cache.internal.DefaultFileLockManager] Lock acquired on daemon addresses registry.
2026-04-17T10:48:00.519+0530 [DEBUG] [org.gradle.cache.internal.DefaultFileLockManager] Releasing lock on daemon addresses registry.
2026-04-17T10:48:00.519+0530 [DEBUG] [org.gradle.launcher.daemon.server.Daemon] Finished periodic daemon health check.
2026-04-17T10:48:10.519+0530 [DEBUG] [org.gradle.launcher.daemon.server.Daemon] Starting periodic daemon health check.
2026-04-17T10:48:10.519+0530 [DEBUG] [org.gradle.cache.internal.DefaultFileLockManager] Waiting to acquire shared lock on daemon addresses registry.
2026-04-17T10:48:10.519+0530 [DEBUG] [org.gradle.cache.internal.DefaultFileLockManager] Lock acquired on daemon addresses registry.
2026-04-17T10:48:10.519+0530 [DEBUG] [org.gradle.cache.internal.DefaultFileLockManager] Releasing lock on daemon addresses registry.
2026-04-17T10:48:10.520+0530 [DEBUG] [org.gradle.cache.internal.DefaultFileLockManager] Waiting to acquire shared lock on daemon addresses registry.
2026-04-17T10:48:10.520+0530 [DEBUG] [org.gradle.cache.internal.DefaultFileLockManager] Lock acquired on daemon addresses registry.
2026-04-17T10:48:10.520+0530 [DEBUG] [org.gradle.cache.internal.DefaultFileLockManager] Releasing lock on daemon addresses registry.
2026-04-17T10:48:10.520+0530 [DEBUG] [org.gradle.launcher.daemon.server.Daemon] Finished periodic daemon health check.
2026-04-17T10:48:20.519+0530 [DEBUG] [org.gradle.launcher.daemon.server.Daemon] Starting periodic daemon health check.
2026-04-17T10:48:20.519+0530 [DEBUG] [org.gradle.cache.internal.DefaultFileLockManager] Waiting to acquire shared lock on daemon addresses registry.
2026-04-17T10:48:20.519+0530 [DEBUG] [org.gradle.cache.internal.DefaultFileLockManager] Lock acquired on daemon addresses registry.
2026-04-17T10:48:20.519+0530 [DEBUG] [org.gradle.cache.internal.DefaultFileLockManager] Releasing lock on daemon addresses registry.
2026-04-17T10:48:20.519+0530 [DEBUG] [org.gradle.cache.internal.DefaultFileLockManager] Waiting to acquire shared lock on daemon addresses registry.
2026-04-17T10:48:20.519+0530 [DEBUG] [org.gradle.cache.internal.DefaultFileLockManager] Lock acquired on daemon addresses registry.
2026-04-17T10:48:20.519+0530 [DEBUG] [org.gradle.cache.internal.DefaultFileLockManager] Releasing lock on daemon addresses registry.
2026-04-17T10:48:20.519+0530 [DEBUG] [org.gradle.launcher.daemon.server.Daemon] Finished periodic daemon health check.
2026-04-17T10:48:30.519+0530 [DEBUG] [org.gradle.launcher.daemon.server.Daemon] Starting periodic daemon health check.
2026-04-17T10:48:30.519+0530 [DEBUG] [org.gradle.cache.internal.DefaultFileLockManager] Waiting to acquire shared lock on daemon addresses registry.
2026-04-17T10:48:30.519+0530 [DEBUG] [org.gradle.cache.internal.DefaultFileLockManager] Lock acquired on daemon addresses registry.
2026-04-17T10:48:30.519+0530 [DEBUG] [org.gradle.cache.internal.DefaultFileLockManager] Releasing lock on daemon addresses registry.
2026-04-17T10:48:30.520+0530 [DEBUG] [org.gradle.cache.internal.DefaultFileLockManager] Waiting to acquire shared lock on daemon addresses registry.
2026-04-17T10:48:30.520+0530 [DEBUG] [org.gradle.cache.internal.DefaultFileLockManager] Lock acquired on daemon addresses registry.
2026-04-17T10:48:30.520+0530 [DEBUG] [org.gradle.cache.internal.DefaultFileLockManager] Releasing lock on daemon addresses registry.
2026-04-17T10:48:30.520+0530 [DEBUG] [org.gradle.launcher.daemon.server.Daemon] Finished periodic daemon health check.
2026-04-17T10:48:40.520+0530 [DEBUG] [org.gradle.launcher.daemon.server.Daemon] Starting periodic daemon health check.
2026-04-17T10:48:40.520+0530 [DEBUG] [org.gradle.cache.internal.DefaultFileLockManager] Waiting to acquire shared lock on daemon addresses registry.
2026-04-17T10:48:40.520+0530 [DEBUG] [org.gradle.cache.internal.DefaultFileLockManager] Lock acquired on daemon addresses registry.
2026-04-17T10:48:40.520+0530 [DEBUG] [org.gradle.cache.internal.DefaultFileLockManager] Releasing lock on daemon addresses registry.
2026-04-17T10:48:40.520+0530 [DEBUG] [org.gradle.cache.internal.DefaultFileLockManager] Waiting to acquire shared lock on daemon addresses registry.
2026-04-17T10:48:40.520+0530 [DEBUG] [org.gradle.cache.internal.DefaultFileLockManager] Lock acquired on daemon addresses registry.
2026-04-17T10:48:40.520+0530 [DEBUG] [org.gradle.cache.internal.DefaultFileLockManager] Releasing lock on daemon addresses registry.
2026-04-17T10:48:40.520+0530 [DEBUG] [org.gradle.launcher.daemon.server.Daemon] Finished periodic daemon health check.
2026-04-17T10:48:50.519+0530 [DEBUG] [org.gradle.launcher.daemon.server.Daemon] Starting periodic daemon health check.
2026-04-17T10:48:50.520+0530 [DEBUG] [org.gradle.cache.internal.DefaultFileLockManager] Waiting to acquire shared lock on daemon addresses registry.
2026-04-17T10:48:50.520+0530 [DEBUG] [org.gradle.cache.internal.DefaultFileLockManager] Lock acquired on daemon addresses registry.
2026-04-17T10:48:50.520+0530 [DEBUG] [org.gradle.cache.internal.DefaultFileLockManager] Releasing lock on daemon addresses registry.
2026-04-17T10:48:50.520+0530 [DEBUG] [org.gradle.cache.internal.DefaultFileLockManager] Waiting to acquire shared lock on daemon addresses registry.
2026-04-17T10:48:50.520+0530 [DEBUG] [org.gradle.cache.internal.DefaultFileLockManager] Lock acquired on daemon addresses registry.
2026-04-17T10:48:50.520+0530 [DEBUG] [org.gradle.cache.internal.DefaultFileLockManager] Releasing lock on daemon addresses registry.
2026-04-17T10:48:50.520+0530 [DEBUG] [org.gradle.launcher.daemon.server.Daemon] Finished periodic daemon health check.
2026-04-17T10:49:00.519+0530 [DEBUG] [org.gradle.launcher.daemon.server.Daemon] Starting periodic daemon health check.
2026-04-17T10:49:00.519+0530 [DEBUG] [org.gradle.cache.internal.DefaultFileLockManager] Waiting to acquire shared lock on daemon addresses registry.
2026-04-17T10:49:00.519+0530 [DEBUG] [org.gradle.cache.internal.DefaultFileLockManager] Lock acquired on daemon addresses registry.
2026-04-17T10:49:00.519+0530 [DEBUG] [org.gradle.cache.internal.DefaultFileLockManager] Releasing lock on daemon addresses registry.
2026-04-17T10:49:00.519+0530 [DEBUG] [org.gradle.cache.internal.DefaultFileLockManager] Waiting to acquire shared lock on daemon addresses registry.
2026-04-17T10:49:00.519+0530 [DEBUG] [org.gradle.cache.internal.DefaultFileLockManager] Lock acquired on daemon addresses registry.
2026-04-17T10:49:00.519+0530 [DEBUG] [org.gradle.cache.internal.DefaultFileLockManager] Releasing lock on daemon addresses registry.
2026-04-17T10:49:00.519+0530 [DEBUG] [org.gradle.launcher.daemon.server.Daemon] Finished periodic daemon health check.
2026-04-17T10:49:10.519+0530 [DEBUG] [org.gradle.launcher.daemon.server.Daemon] Starting periodic daemon health check.
2026-04-17T10:49:10.519+0530 [DEBUG] [org.gradle.cache.internal.DefaultFileLockManager] Waiting to acquire shared lock on daemon addresses registry.
2026-04-17T10:49:10.519+0530 [DEBUG] [org.gradle.cache.internal.DefaultFileLockManager] Lock acquired on daemon addresses registry.
2026-04-17T10:49:10.519+0530 [DEBUG] [org.gradle.cache.internal.DefaultFileLockManager] Releasing lock on daemon addresses registry.
2026-04-17T10:49:10.519+0530 [DEBUG] [org.gradle.cache.internal.DefaultFileLockManager] Waiting to acquire shared lock on daemon addresses registry.
2026-04-17T10:49:10.519+0530 [DEBUG] [org.gradle.cache.internal.DefaultFileLockManager] Lock acquired on daemon addresses registry.
2026-04-17T10:49:10.519+0530 [DEBUG] [org.gradle.cache.internal.DefaultFileLockManager] Releasing lock on daemon addresses registry.
2026-04-17T10:49:10.519+0530 [DEBUG] [org.gradle.launcher.daemon.server.Daemon] Finished periodic daemon health check.
2026-04-17T10:49:20.519+0530 [DEBUG] [org.gradle.launcher.daemon.server.Daemon] Starting periodic daemon health check.
2026-04-17T10:49:20.519+0530 [DEBUG] [org.gradle.cache.internal.DefaultFileLockManager] Waiting to acquire shared lock on daemon addresses registry.
2026-04-17T10:49:20.519+0530 [DEBUG] [org.gradle.cache.internal.DefaultFileLockManager] Lock acquired on daemon addresses registry.
2026-04-17T10:49:20.519+0530 [DEBUG] [org.gradle.cache.internal.DefaultFileLockManager] Releasing lock on daemon addresses registry.
2026-04-17T10:49:20.520+0530 [DEBUG] [org.gradle.cache.internal.DefaultFileLockManager] Waiting to acquire shared lock on daemon addresses registry.
2026-04-17T10:49:20.520+0530 [DEBUG] [org.gradle.cache.internal.DefaultFileLockManager] Lock acquired on daemon addresses registry.
2026-04-17T10:49:20.520+0530 [DEBUG] [org.gradle.cache.internal.DefaultFileLockManager] Releasing lock on daemon addresses registry.
2026-04-17T10:49:20.520+0530 [DEBUG] [org.gradle.launcher.daemon.server.Daemon] Finished periodic daemon health check.
2026-04-17T10:49:30.519+0530 [DEBUG] [org.gradle.launcher.daemon.server.Daemon] Starting periodic daemon health check.
2026-04-17T10:49:30.519+0530 [DEBUG] [org.gradle.cache.internal.DefaultFileLockManager] Waiting to acquire shared lock on daemon addresses registry.
2026-04-17T10:49:30.519+0530 [DEBUG] [org.gradle.cache.internal.DefaultFileLockManager] Lock acquired on daemon addresses registry.
2026-04-17T10:49:30.519+0530 [DEBUG] [org.gradle.cache.internal.DefaultFileLockManager] Releasing lock on daemon addresses registry.
2026-04-17T10:49:30.519+0530 [DEBUG] [org.gradle.cache.internal.DefaultFileLockManager] Waiting to acquire shared lock on daemon addresses registry.
2026-04-17T10:49:30.519+0530 [DEBUG] [org.gradle.cache.internal.DefaultFileLockManager] Lock acquired on daemon addresses registry.
2026-04-17T10:49:30.519+0530 [DEBUG] [org.gradle.cache.internal.DefaultFileLockManager] Releasing lock on daemon addresses registry.
2026-04-17T10:49:30.520+0530 [DEBUG] [org.gradle.launcher.daemon.server.Daemon] Finished periodic daemon health check.
2026-04-17T10:49:40.519+0530 [DEBUG] [org.gradle.launcher.daemon.server.Daemon] Starting periodic daemon health check.
2026-04-17T10:49:40.519+0530 [DEBUG] [org.gradle.cache.internal.DefaultFileLockManager] Waiting to acquire shared lock on daemon addresses registry.
2026-04-17T10:49:40.519+0530 [DEBUG] [org.gradle.cache.internal.DefaultFileLockManager] Lock acquired on daemon addresses registry.
2026-04-17T10:49:40.519+0530 [DEBUG] [org.gradle.cache.internal.DefaultFileLockManager] Releasing lock on daemon addresses registry.
2026-04-17T10:49:40.519+0530 [DEBUG] [org.gradle.cache.internal.DefaultFileLockManager] Waiting to acquire shared lock on daemon addresses registry.
2026-04-17T10:49:40.519+0530 [DEBUG] [org.gradle.cache.internal.DefaultFileLockManager] Lock acquired on daemon addresses registry.
2026-04-17T10:49:40.519+0530 [DEBUG] [org.gradle.cache.internal.DefaultFileLockManager] Releasing lock on daemon addresses registry.
2026-04-17T10:49:40.519+0530 [DEBUG] [org.gradle.launcher.daemon.server.Daemon] Finished periodic daemon health check.
2026-04-17T10:49:50.519+0530 [DEBUG] [org.gradle.launcher.daemon.server.Daemon] Starting periodic daemon health check.
2026-04-17T10:49:50.519+0530 [DEBUG] [org.gradle.cache.internal.DefaultFileLockManager] Waiting to acquire shared lock on daemon addresses registry.
2026-04-17T10:49:50.519+0530 [DEBUG] [org.gradle.cache.internal.DefaultFileLockManager] Lock acquired on daemon addresses registry.
2026-04-17T10:49:50.519+0530 [DEBUG] [org.gradle.cache.internal.DefaultFileLockManager] Releasing lock on daemon addresses registry.
2026-04-17T10:49:50.519+0530 [DEBUG] [org.gradle.cache.internal.DefaultFileLockManager] Waiting to acquire shared lock on daemon addresses registry.
2026-04-17T10:49:50.519+0530 [DEBUG] [org.gradle.cache.internal.DefaultFileLockManager] Lock acquired on daemon addresses registry.
2026-04-17T10:49:50.519+0530 [DEBUG] [org.gradle.cache.internal.DefaultFileLockManager] Releasing lock on daemon addresses registry.
2026-04-17T10:49:50.519+0530 [DEBUG] [org.gradle.launcher.daemon.server.Daemon] Finished periodic daemon health check.
2026-04-17T10:50:00.519+0530 [DEBUG] [org.gradle.launcher.daemon.server.Daemon] Starting periodic daemon health check.
2026-04-17T10:50:00.519+0530 [DEBUG] [org.gradle.cache.internal.DefaultFileLockManager] Waiting to acquire shared lock on daemon addresses registry.
2026-04-17T10:50:00.519+0530 [DEBUG] [org.gradle.cache.internal.DefaultFileLockManager] Lock acquired on daemon addresses registry.
2026-04-17T10:50:00.519+0530 [DEBUG] [org.gradle.cache.internal.DefaultFileLockManager] Releasing lock on daemon addresses registry.
2026-04-17T10:50:00.519+0530 [DEBUG] [org.gradle.cache.internal.DefaultFileLockManager] Waiting to acquire shared lock on daemon addresses registry.
2026-04-17T10:50:00.519+0530 [DEBUG] [org.gradle.cache.internal.DefaultFileLockManager] Lock acquired on daemon addresses registry.
2026-04-17T10:50:00.519+0530 [DEBUG] [org.gradle.cache.internal.DefaultFileLockManager] Releasing lock on daemon addresses registry.
2026-04-17T10:50:00.519+0530 [DEBUG] [org.gradle.launcher.daemon.server.Daemon] Finished periodic daemon health check.
2026-04-17T10:50:10.519+0530 [DEBUG] [org.gradle.launcher.daemon.server.Daemon] Starting periodic daemon health check.
2026-04-17T10:50:10.519+0530 [DEBUG] [org.gradle.cache.internal.DefaultFileLockManager] Waiting to acquire shared lock on daemon addresses registry.
2026-04-17T10:50:10.519+0530 [DEBUG] [org.gradle.cache.internal.DefaultFileLockManager] Lock acquired on daemon addresses registry.
2026-04-17T10:50:10.519+0530 [DEBUG] [org.gradle.cache.internal.DefaultFileLockManager] Releasing lock on daemon addresses registry.
2026-04-17T10:50:10.519+0530 [DEBUG] [org.gradle.cache.internal.DefaultFileLockManager] Waiting to acquire shared lock on daemon addresses registry.
2026-04-17T10:50:10.519+0530 [DEBUG] [org.gradle.cache.internal.DefaultFileLockManager] Lock acquired on daemon addresses registry.
2026-04-17T10:50:10.519+0530 [DEBUG] [org.gradle.cache.internal.DefaultFileLockManager] Releasing lock on daemon addresses registry.
2026-04-17T10:50:10.519+0530 [DEBUG] [org.gradle.launcher.daemon.server.Daemon] Finished periodic daemon health check.
2026-04-17T10:50:20.519+0530 [DEBUG] [org.gradle.launcher.daemon.server.Daemon] Starting periodic daemon health check.
2026-04-17T10:50:20.519+0530 [DEBUG] [org.gradle.cache.internal.DefaultFileLockManager] Waiting to acquire shared lock on daemon addresses registry.
2026-04-17T10:50:20.519+0530 [DEBUG] [org.gradle.cache.internal.DefaultFileLockManager] Lock acquired on daemon addresses registry.
2026-04-17T10:50:20.519+0530 [DEBUG] [org.gradle.cache.internal.DefaultFileLockManager] Releasing lock on daemon addresses registry.
2026-04-17T10:50:20.519+0530 [DEBUG] [org.gradle.cache.internal.DefaultFileLockManager] Waiting to acquire shared lock on daemon addresses registry.
2026-04-17T10:50:20.519+0530 [DEBUG] [org.gradle.cache.internal.DefaultFileLockManager] Lock acquired on daemon addresses registry.
2026-04-17T10:50:20.519+0530 [DEBUG] [org.gradle.cache.internal.DefaultFileLockManager] Releasing lock on daemon addresses registry.
2026-04-17T10:50:20.519+0530 [DEBUG] [org.gradle.launcher.daemon.server.Daemon] Finished periodic daemon health check.
2026-04-17T10:50:30.519+0530 [DEBUG] [org.gradle.launcher.daemon.server.Daemon] Starting periodic daemon health check.
2026-04-17T10:50:30.519+0530 [DEBUG] [org.gradle.cache.internal.DefaultFileLockManager] Waiting to acquire shared lock on daemon addresses registry.
2026-04-17T10:50:30.519+0530 [DEBUG] [org.gradle.cache.internal.DefaultFileLockManager] Lock acquired on daemon addresses registry.
2026-04-17T10:50:30.519+0530 [DEBUG] [org.gradle.cache.internal.DefaultFileLockManager] Releasing lock on daemon addresses registry.
2026-04-17T10:50:30.519+0530 [DEBUG] [org.gradle.cache.internal.DefaultFileLockManager] Waiting to acquire shared lock on daemon addresses registry.
2026-04-17T10:50:30.519+0530 [DEBUG] [org.gradle.cache.internal.DefaultFileLockManager] Lock acquired on daemon addresses registry.
2026-04-17T10:50:30.519+0530 [DEBUG] [org.gradle.cache.internal.DefaultFileLockManager] Releasing lock on daemon addresses registry.
2026-04-17T10:50:30.520+0530 [DEBUG] [org.gradle.launcher.daemon.server.Daemon] Finished periodic daemon health check.
2026-04-17T10:50:40.519+0530 [DEBUG] [org.gradle.launcher.daemon.server.Daemon] Starting periodic daemon health check.
2026-04-17T10:50:40.519+0530 [DEBUG] [org.gradle.cache.internal.DefaultFileLockManager] Waiting to acquire shared lock on daemon addresses registry.
2026-04-17T10:50:40.519+0530 [DEBUG] [org.gradle.cache.internal.DefaultFileLockManager] Lock acquired on daemon addresses registry.
2026-04-17T10:50:40.519+0530 [DEBUG] [org.gradle.cache.internal.DefaultFileLockManager] Releasing lock on daemon addresses registry.
2026-04-17T10:50:40.519+0530 [DEBUG] [org.gradle.cache.internal.DefaultFileLockManager] Waiting to acquire shared lock on daemon addresses registry.
2026-04-17T10:50:40.519+0530 [DEBUG] [org.gradle.cache.internal.DefaultFileLockManager] Lock acquired on daemon addresses registry.
2026-04-17T10:50:40.519+0530 [DEBUG] [org.gradle.cache.internal.DefaultFileLockManager] Releasing lock on daemon addresses registry.
2026-04-17T10:50:40.519+0530 [DEBUG] [org.gradle.launcher.daemon.server.Daemon] Finished periodic daemon health check.
2026-04-17T10:50:50.519+0530 [DEBUG] [org.gradle.launcher.daemon.server.Daemon] Starting periodic daemon health check.
2026-04-17T10:50:50.519+0530 [DEBUG] [org.gradle.cache.internal.DefaultFileLockManager] Waiting to acquire shared lock on daemon addresses registry.
2026-04-17T10:50:50.519+0530 [DEBUG] [org.gradle.cache.internal.DefaultFileLockManager] Lock acquired on daemon addresses registry.
2026-04-17T10:50:50.519+0530 [DEBUG] [org.gradle.cache.internal.DefaultFileLockManager] Releasing lock on daemon addresses registry.
2026-04-17T10:50:50.519+0530 [DEBUG] [org.gradle.cache.internal.DefaultFileLockManager] Waiting to acquire shared lock on daemon addresses registry.
2026-04-17T10:50:50.519+0530 [DEBUG] [org.gradle.cache.internal.DefaultFileLockManager] Lock acquired on daemon addresses registry.
2026-04-17T10:50:50.519+0530 [DEBUG] [org.gradle.cache.internal.DefaultFileLockManager] Releasing lock on daemon addresses registry.
2026-04-17T10:50:50.520+0530 [DEBUG] [org.gradle.launcher.daemon.server.Daemon] Finished periodic daemon health check.
2026-04-17T10:51:00.519+0530 [DEBUG] [org.gradle.launcher.daemon.server.Daemon] Starting periodic daemon health check.
2026-04-17T10:51:00.519+0530 [DEBUG] [org.gradle.cache.internal.DefaultFileLockManager] Waiting to acquire shared lock on daemon addresses registry.
2026-04-17T10:51:00.519+0530 [DEBUG] [org.gradle.cache.internal.DefaultFileLockManager] Lock acquired on daemon addresses registry.
2026-04-17T10:51:00.519+0530 [DEBUG] [org.gradle.cache.internal.DefaultFileLockManager] Releasing lock on daemon addresses registry.
2026-04-17T10:51:00.520+0530 [DEBUG] [org.gradle.cache.internal.DefaultFileLockManager] Waiting to acquire shared lock on daemon addresses registry.
2026-04-17T10:51:00.520+0530 [DEBUG] [org.gradle.cache.internal.DefaultFileLockManager] Lock acquired on daemon addresses registry.
2026-04-17T10:51:00.520+0530 [DEBUG] [org.gradle.cache.internal.DefaultFileLockManager] Releasing lock on daemon addresses registry.
2026-04-17T10:51:00.520+0530 [DEBUG] [org.gradle.launcher.daemon.server.Daemon] Finished periodic daemon health check.
2026-04-17T10:51:10.519+0530 [DEBUG] [org.gradle.launcher.daemon.server.Daemon] Starting periodic daemon health check.
2026-04-17T10:51:10.519+0530 [DEBUG] [org.gradle.cache.internal.DefaultFileLockManager] Waiting to acquire shared lock on daemon addresses registry.
2026-04-17T10:51:10.519+0530 [DEBUG] [org.gradle.cache.internal.DefaultFileLockManager] Lock acquired on daemon addresses registry.
2026-04-17T10:51:10.519+0530 [DEBUG] [org.gradle.cache.internal.DefaultFileLockManager] Releasing lock on daemon addresses registry.
2026-04-17T10:51:10.519+0530 [DEBUG] [org.gradle.cache.internal.DefaultFileLockManager] Waiting to acquire shared lock on daemon addresses registry.
2026-04-17T10:51:10.519+0530 [DEBUG] [org.gradle.cache.internal.DefaultFileLockManager] Lock acquired on daemon addresses registry.
2026-04-17T10:51:10.520+0530 [DEBUG] [org.gradle.cache.internal.DefaultFileLockManager] Releasing lock on daemon addresses registry.
2026-04-17T10:51:10.520+0530 [DEBUG] [org.gradle.launcher.daemon.server.Daemon] Finished periodic daemon health check.
2026-04-17T10:51:20.519+0530 [DEBUG] [org.gradle.launcher.daemon.server.Daemon] Starting periodic daemon health check.
2026-04-17T10:51:20.519+0530 [DEBUG] [org.gradle.cache.internal.DefaultFileLockManager] Waiting to acquire shared lock on daemon addresses registry.
2026-04-17T10:51:20.519+0530 [DEBUG] [org.gradle.cache.internal.DefaultFileLockManager] Lock acquired on daemon addresses registry.
2026-04-17T10:51:20.520+0530 [DEBUG] [org.gradle.cache.internal.DefaultFileLockManager] Releasing lock on daemon addresses registry.
2026-04-17T10:51:20.520+0530 [DEBUG] [org.gradle.cache.internal.DefaultFileLockManager] Waiting to acquire shared lock on daemon addresses registry.
2026-04-17T10:51:20.520+0530 [DEBUG] [org.gradle.cache.internal.DefaultFileLockManager] Lock acquired on daemon addresses registry.
2026-04-17T10:51:20.520+0530 [DEBUG] [org.gradle.cache.internal.DefaultFileLockManager] Releasing lock on daemon addresses registry.
2026-04-17T10:51:20.520+0530 [DEBUG] [org.gradle.launcher.daemon.server.Daemon] Finished periodic daemon health check.
2026-04-17T10:51:30.519+0530 [DEBUG] [org.gradle.launcher.daemon.server.Daemon] Starting periodic daemon health check.
2026-04-17T10:51:30.519+0530 [DEBUG] [org.gradle.cache.internal.DefaultFileLockManager] Waiting to acquire shared lock on daemon addresses registry.
2026-04-17T10:51:30.519+0530 [DEBUG] [org.gradle.cache.internal.DefaultFileLockManager] Lock acquired on daemon addresses registry.
2026-04-17T10:51:30.519+0530 [DEBUG] [org.gradle.cache.internal.DefaultFileLockManager] Releasing lock on daemon addresses registry.
2026-04-17T10:51:30.519+0530 [DEBUG] [org.gradle.cache.internal.DefaultFileLockManager] Waiting to acquire shared lock on daemon addresses registry.
2026-04-17T10:51:30.519+0530 [DEBUG] [org.gradle.cache.internal.DefaultFileLockManager] Lock acquired on daemon addresses registry.
2026-04-17T10:51:30.519+0530 [DEBUG] [org.gradle.cache.internal.DefaultFileLockManager] Releasing lock on daemon addresses registry.
2026-04-17T10:51:30.519+0530 [DEBUG] [org.gradle.launcher.daemon.server.Daemon] Finished periodic daemon health check.
2026-04-17T10:51:40.519+0530 [DEBUG] [org.gradle.launcher.daemon.server.Daemon] Starting periodic daemon health check.
2026-04-17T10:51:40.519+0530 [DEBUG] [org.gradle.cache.internal.DefaultFileLockManager] Waiting to acquire shared lock on daemon addresses registry.
2026-04-17T10:51:40.519+0530 [DEBUG] [org.gradle.cache.internal.DefaultFileLockManager] Lock acquired on daemon addresses registry.
2026-04-17T10:51:40.519+0530 [DEBUG] [org.gradle.cache.internal.DefaultFileLockManager] Releasing lock on daemon addresses registry.
2026-04-17T10:51:40.520+0530 [DEBUG] [org.gradle.cache.internal.DefaultFileLockManager] Waiting to acquire shared lock on daemon addresses registry.
2026-04-17T10:51:40.520+0530 [DEBUG] [org.gradle.cache.internal.DefaultFileLockManager] Lock acquired on daemon addresses registry.
2026-04-17T10:51:40.520+0530 [DEBUG] [org.gradle.cache.internal.DefaultFileLockManager] Releasing lock on daemon addresses registry.
2026-04-17T10:51:40.520+0530 [DEBUG] [org.gradle.launcher.daemon.server.Daemon] Finished periodic daemon health check.
2026-04-17T10:51:50.519+0530 [DEBUG] [org.gradle.launcher.daemon.server.Daemon] Starting periodic daemon health check.
2026-04-17T10:51:50.519+0530 [DEBUG] [org.gradle.cache.internal.DefaultFileLockManager] Waiting to acquire shared lock on daemon addresses registry.
2026-04-17T10:51:50.519+0530 [DEBUG] [org.gradle.cache.internal.DefaultFileLockManager] Lock acquired on daemon addresses registry.
2026-04-17T10:51:50.519+0530 [DEBUG] [org.gradle.cache.internal.DefaultFileLockManager] Releasing lock on daemon addresses registry.
2026-04-17T10:51:50.519+0530 [DEBUG] [org.gradle.cache.internal.DefaultFileLockManager] Waiting to acquire shared lock on daemon addresses registry.
2026-04-17T10:51:50.519+0530 [DEBUG] [org.gradle.cache.internal.DefaultFileLockManager] Lock acquired on daemon addresses registry.
2026-04-17T10:51:50.519+0530 [DEBUG] [org.gradle.cache.internal.DefaultFileLockManager] Releasing lock on daemon addresses registry.
2026-04-17T10:51:50.520+0530 [DEBUG] [org.gradle.launcher.daemon.server.Daemon] Finished periodic daemon health check.
2026-04-17T10:52:00.519+0530 [DEBUG] [org.gradle.launcher.daemon.server.Daemon] Starting periodic daemon health check.
2026-04-17T10:52:00.519+0530 [DEBUG] [org.gradle.cache.internal.DefaultFileLockManager] Waiting to acquire shared lock on daemon addresses registry.
2026-04-17T10:52:00.519+0530 [DEBUG] [org.gradle.cache.internal.DefaultFileLockManager] Lock acquired on daemon addresses registry.
2026-04-17T10:52:00.519+0530 [DEBUG] [org.gradle.cache.internal.DefaultFileLockManager] Releasing lock on daemon addresses registry.
2026-04-17T10:52:00.519+0530 [DEBUG] [org.gradle.cache.internal.DefaultFileLockManager] Waiting to acquire shared lock on daemon addresses registry.
2026-04-17T10:52:00.519+0530 [DEBUG] [org.gradle.cache.internal.DefaultFileLockManager] Lock acquired on daemon addresses registry.
2026-04-17T10:52:00.519+0530 [DEBUG] [org.gradle.cache.internal.DefaultFileLockManager] Releasing lock on daemon addresses registry.
2026-04-17T10:52:00.520+0530 [DEBUG] [org.gradle.launcher.daemon.server.Daemon] Finished periodic daemon health check.
2026-04-17T10:52:10.519+0530 [DEBUG] [org.gradle.launcher.daemon.server.Daemon] Starting periodic daemon health check.
2026-04-17T10:52:10.519+0530 [DEBUG] [org.gradle.cache.internal.DefaultFileLockManager] Waiting to acquire shared lock on daemon addresses registry.
2026-04-17T10:52:10.519+0530 [DEBUG] [org.gradle.cache.internal.DefaultFileLockManager] Lock acquired on daemon addresses registry.
2026-04-17T10:52:10.519+0530 [DEBUG] [org.gradle.cache.internal.DefaultFileLockManager] Releasing lock on daemon addresses registry.
2026-04-17T10:52:10.519+0530 [DEBUG] [org.gradle.cache.internal.DefaultFileLockManager] Waiting to acquire shared lock on daemon addresses registry.
2026-04-17T10:52:10.519+0530 [DEBUG] [org.gradle.cache.internal.DefaultFileLockManager] Lock acquired on daemon addresses registry.
2026-04-17T10:52:10.519+0530 [DEBUG] [org.gradle.cache.internal.DefaultFileLockManager] Releasing lock on daemon addresses registry.
2026-04-17T10:52:10.519+0530 [DEBUG] [org.gradle.launcher.daemon.server.Daemon] Finished periodic daemon health check.
2026-04-17T10:52:20.519+0530 [DEBUG] [org.gradle.launcher.daemon.server.Daemon] Starting periodic daemon health check.
2026-04-17T10:52:20.519+0530 [DEBUG] [org.gradle.cache.internal.DefaultFileLockManager] Waiting to acquire shared lock on daemon addresses registry.
2026-04-17T10:52:20.519+0530 [DEBUG] [org.gradle.cache.internal.DefaultFileLockManager] Lock acquired on daemon addresses registry.
2026-04-17T10:52:20.519+0530 [DEBUG] [org.gradle.cache.internal.DefaultFileLockManager] Releasing lock on daemon addresses registry.
2026-04-17T10:52:20.519+0530 [DEBUG] [org.gradle.cache.internal.DefaultFileLockManager] Waiting to acquire shared lock on daemon addresses registry.
2026-04-17T10:52:20.519+0530 [DEBUG] [org.gradle.cache.internal.DefaultFileLockManager] Lock acquired on daemon addresses registry.
2026-04-17T10:52:20.519+0530 [DEBUG] [org.gradle.cache.internal.DefaultFileLockManager] Releasing lock on daemon addresses registry.
2026-04-17T10:52:20.519+0530 [DEBUG] [org.gradle.launcher.daemon.server.Daemon] Finished periodic daemon health check.
2026-04-17T10:52:30.519+0530 [DEBUG] [org.gradle.launcher.daemon.server.Daemon] Starting periodic daemon health check.
2026-04-17T10:52:30.519+0530 [DEBUG] [org.gradle.cache.internal.DefaultFileLockManager] Waiting to acquire shared lock on daemon addresses registry.
2026-04-17T10:52:30.519+0530 [DEBUG] [org.gradle.cache.internal.DefaultFileLockManager] Lock acquired on daemon addresses registry.
2026-04-17T10:52:30.519+0530 [DEBUG] [org.gradle.cache.internal.DefaultFileLockManager] Releasing lock on daemon addresses registry.
2026-04-17T10:52:30.519+0530 [DEBUG] [org.gradle.cache.internal.DefaultFileLockManager] Waiting to acquire shared lock on daemon addresses registry.
2026-04-17T10:52:30.519+0530 [DEBUG] [org.gradle.cache.internal.DefaultFileLockManager] Lock acquired on daemon addresses registry.
2026-04-17T10:52:30.519+0530 [DEBUG] [org.gradle.cache.internal.DefaultFileLockManager] Releasing lock on daemon addresses registry.
2026-04-17T10:52:30.519+0530 [DEBUG] [org.gradle.launcher.daemon.server.Daemon] Finished periodic daemon health check.
2026-04-17T10:52:40.519+0530 [DEBUG] [org.gradle.launcher.daemon.server.Daemon] Starting periodic daemon health check.
2026-04-17T10:52:40.519+0530 [DEBUG] [org.gradle.cache.internal.DefaultFileLockManager] Waiting to acquire shared lock on daemon addresses registry.
2026-04-17T10:52:40.519+0530 [DEBUG] [org.gradle.cache.internal.DefaultFileLockManager] Lock acquired on daemon addresses registry.
2026-04-17T10:52:40.519+0530 [DEBUG] [org.gradle.cache.internal.DefaultFileLockManager] Releasing lock on daemon addresses registry.
2026-04-17T10:52:40.519+0530 [DEBUG] [org.gradle.cache.internal.DefaultFileLockManager] Waiting to acquire shared lock on daemon addresses registry.
2026-04-17T10:52:40.520+0530 [DEBUG] [org.gradle.cache.internal.DefaultFileLockManager] Lock acquired on daemon addresses registry.
2026-04-17T10:52:40.520+0530 [DEBUG] [org.gradle.cache.internal.DefaultFileLockManager] Releasing lock on daemon addresses registry.
2026-04-17T10:52:40.520+0530 [DEBUG] [org.gradle.launcher.daemon.server.Daemon] Finished periodic daemon health check.
2026-04-17T10:52:50.519+0530 [DEBUG] [org.gradle.launcher.daemon.server.Daemon] Starting periodic daemon health check.
2026-04-17T10:52:50.519+0530 [DEBUG] [org.gradle.cache.internal.DefaultFileLockManager] Waiting to acquire shared lock on daemon addresses registry.
2026-04-17T10:52:50.519+0530 [DEBUG] [org.gradle.cache.internal.DefaultFileLockManager] Lock acquired on daemon addresses registry.
2026-04-17T10:52:50.519+0530 [DEBUG] [org.gradle.cache.internal.DefaultFileLockManager] Releasing lock on daemon addresses registry.
2026-04-17T10:52:50.519+0530 [DEBUG] [org.gradle.cache.internal.DefaultFileLockManager] Waiting to acquire shared lock on daemon addresses registry.
2026-04-17T10:52:50.519+0530 [DEBUG] [org.gradle.cache.internal.DefaultFileLockManager] Lock acquired on daemon addresses registry.
2026-04-17T10:52:50.519+0530 [DEBUG] [org.gradle.cache.internal.DefaultFileLockManager] Releasing lock on daemon addresses registry.
2026-04-17T10:52:50.520+0530 [DEBUG] [org.gradle.launcher.daemon.server.Daemon] Finished periodic daemon health check.
2026-04-17T10:53:00.519+0530 [DEBUG] [org.gradle.launcher.daemon.server.Daemon] Starting periodic daemon health check.
2026-04-17T10:53:00.519+0530 [DEBUG] [org.gradle.cache.internal.DefaultFileLockManager] Waiting to acquire shared lock on daemon addresses registry.
2026-04-17T10:53:00.519+0530 [DEBUG] [org.gradle.cache.internal.DefaultFileLockManager] Lock acquired on daemon addresses registry.
2026-04-17T10:53:00.519+0530 [DEBUG] [org.gradle.cache.internal.DefaultFileLockManager] Releasing lock on daemon addresses registry.
2026-04-17T10:53:00.519+0530 [DEBUG] [org.gradle.cache.internal.DefaultFileLockManager] Waiting to acquire shared lock on daemon addresses registry.
2026-04-17T10:53:00.519+0530 [DEBUG] [org.gradle.cache.internal.DefaultFileLockManager] Lock acquired on daemon addresses registry.
2026-04-17T10:53:00.519+0530 [DEBUG] [org.gradle.cache.internal.DefaultFileLockManager] Releasing lock on daemon addresses registry.
2026-04-17T10:53:00.519+0530 [DEBUG] [org.gradle.launcher.daemon.server.Daemon] Finished periodic daemon health check.
2026-04-17T10:53:10.519+0530 [DEBUG] [org.gradle.launcher.daemon.server.Daemon] Starting periodic daemon health check.
2026-04-17T10:53:10.519+0530 [DEBUG] [org.gradle.cache.internal.DefaultFileLockManager] Waiting to acquire shared lock on daemon addresses registry.
2026-04-17T10:53:10.519+0530 [DEBUG] [org.gradle.cache.internal.DefaultFileLockManager] Lock acquired on daemon addresses registry.
2026-04-17T10:53:10.519+0530 [DEBUG] [org.gradle.cache.internal.DefaultFileLockManager] Releasing lock on daemon addresses registry.
2026-04-17T10:53:10.520+0530 [DEBUG] [org.gradle.cache.internal.DefaultFileLockManager] Waiting to acquire shared lock on daemon addresses registry.
2026-04-17T10:53:10.520+0530 [DEBUG] [org.gradle.cache.internal.DefaultFileLockManager] Lock acquired on daemon addresses registry.
2026-04-17T10:53:10.520+0530 [DEBUG] [org.gradle.cache.internal.DefaultFileLockManager] Releasing lock on daemon addresses registry.
2026-04-17T10:53:10.520+0530 [DEBUG] [org.gradle.launcher.daemon.server.Daemon] Finished periodic daemon health check.
2026-04-17T10:53:20.519+0530 [DEBUG] [org.gradle.launcher.daemon.server.Daemon] Starting periodic daemon health check.
2026-04-17T10:53:20.519+0530 [DEBUG] [org.gradle.cache.internal.DefaultFileLockManager] Waiting to acquire shared lock on daemon addresses registry.
2026-04-17T10:53:20.519+0530 [DEBUG] [org.gradle.cache.internal.DefaultFileLockManager] Lock acquired on daemon addresses registry.
2026-04-17T10:53:20.519+0530 [DEBUG] [org.gradle.cache.internal.DefaultFileLockManager] Releasing lock on daemon addresses registry.
2026-04-17T10:53:20.519+0530 [DEBUG] [org.gradle.cache.internal.DefaultFileLockManager] Waiting to acquire shared lock on daemon addresses registry.
2026-04-17T10:53:20.519+0530 [DEBUG] [org.gradle.cache.internal.DefaultFileLockManager] Lock acquired on daemon addresses registry.
2026-04-17T10:53:20.519+0530 [DEBUG] [org.gradle.cache.internal.DefaultFileLockManager] Releasing lock on daemon addresses registry.
2026-04-17T10:53:20.519+0530 [DEBUG] [org.gradle.launcher.daemon.server.Daemon] Finished periodic daemon health check.
2026-04-17T10:53:30.519+0530 [DEBUG] [org.gradle.launcher.daemon.server.Daemon] Starting periodic daemon health check.
2026-04-17T10:53:30.519+0530 [DEBUG] [org.gradle.cache.internal.DefaultFileLockManager] Waiting to acquire shared lock on daemon addresses registry.
2026-04-17T10:53:30.519+0530 [DEBUG] [org.gradle.cache.internal.DefaultFileLockManager] Lock acquired on daemon addresses registry.
2026-04-17T10:53:30.519+0530 [DEBUG] [org.gradle.cache.internal.DefaultFileLockManager] Releasing lock on daemon addresses registry.
2026-04-17T10:53:30.519+0530 [DEBUG] [org.gradle.cache.internal.DefaultFileLockManager] Waiting to acquire shared lock on daemon addresses registry.
2026-04-17T10:53:30.519+0530 [DEBUG] [org.gradle.cache.internal.DefaultFileLockManager] Lock acquired on daemon addresses registry.
2026-04-17T10:53:30.519+0530 [DEBUG] [org.gradle.cache.internal.DefaultFileLockManager] Releasing lock on daemon addresses registry.
2026-04-17T10:53:30.519+0530 [DEBUG] [org.gradle.launcher.daemon.server.Daemon] Finished periodic daemon health check.
2026-04-17T10:53:40.520+0530 [DEBUG] [org.gradle.launcher.daemon.server.Daemon] Starting periodic daemon health check.
2026-04-17T10:53:40.520+0530 [DEBUG] [org.gradle.cache.internal.DefaultFileLockManager] Waiting to acquire shared lock on daemon addresses registry.
2026-04-17T10:53:40.520+0530 [DEBUG] [org.gradle.cache.internal.DefaultFileLockManager] Lock acquired on daemon addresses registry.
2026-04-17T10:53:40.520+0530 [DEBUG] [org.gradle.cache.internal.DefaultFileLockManager] Releasing lock on daemon addresses registry.
2026-04-17T10:53:40.520+0530 [DEBUG] [org.gradle.cache.internal.DefaultFileLockManager] Waiting to acquire shared lock on daemon addresses registry.
2026-04-17T10:53:40.520+0530 [DEBUG] [org.gradle.cache.internal.DefaultFileLockManager] Lock acquired on daemon addresses registry.
2026-04-17T10:53:40.520+0530 [DEBUG] [org.gradle.cache.internal.DefaultFileLockManager] Releasing lock on daemon addresses registry.
2026-04-17T10:53:40.520+0530 [DEBUG] [org.gradle.launcher.daemon.server.Daemon] Finished periodic daemon health check.
2026-04-17T10:53:50.519+0530 [DEBUG] [org.gradle.launcher.daemon.server.Daemon] Starting periodic daemon health check.
2026-04-17T10:53:50.519+0530 [DEBUG] [org.gradle.cache.internal.DefaultFileLockManager] Waiting to acquire shared lock on daemon addresses registry.
2026-04-17T10:53:50.520+0530 [DEBUG] [org.gradle.cache.internal.DefaultFileLockManager] Lock acquired on daemon addresses registry.
2026-04-17T10:53:50.520+0530 [DEBUG] [org.gradle.cache.internal.DefaultFileLockManager] Releasing lock on daemon addresses registry.
2026-04-17T10:53:50.520+0530 [DEBUG] [org.gradle.cache.internal.DefaultFileLockManager] Waiting to acquire shared lock on daemon addresses registry.
2026-04-17T10:53:50.520+0530 [DEBUG] [org.gradle.cache.internal.DefaultFileLockManager] Lock acquired on daemon addresses registry.
2026-04-17T10:53:50.520+0530 [DEBUG] [org.gradle.cache.internal.DefaultFileLockManager] Releasing lock on daemon addresses registry.
2026-04-17T10:53:50.520+0530 [DEBUG] [org.gradle.launcher.daemon.server.Daemon] Finished periodic daemon health check.
2026-04-17T10:54:00.519+0530 [DEBUG] [org.gradle.launcher.daemon.server.Daemon] Starting periodic daemon health check.
2026-04-17T10:54:00.519+0530 [DEBUG] [org.gradle.cache.internal.DefaultFileLockManager] Waiting to acquire shared lock on daemon addresses registry.
2026-04-17T10:54:00.519+0530 [DEBUG] [org.gradle.cache.internal.DefaultFileLockManager] Lock acquired on daemon addresses registry.
2026-04-17T10:54:00.519+0530 [DEBUG] [org.gradle.cache.internal.DefaultFileLockManager] Releasing lock on daemon addresses registry.
2026-04-17T10:54:00.520+0530 [DEBUG] [org.gradle.cache.internal.DefaultFileLockManager] Waiting to acquire shared lock on daemon addresses registry.
2026-04-17T10:54:00.520+0530 [DEBUG] [org.gradle.cache.internal.DefaultFileLockManager] Lock acquired on daemon addresses registry.
2026-04-17T10:54:00.520+0530 [DEBUG] [org.gradle.cache.internal.DefaultFileLockManager] Releasing lock on daemon addresses registry.
2026-04-17T10:54:00.520+0530 [DEBUG] [org.gradle.launcher.daemon.server.Daemon] Finished periodic daemon health check.
2026-04-17T10:54:10.519+0530 [DEBUG] [org.gradle.launcher.daemon.server.Daemon] Starting periodic daemon health check.
2026-04-17T10:54:10.519+0530 [DEBUG] [org.gradle.cache.internal.DefaultFileLockManager] Waiting to acquire shared lock on daemon addresses registry.
2026-04-17T10:54:10.519+0530 [DEBUG] [org.gradle.cache.internal.DefaultFileLockManager] Lock acquired on daemon addresses registry.
2026-04-17T10:54:10.520+0530 [DEBUG] [org.gradle.cache.internal.DefaultFileLockManager] Releasing lock on daemon addresses registry.
2026-04-17T10:54:10.520+0530 [DEBUG] [org.gradle.cache.internal.DefaultFileLockManager] Waiting to acquire shared lock on daemon addresses registry.
2026-04-17T10:54:10.520+0530 [DEBUG] [org.gradle.cache.internal.DefaultFileLockManager] Lock acquired on daemon addresses registry.
2026-04-17T10:54:10.520+0530 [DEBUG] [org.gradle.cache.internal.DefaultFileLockManager] Releasing lock on daemon addresses registry.
2026-04-17T10:54:10.520+0530 [DEBUG] [org.gradle.launcher.daemon.server.Daemon] Finished periodic daemon health check.
2026-04-17T10:54:20.519+0530 [DEBUG] [org.gradle.launcher.daemon.server.Daemon] Starting periodic daemon health check.
2026-04-17T10:54:20.519+0530 [DEBUG] [org.gradle.cache.internal.DefaultFileLockManager] Waiting to acquire shared lock on daemon addresses registry.
2026-04-17T10:54:20.520+0530 [DEBUG] [org.gradle.cache.internal.DefaultFileLockManager] Lock acquired on daemon addresses registry.
2026-04-17T10:54:20.520+0530 [DEBUG] [org.gradle.cache.internal.DefaultFileLockManager] Releasing lock on daemon addresses registry.
2026-04-17T10:54:20.520+0530 [DEBUG] [org.gradle.cache.internal.DefaultFileLockManager] Waiting to acquire shared lock on daemon addresses registry.
2026-04-17T10:54:20.520+0530 [DEBUG] [org.gradle.cache.internal.DefaultFileLockManager] Lock acquired on daemon addresses registry.
2026-04-17T10:54:20.520+0530 [DEBUG] [org.gradle.cache.internal.DefaultFileLockManager] Releasing lock on daemon addresses registry.
2026-04-17T10:54:20.520+0530 [DEBUG] [org.gradle.launcher.daemon.server.Daemon] Finished periodic daemon health check.
2026-04-17T10:54:30.519+0530 [DEBUG] [org.gradle.launcher.daemon.server.Daemon] Starting periodic daemon health check.
2026-04-17T10:54:30.519+0530 [DEBUG] [org.gradle.cache.internal.DefaultFileLockManager] Waiting to acquire shared lock on daemon addresses registry.
2026-04-17T10:54:30.519+0530 [DEBUG] [org.gradle.cache.internal.DefaultFileLockManager] Lock acquired on daemon addresses registry.
2026-04-17T10:54:30.520+0530 [DEBUG] [org.gradle.cache.internal.DefaultFileLockManager] Releasing lock on daemon addresses registry.
2026-04-17T10:54:30.520+0530 [DEBUG] [org.gradle.cache.internal.DefaultFileLockManager] Waiting to acquire shared lock on daemon addresses registry.
2026-04-17T10:54:30.520+0530 [DEBUG] [org.gradle.cache.internal.DefaultFileLockManager] Lock acquired on daemon addresses registry.
2026-04-17T10:54:30.520+0530 [DEBUG] [org.gradle.cache.internal.DefaultFileLockManager] Releasing lock on daemon addresses registry.
2026-04-17T10:54:30.520+0530 [DEBUG] [org.gradle.launcher.daemon.server.Daemon] Finished periodic daemon health check.
2026-04-17T10:54:40.519+0530 [DEBUG] [org.gradle.launcher.daemon.server.Daemon] Starting periodic daemon health check.
2026-04-17T10:54:40.519+0530 [DEBUG] [org.gradle.cache.internal.DefaultFileLockManager] Waiting to acquire shared lock on daemon addresses registry.
2026-04-17T10:54:40.520+0530 [DEBUG] [org.gradle.cache.internal.DefaultFileLockManager] Lock acquired on daemon addresses registry.
2026-04-17T10:54:40.520+0530 [DEBUG] [org.gradle.cache.internal.DefaultFileLockManager] Releasing lock on daemon addresses registry.
2026-04-17T10:54:40.520+0530 [DEBUG] [org.gradle.cache.internal.DefaultFileLockManager] Waiting to acquire shared lock on daemon addresses registry.
2026-04-17T10:54:40.520+0530 [DEBUG] [org.gradle.cache.internal.DefaultFileLockManager] Lock acquired on daemon addresses registry.
2026-04-17T10:54:40.520+0530 [DEBUG] [org.gradle.cache.internal.DefaultFileLockManager] Releasing lock on daemon addresses registry.
2026-04-17T10:54:40.520+0530 [DEBUG] [org.gradle.launcher.daemon.server.Daemon] Finished periodic daemon health check.
2026-04-17T10:54:50.519+0530 [DEBUG] [org.gradle.launcher.daemon.server.Daemon] Starting periodic daemon health check.
2026-04-17T10:54:50.519+0530 [DEBUG] [org.gradle.cache.internal.DefaultFileLockManager] Waiting to acquire shared lock on daemon addresses registry.
2026-04-17T10:54:50.519+0530 [DEBUG] [org.gradle.cache.internal.DefaultFileLockManager] Lock acquired on daemon addresses registry.
2026-04-17T10:54:50.519+0530 [DEBUG] [org.gradle.cache.internal.DefaultFileLockManager] Releasing lock on daemon addresses registry.
2026-04-17T10:54:50.520+0530 [DEBUG] [org.gradle.cache.internal.DefaultFileLockManager] Waiting to acquire shared lock on daemon addresses registry.
2026-04-17T10:54:50.520+0530 [DEBUG] [org.gradle.cache.internal.DefaultFileLockManager] Lock acquired on daemon addresses registry.
2026-04-17T10:54:50.520+0530 [DEBUG] [org.gradle.cache.internal.DefaultFileLockManager] Releasing lock on daemon addresses registry.
2026-04-17T10:54:50.520+0530 [DEBUG] [org.gradle.launcher.daemon.server.Daemon] Finished periodic daemon health check.
2026-04-17T10:55:00.519+0530 [DEBUG] [org.gradle.launcher.daemon.server.Daemon] Starting periodic daemon health check.
2026-04-17T10:55:00.519+0530 [DEBUG] [org.gradle.cache.internal.DefaultFileLockManager] Waiting to acquire shared lock on daemon addresses registry.
2026-04-17T10:55:00.520+0530 [DEBUG] [org.gradle.cache.internal.DefaultFileLockManager] Lock acquired on daemon addresses registry.
2026-04-17T10:55:00.520+0530 [DEBUG] [org.gradle.cache.internal.DefaultFileLockManager] Releasing lock on daemon addresses registry.
2026-04-17T10:55:00.520+0530 [DEBUG] [org.gradle.cache.internal.DefaultFileLockManager] Waiting to acquire shared lock on daemon addresses registry.
2026-04-17T10:55:00.520+0530 [DEBUG] [org.gradle.cache.internal.DefaultFileLockManager] Lock acquired on daemon addresses registry.
2026-04-17T10:55:00.520+0530 [DEBUG] [org.gradle.cache.internal.DefaultFileLockManager] Releasing lock on daemon addresses registry.
2026-04-17T10:55:00.520+0530 [DEBUG] [org.gradle.launcher.daemon.server.Daemon] Finished periodic daemon health check.
2026-04-17T10:55:10.519+0530 [DEBUG] [org.gradle.launcher.daemon.server.Daemon] Starting periodic daemon health check.
2026-04-17T10:55:10.519+0530 [DEBUG] [org.gradle.cache.internal.DefaultFileLockManager] Waiting to acquire shared lock on daemon addresses registry.
2026-04-17T10:55:10.519+0530 [DEBUG] [org.gradle.cache.internal.DefaultFileLockManager] Lock acquired on daemon addresses registry.
2026-04-17T10:55:10.519+0530 [DEBUG] [org.gradle.cache.internal.DefaultFileLockManager] Releasing lock on daemon addresses registry.
2026-04-17T10:55:10.520+0530 [DEBUG] [org.gradle.cache.internal.DefaultFileLockManager] Waiting to acquire shared lock on daemon addresses registry.
2026-04-17T10:55:10.520+0530 [DEBUG] [org.gradle.cache.internal.DefaultFileLockManager] Lock acquired on daemon addresses registry.
2026-04-17T10:55:10.520+0530 [DEBUG] [org.gradle.cache.internal.DefaultFileLockManager] Releasing lock on daemon addresses registry.
2026-04-17T10:55:10.520+0530 [DEBUG] [org.gradle.launcher.daemon.server.Daemon] Finished periodic daemon health check.
2026-04-17T10:55:20.519+0530 [DEBUG] [org.gradle.launcher.daemon.server.Daemon] Starting periodic daemon health check.
2026-04-17T10:55:20.519+0530 [DEBUG] [org.gradle.cache.internal.DefaultFileLockManager] Waiting to acquire shared lock on daemon addresses registry.
2026-04-17T10:55:20.519+0530 [DEBUG] [org.gradle.cache.internal.DefaultFileLockManager] Lock acquired on daemon addresses registry.
2026-04-17T10:55:20.519+0530 [DEBUG] [org.gradle.cache.internal.DefaultFileLockManager] Releasing lock on daemon addresses registry.
2026-04-17T10:55:20.520+0530 [DEBUG] [org.gradle.cache.internal.DefaultFileLockManager] Waiting to acquire shared lock on daemon addresses registry.
2026-04-17T10:55:20.520+0530 [DEBUG] [org.gradle.cache.internal.DefaultFileLockManager] Lock acquired on daemon addresses registry.
2026-04-17T10:55:20.520+0530 [DEBUG] [org.gradle.cache.internal.DefaultFileLockManager] Releasing lock on daemon addresses registry.
2026-04-17T10:55:20.520+0530 [DEBUG] [org.gradle.launcher.daemon.server.Daemon] Finished periodic daemon health check.
2026-04-17T10:55:30.519+0530 [DEBUG] [org.gradle.launcher.daemon.server.Daemon] Starting periodic daemon health check.
2026-04-17T10:55:30.519+0530 [DEBUG] [org.gradle.cache.internal.DefaultFileLockManager] Waiting to acquire shared lock on daemon addresses registry.
2026-04-17T10:55:30.519+0530 [DEBUG] [org.gradle.cache.internal.DefaultFileLockManager] Lock acquired on daemon addresses registry.
2026-04-17T10:55:30.519+0530 [DEBUG] [org.gradle.cache.internal.DefaultFileLockManager] Releasing lock on daemon addresses registry.
2026-04-17T10:55:30.520+0530 [DEBUG] [org.gradle.cache.internal.DefaultFileLockManager] Waiting to acquire shared lock on daemon addresses registry.
2026-04-17T10:55:30.520+0530 [DEBUG] [org.gradle.cache.internal.DefaultFileLockManager] Lock acquired on daemon addresses registry.
2026-04-17T10:55:30.520+0530 [DEBUG] [org.gradle.cache.internal.DefaultFileLockManager] Releasing lock on daemon addresses registry.
2026-04-17T10:55:30.520+0530 [DEBUG] [org.gradle.launcher.daemon.server.Daemon] Finished periodic daemon health check.
2026-04-17T10:55:40.519+0530 [DEBUG] [org.gradle.launcher.daemon.server.Daemon] Starting periodic daemon health check.
2026-04-17T10:55:40.520+0530 [DEBUG] [org.gradle.cache.internal.DefaultFileLockManager] Waiting to acquire shared lock on daemon addresses registry.
2026-04-17T10:55:40.520+0530 [DEBUG] [org.gradle.cache.internal.DefaultFileLockManager] Lock acquired on daemon addresses registry.
2026-04-17T10:55:40.520+0530 [DEBUG] [org.gradle.cache.internal.DefaultFileLockManager] Releasing lock on daemon addresses registry.
2026-04-17T10:55:40.520+0530 [DEBUG] [org.gradle.cache.internal.DefaultFileLockManager] Waiting to acquire shared lock on daemon addresses registry.
2026-04-17T10:55:40.520+0530 [DEBUG] [org.gradle.cache.internal.DefaultFileLockManager] Lock acquired on daemon addresses registry.
2026-04-17T10:55:40.520+0530 [DEBUG] [org.gradle.cache.internal.DefaultFileLockManager] Releasing lock on daemon addresses registry.
2026-04-17T10:55:40.520+0530 [DEBUG] [org.gradle.launcher.daemon.server.Daemon] Finished periodic daemon health check.
2026-04-17T10:55:50.519+0530 [DEBUG] [org.gradle.launcher.daemon.server.Daemon] Starting periodic daemon health check.
2026-04-17T10:55:50.519+0530 [DEBUG] [org.gradle.cache.internal.DefaultFileLockManager] Waiting to acquire shared lock on daemon addresses registry.
2026-04-17T10:55:50.519+0530 [DEBUG] [org.gradle.cache.internal.DefaultFileLockManager] Lock acquired on daemon addresses registry.
2026-04-17T10:55:50.519+0530 [DEBUG] [org.gradle.cache.internal.DefaultFileLockManager] Releasing lock on daemon addresses registry.
2026-04-17T10:55:50.519+0530 [DEBUG] [org.gradle.cache.internal.DefaultFileLockManager] Waiting to acquire shared lock on daemon addresses registry.
2026-04-17T10:55:50.519+0530 [DEBUG] [org.gradle.cache.internal.DefaultFileLockManager] Lock acquired on daemon addresses registry.
2026-04-17T10:55:50.519+0530 [DEBUG] [org.gradle.cache.internal.DefaultFileLockManager] Releasing lock on daemon addresses registry.
2026-04-17T10:55:50.519+0530 [DEBUG] [org.gradle.launcher.daemon.server.Daemon] Finished periodic daemon health check.
2026-04-17T10:56:00.519+0530 [DEBUG] [org.gradle.launcher.daemon.server.Daemon] Starting periodic daemon health check.
2026-04-17T10:56:00.519+0530 [DEBUG] [org.gradle.cache.internal.DefaultFileLockManager] Waiting to acquire shared lock on daemon addresses registry.
2026-04-17T10:56:00.520+0530 [DEBUG] [org.gradle.cache.internal.DefaultFileLockManager] Lock acquired on daemon addresses registry.
2026-04-17T10:56:00.520+0530 [DEBUG] [org.gradle.cache.internal.DefaultFileLockManager] Releasing lock on daemon addresses registry.
2026-04-17T10:56:00.520+0530 [DEBUG] [org.gradle.cache.internal.DefaultFileLockManager] Waiting to acquire shared lock on daemon addresses registry.
2026-04-17T10:56:00.520+0530 [DEBUG] [org.gradle.cache.internal.DefaultFileLockManager] Lock acquired on daemon addresses registry.
2026-04-17T10:56:00.520+0530 [DEBUG] [org.gradle.cache.internal.DefaultFileLockManager] Releasing lock on daemon addresses registry.
2026-04-17T10:56:00.520+0530 [DEBUG] [org.gradle.launcher.daemon.server.Daemon] Finished periodic daemon health check.
2026-04-17T10:56:10.519+0530 [DEBUG] [org.gradle.launcher.daemon.server.Daemon] Starting periodic daemon health check.
2026-04-17T10:56:10.519+0530 [DEBUG] [org.gradle.cache.internal.DefaultFileLockManager] Waiting to acquire shared lock on daemon addresses registry.
2026-04-17T10:56:10.519+0530 [DEBUG] [org.gradle.cache.internal.DefaultFileLockManager] Lock acquired on daemon addresses registry.
2026-04-17T10:56:10.519+0530 [DEBUG] [org.gradle.cache.internal.DefaultFileLockManager] Releasing lock on daemon addresses registry.
2026-04-17T10:56:10.519+0530 [DEBUG] [org.gradle.cache.internal.DefaultFileLockManager] Waiting to acquire shared lock on daemon addresses registry.
2026-04-17T10:56:10.520+0530 [DEBUG] [org.gradle.cache.internal.DefaultFileLockManager] Lock acquired on daemon addresses registry.
2026-04-17T10:56:10.520+0530 [DEBUG] [org.gradle.cache.internal.DefaultFileLockManager] Releasing lock on daemon addresses registry.
2026-04-17T10:56:10.520+0530 [DEBUG] [org.gradle.launcher.daemon.server.Daemon] Finished periodic daemon health check.
2026-04-17T10:56:20.519+0530 [DEBUG] [org.gradle.launcher.daemon.server.Daemon] Starting periodic daemon health check.
2026-04-17T10:56:20.519+0530 [DEBUG] [org.gradle.cache.internal.DefaultFileLockManager] Waiting to acquire shared lock on daemon addresses registry.
2026-04-17T10:56:20.519+0530 [DEBUG] [org.gradle.cache.internal.DefaultFileLockManager] Lock acquired on daemon addresses registry.
2026-04-17T10:56:20.520+0530 [DEBUG] [org.gradle.cache.internal.DefaultFileLockManager] Releasing lock on daemon addresses registry.
2026-04-17T10:56:20.520+0530 [DEBUG] [org.gradle.cache.internal.DefaultFileLockManager] Waiting to acquire shared lock on daemon addresses registry.
2026-04-17T10:56:20.520+0530 [DEBUG] [org.gradle.cache.internal.DefaultFileLockManager] Lock acquired on daemon addresses registry.
2026-04-17T10:56:20.520+0530 [DEBUG] [org.gradle.cache.internal.DefaultFileLockManager] Releasing lock on daemon addresses registry.
2026-04-17T10:56:20.520+0530 [DEBUG] [org.gradle.launcher.daemon.server.Daemon] Finished periodic daemon health check.
2026-04-17T10:56:30.519+0530 [DEBUG] [org.gradle.launcher.daemon.server.Daemon] Starting periodic daemon health check.
2026-04-17T10:56:30.519+0530 [DEBUG] [org.gradle.cache.internal.DefaultFileLockManager] Waiting to acquire shared lock on daemon addresses registry.
2026-04-17T10:56:30.519+0530 [DEBUG] [org.gradle.cache.internal.DefaultFileLockManager] Lock acquired on daemon addresses registry.
2026-04-17T10:56:30.519+0530 [DEBUG] [org.gradle.cache.internal.DefaultFileLockManager] Releasing lock on daemon addresses registry.
2026-04-17T10:56:30.519+0530 [DEBUG] [org.gradle.cache.internal.DefaultFileLockManager] Waiting to acquire shared lock on daemon addresses registry.
2026-04-17T10:56:30.520+0530 [DEBUG] [org.gradle.cache.internal.DefaultFileLockManager] Lock acquired on daemon addresses registry.
2026-04-17T10:56:30.520+0530 [DEBUG] [org.gradle.cache.internal.DefaultFileLockManager] Releasing lock on daemon addresses registry.
2026-04-17T10:56:30.520+0530 [DEBUG] [org.gradle.launcher.daemon.server.Daemon] Finished periodic daemon health check.
2026-04-17T10:56:40.520+0530 [DEBUG] [org.gradle.launcher.daemon.server.Daemon] Starting periodic daemon health check.
2026-04-17T10:56:40.520+0530 [DEBUG] [org.gradle.cache.internal.DefaultFileLockManager] Waiting to acquire shared lock on daemon addresses registry.
2026-04-17T10:56:40.520+0530 [DEBUG] [org.gradle.cache.internal.DefaultFileLockManager] Lock acquired on daemon addresses registry.
2026-04-17T10:56:40.520+0530 [DEBUG] [org.gradle.cache.internal.DefaultFileLockManager] Releasing lock on daemon addresses registry.
2026-04-17T10:56:40.520+0530 [DEBUG] [org.gradle.cache.internal.DefaultFileLockManager] Waiting to acquire shared lock on daemon addresses registry.
2026-04-17T10:56:40.520+0530 [DEBUG] [org.gradle.cache.internal.DefaultFileLockManager] Lock acquired on daemon addresses registry.
2026-04-17T10:56:40.520+0530 [DEBUG] [org.gradle.cache.internal.DefaultFileLockManager] Releasing lock on daemon addresses registry.
2026-04-17T10:56:40.520+0530 [DEBUG] [org.gradle.launcher.daemon.server.Daemon] Finished periodic daemon health check.
2026-04-17T10:56:50.520+0530 [DEBUG] [org.gradle.launcher.daemon.server.Daemon] Starting periodic daemon health check.
2026-04-17T10:56:50.520+0530 [DEBUG] [org.gradle.cache.internal.DefaultFileLockManager] Waiting to acquire shared lock on daemon addresses registry.
2026-04-17T10:56:50.520+0530 [DEBUG] [org.gradle.cache.internal.DefaultFileLockManager] Lock acquired on daemon addresses registry.
2026-04-17T10:56:50.520+0530 [DEBUG] [org.gradle.cache.internal.DefaultFileLockManager] Releasing lock on daemon addresses registry.
2026-04-17T10:56:50.520+0530 [DEBUG] [org.gradle.cache.internal.DefaultFileLockManager] Waiting to acquire shared lock on daemon addresses registry.
2026-04-17T10:56:50.520+0530 [DEBUG] [org.gradle.cache.internal.DefaultFileLockManager] Lock acquired on daemon addresses registry.
2026-04-17T10:56:50.520+0530 [DEBUG] [org.gradle.cache.internal.DefaultFileLockManager] Releasing lock on daemon addresses registry.
2026-04-17T10:56:50.520+0530 [DEBUG] [org.gradle.launcher.daemon.server.Daemon] Finished periodic daemon health check.
2026-04-17T10:57:00.519+0530 [DEBUG] [org.gradle.launcher.daemon.server.Daemon] Starting periodic daemon health check.
2026-04-17T10:57:00.519+0530 [DEBUG] [org.gradle.cache.internal.DefaultFileLockManager] Waiting to acquire shared lock on daemon addresses registry.
2026-04-17T10:57:00.519+0530 [DEBUG] [org.gradle.cache.internal.DefaultFileLockManager] Lock acquired on daemon addresses registry.
2026-04-17T10:57:00.519+0530 [DEBUG] [org.gradle.cache.internal.DefaultFileLockManager] Releasing lock on daemon addresses registry.
2026-04-17T10:57:00.519+0530 [DEBUG] [org.gradle.cache.internal.DefaultFileLockManager] Waiting to acquire shared lock on daemon addresses registry.
2026-04-17T10:57:00.519+0530 [DEBUG] [org.gradle.cache.internal.DefaultFileLockManager] Lock acquired on daemon addresses registry.
2026-04-17T10:57:00.519+0530 [DEBUG] [org.gradle.cache.internal.DefaultFileLockManager] Releasing lock on daemon addresses registry.
2026-04-17T10:57:00.519+0530 [DEBUG] [org.gradle.launcher.daemon.server.Daemon] Finished periodic daemon health check.
2026-04-17T10:57:10.520+0530 [DEBUG] [org.gradle.launcher.daemon.server.Daemon] Starting periodic daemon health check.
2026-04-17T10:57:10.520+0530 [DEBUG] [org.gradle.cache.internal.DefaultFileLockManager] Waiting to acquire shared lock on daemon addresses registry.
2026-04-17T10:57:10.520+0530 [DEBUG] [org.gradle.cache.internal.DefaultFileLockManager] Lock acquired on daemon addresses registry.
2026-04-17T10:57:10.520+0530 [DEBUG] [org.gradle.cache.internal.DefaultFileLockManager] Releasing lock on daemon addresses registry.
2026-04-17T10:57:10.520+0530 [DEBUG] [org.gradle.cache.internal.DefaultFileLockManager] Waiting to acquire shared lock on daemon addresses registry.
2026-04-17T10:57:10.520+0530 [DEBUG] [org.gradle.cache.internal.DefaultFileLockManager] Lock acquired on daemon addresses registry.
2026-04-17T10:57:10.520+0530 [DEBUG] [org.gradle.cache.internal.DefaultFileLockManager] Releasing lock on daemon addresses registry.
2026-04-17T10:57:10.520+0530 [DEBUG] [org.gradle.launcher.daemon.server.Daemon] Finished periodic daemon health check.
2026-04-17T10:57:20.519+0530 [DEBUG] [org.gradle.launcher.daemon.server.Daemon] Starting periodic daemon health check.
2026-04-17T10:57:20.519+0530 [DEBUG] [org.gradle.cache.internal.DefaultFileLockManager] Waiting to acquire shared lock on daemon addresses registry.
2026-04-17T10:57:20.519+0530 [DEBUG] [org.gradle.cache.internal.DefaultFileLockManager] Lock acquired on daemon addresses registry.
2026-04-17T10:57:20.519+0530 [DEBUG] [org.gradle.cache.internal.DefaultFileLockManager] Releasing lock on daemon addresses registry.
2026-04-17T10:57:20.519+0530 [DEBUG] [org.gradle.cache.internal.DefaultFileLockManager] Waiting to acquire shared lock on daemon addresses registry.
2026-04-17T10:57:20.519+0530 [DEBUG] [org.gradle.cache.internal.DefaultFileLockManager] Lock acquired on daemon addresses registry.
2026-04-17T10:57:20.519+0530 [DEBUG] [org.gradle.cache.internal.DefaultFileLockManager] Releasing lock on daemon addresses registry.
2026-04-17T10:57:20.519+0530 [DEBUG] [org.gradle.launcher.daemon.server.Daemon] Finished periodic daemon health check.
2026-04-17T10:57:30.519+0530 [DEBUG] [org.gradle.launcher.daemon.server.Daemon] Starting periodic daemon health check.
2026-04-17T10:57:30.519+0530 [DEBUG] [org.gradle.cache.internal.DefaultFileLockManager] Waiting to acquire shared lock on daemon addresses registry.
2026-04-17T10:57:30.519+0530 [DEBUG] [org.gradle.cache.internal.DefaultFileLockManager] Lock acquired on daemon addresses registry.
2026-04-17T10:57:30.519+0530 [DEBUG] [org.gradle.cache.internal.DefaultFileLockManager] Releasing lock on daemon addresses registry.
2026-04-17T10:57:30.520+0530 [DEBUG] [org.gradle.cache.internal.DefaultFileLockManager] Waiting to acquire shared lock on daemon addresses registry.
2026-04-17T10:57:30.520+0530 [DEBUG] [org.gradle.cache.internal.DefaultFileLockManager] Lock acquired on daemon addresses registry.
2026-04-17T10:57:30.520+0530 [DEBUG] [org.gradle.cache.internal.DefaultFileLockManager] Releasing lock on daemon addresses registry.
2026-04-17T10:57:30.520+0530 [DEBUG] [org.gradle.launcher.daemon.server.Daemon] Finished periodic daemon health check.
2026-04-17T10:57:40.519+0530 [DEBUG] [org.gradle.launcher.daemon.server.Daemon] Starting periodic daemon health check.
2026-04-17T10:57:40.519+0530 [DEBUG] [org.gradle.cache.internal.DefaultFileLockManager] Waiting to acquire shared lock on daemon addresses registry.
2026-04-17T10:57:40.519+0530 [DEBUG] [org.gradle.cache.internal.DefaultFileLockManager] Lock acquired on daemon addresses registry.
2026-04-17T10:57:40.519+0530 [DEBUG] [org.gradle.cache.internal.DefaultFileLockManager] Releasing lock on daemon addresses registry.
2026-04-17T10:57:40.519+0530 [DEBUG] [org.gradle.cache.internal.DefaultFileLockManager] Waiting to acquire shared lock on daemon addresses registry.
2026-04-17T10:57:40.519+0530 [DEBUG] [org.gradle.cache.internal.DefaultFileLockManager] Lock acquired on daemon addresses registry.
2026-04-17T10:57:40.520+0530 [DEBUG] [org.gradle.cache.internal.DefaultFileLockManager] Releasing lock on daemon addresses registry.
2026-04-17T10:57:40.520+0530 [DEBUG] [org.gradle.launcher.daemon.server.Daemon] Finished periodic daemon health check.
2026-04-17T10:57:50.519+0530 [DEBUG] [org.gradle.launcher.daemon.server.Daemon] Starting periodic daemon health check.
2026-04-17T10:57:50.519+0530 [DEBUG] [org.gradle.cache.internal.DefaultFileLockManager] Waiting to acquire shared lock on daemon addresses registry.
2026-04-17T10:57:50.519+0530 [DEBUG] [org.gradle.cache.internal.DefaultFileLockManager] Lock acquired on daemon addresses registry.
2026-04-17T10:57:50.519+0530 [DEBUG] [org.gradle.cache.internal.DefaultFileLockManager] Releasing lock on daemon addresses registry.
2026-04-17T10:57:50.519+0530 [DEBUG] [org.gradle.cache.internal.DefaultFileLockManager] Waiting to acquire shared lock on daemon addresses registry.
2026-04-17T10:57:50.519+0530 [DEBUG] [org.gradle.cache.internal.DefaultFileLockManager] Lock acquired on daemon addresses registry.
2026-04-17T10:57:50.519+0530 [DEBUG] [org.gradle.cache.internal.DefaultFileLockManager] Releasing lock on daemon addresses registry.
2026-04-17T10:57:50.519+0530 [DEBUG] [org.gradle.launcher.daemon.server.Daemon] Finished periodic daemon health check.
2026-04-17T10:58:00.519+0530 [DEBUG] [org.gradle.launcher.daemon.server.Daemon] Starting periodic daemon health check.
2026-04-17T10:58:00.519+0530 [DEBUG] [org.gradle.cache.internal.DefaultFileLockManager] Waiting to acquire shared lock on daemon addresses registry.
2026-04-17T10:58:00.519+0530 [DEBUG] [org.gradle.cache.internal.DefaultFileLockManager] Lock acquired on daemon addresses registry.
2026-04-17T10:58:00.519+0530 [DEBUG] [org.gradle.cache.internal.DefaultFileLockManager] Releasing lock on daemon addresses registry.
2026-04-17T10:58:00.519+0530 [DEBUG] [org.gradle.cache.internal.DefaultFileLockManager] Waiting to acquire shared lock on daemon addresses registry.
2026-04-17T10:58:00.519+0530 [DEBUG] [org.gradle.cache.internal.DefaultFileLockManager] Lock acquired on daemon addresses registry.
2026-04-17T10:58:00.519+0530 [DEBUG] [org.gradle.cache.internal.DefaultFileLockManager] Releasing lock on daemon addresses registry.
2026-04-17T10:58:00.519+0530 [DEBUG] [org.gradle.launcher.daemon.server.Daemon] Finished periodic daemon health check.
2026-04-17T10:58:10.519+0530 [DEBUG] [org.gradle.launcher.daemon.server.Daemon] Starting periodic daemon health check.
2026-04-17T10:58:10.519+0530 [DEBUG] [org.gradle.cache.internal.DefaultFileLockManager] Waiting to acquire shared lock on daemon addresses registry.
2026-04-17T10:58:10.519+0530 [DEBUG] [org.gradle.cache.internal.DefaultFileLockManager] Lock acquired on daemon addresses registry.
2026-04-17T10:58:10.520+0530 [DEBUG] [org.gradle.cache.internal.DefaultFileLockManager] Releasing lock on daemon addresses registry.
2026-04-17T10:58:10.520+0530 [DEBUG] [org.gradle.cache.internal.DefaultFileLockManager] Waiting to acquire shared lock on daemon addresses registry.
2026-04-17T10:58:10.520+0530 [DEBUG] [org.gradle.cache.internal.DefaultFileLockManager] Lock acquired on daemon addresses registry.
2026-04-17T10:58:10.520+0530 [DEBUG] [org.gradle.cache.internal.DefaultFileLockManager] Releasing lock on daemon addresses registry.
2026-04-17T10:58:10.520+0530 [DEBUG] [org.gradle.launcher.daemon.server.Daemon] Finished periodic daemon health check.
2026-04-17T10:58:20.519+0530 [DEBUG] [org.gradle.launcher.daemon.server.Daemon] Starting periodic daemon health check.
2026-04-17T10:58:20.519+0530 [DEBUG] [org.gradle.cache.internal.DefaultFileLockManager] Waiting to acquire shared lock on daemon addresses registry.
2026-04-17T10:58:20.519+0530 [DEBUG] [org.gradle.cache.internal.DefaultFileLockManager] Lock acquired on daemon addresses registry.
2026-04-17T10:58:20.519+0530 [DEBUG] [org.gradle.cache.internal.DefaultFileLockManager] Releasing lock on daemon addresses registry.
2026-04-17T10:58:20.520+0530 [DEBUG] [org.gradle.cache.internal.DefaultFileLockManager] Waiting to acquire shared lock on daemon addresses registry.
2026-04-17T10:58:20.520+0530 [DEBUG] [org.gradle.cache.internal.DefaultFileLockManager] Lock acquired on daemon addresses registry.
2026-04-17T10:58:20.520+0530 [DEBUG] [org.gradle.cache.internal.DefaultFileLockManager] Releasing lock on daemon addresses registry.
2026-04-17T10:58:20.520+0530 [DEBUG] [org.gradle.launcher.daemon.server.Daemon] Finished periodic daemon health check.
2026-04-17T10:58:30.519+0530 [DEBUG] [org.gradle.launcher.daemon.server.Daemon] Starting periodic daemon health check.
2026-04-17T10:58:30.519+0530 [DEBUG] [org.gradle.cache.internal.DefaultFileLockManager] Waiting to acquire shared lock on daemon addresses registry.
2026-04-17T10:58:30.519+0530 [DEBUG] [org.gradle.cache.internal.DefaultFileLockManager] Lock acquired on daemon addresses registry.
2026-04-17T10:58:30.519+0530 [DEBUG] [org.gradle.cache.internal.DefaultFileLockManager] Releasing lock on daemon addresses registry.
2026-04-17T10:58:30.519+0530 [DEBUG] [org.gradle.cache.internal.DefaultFileLockManager] Waiting to acquire shared lock on daemon addresses registry.
2026-04-17T10:58:30.519+0530 [DEBUG] [org.gradle.cache.internal.DefaultFileLockManager] Lock acquired on daemon addresses registry.
2026-04-17T10:58:30.519+0530 [DEBUG] [org.gradle.cache.internal.DefaultFileLockManager] Releasing lock on daemon addresses registry.
2026-04-17T10:58:30.519+0530 [DEBUG] [org.gradle.launcher.daemon.server.Daemon] Finished periodic daemon health check.
2026-04-17T10:58:40.519+0530 [DEBUG] [org.gradle.launcher.daemon.server.Daemon] Starting periodic daemon health check.
2026-04-17T10:58:40.519+0530 [DEBUG] [org.gradle.cache.internal.DefaultFileLockManager] Waiting to acquire shared lock on daemon addresses registry.
2026-04-17T10:58:40.519+0530 [DEBUG] [org.gradle.cache.internal.DefaultFileLockManager] Lock acquired on daemon addresses registry.
2026-04-17T10:58:40.519+0530 [DEBUG] [org.gradle.cache.internal.DefaultFileLockManager] Releasing lock on daemon addresses registry.
2026-04-17T10:58:40.519+0530 [DEBUG] [org.gradle.cache.internal.DefaultFileLockManager] Waiting to acquire shared lock on daemon addresses registry.
2026-04-17T10:58:40.519+0530 [DEBUG] [org.gradle.cache.internal.DefaultFileLockManager] Lock acquired on daemon addresses registry.
2026-04-17T10:58:40.519+0530 [DEBUG] [org.gradle.cache.internal.DefaultFileLockManager] Releasing lock on daemon addresses registry.
2026-04-17T10:58:40.519+0530 [DEBUG] [org.gradle.launcher.daemon.server.Daemon] Finished periodic daemon health check.
2026-04-17T10:58:50.519+0530 [DEBUG] [org.gradle.launcher.daemon.server.Daemon] Starting periodic daemon health check.
2026-04-17T10:58:50.519+0530 [DEBUG] [org.gradle.cache.internal.DefaultFileLockManager] Waiting to acquire shared lock on daemon addresses registry.
2026-04-17T10:58:50.519+0530 [DEBUG] [org.gradle.cache.internal.DefaultFileLockManager] Lock acquired on daemon addresses registry.
2026-04-17T10:58:50.519+0530 [DEBUG] [org.gradle.cache.internal.DefaultFileLockManager] Releasing lock on daemon addresses registry.
2026-04-17T10:58:50.520+0530 [DEBUG] [org.gradle.cache.internal.DefaultFileLockManager] Waiting to acquire shared lock on daemon addresses registry.
2026-04-17T10:58:50.520+0530 [DEBUG] [org.gradle.cache.internal.DefaultFileLockManager] Lock acquired on daemon addresses registry.
2026-04-17T10:58:50.520+0530 [DEBUG] [org.gradle.cache.internal.DefaultFileLockManager] Releasing lock on daemon addresses registry.
2026-04-17T10:58:50.520+0530 [DEBUG] [org.gradle.launcher.daemon.server.Daemon] Finished periodic daemon health check.
2026-04-17T10:59:00.519+0530 [DEBUG] [org.gradle.launcher.daemon.server.Daemon] Starting periodic daemon health check.
2026-04-17T10:59:00.519+0530 [DEBUG] [org.gradle.cache.internal.DefaultFileLockManager] Waiting to acquire shared lock on daemon addresses registry.
2026-04-17T10:59:00.519+0530 [DEBUG] [org.gradle.cache.internal.DefaultFileLockManager] Lock acquired on daemon addresses registry.
2026-04-17T10:59:00.519+0530 [DEBUG] [org.gradle.cache.internal.DefaultFileLockManager] Releasing lock on daemon addresses registry.
2026-04-17T10:59:00.519+0530 [DEBUG] [org.gradle.cache.internal.DefaultFileLockManager] Waiting to acquire shared lock on daemon addresses registry.
2026-04-17T10:59:00.519+0530 [DEBUG] [org.gradle.cache.internal.DefaultFileLockManager] Lock acquired on daemon addresses registry.
2026-04-17T10:59:00.519+0530 [DEBUG] [org.gradle.cache.internal.DefaultFileLockManager] Releasing lock on daemon addresses registry.
2026-04-17T10:59:00.519+0530 [DEBUG] [org.gradle.launcher.daemon.server.Daemon] Finished periodic daemon health check.
2026-04-17T10:59:10.519+0530 [DEBUG] [org.gradle.launcher.daemon.server.Daemon] Starting periodic daemon health check.
2026-04-17T10:59:10.519+0530 [DEBUG] [org.gradle.cache.internal.DefaultFileLockManager] Waiting to acquire shared lock on daemon addresses registry.
2026-04-17T10:59:10.519+0530 [DEBUG] [org.gradle.cache.internal.DefaultFileLockManager] Lock acquired on daemon addresses registry.
2026-04-17T10:59:10.519+0530 [DEBUG] [org.gradle.cache.internal.DefaultFileLockManager] Releasing lock on daemon addresses registry.
2026-04-17T10:59:10.519+0530 [DEBUG] [org.gradle.cache.internal.DefaultFileLockManager] Waiting to acquire shared lock on daemon addresses registry.
2026-04-17T10:59:10.519+0530 [DEBUG] [org.gradle.cache.internal.DefaultFileLockManager] Lock acquired on daemon addresses registry.
2026-04-17T10:59:10.519+0530 [DEBUG] [org.gradle.cache.internal.DefaultFileLockManager] Releasing lock on daemon addresses registry.
2026-04-17T10:59:10.519+0530 [DEBUG] [org.gradle.launcher.daemon.server.Daemon] Finished periodic daemon health check.
2026-04-17T10:59:20.519+0530 [DEBUG] [org.gradle.launcher.daemon.server.Daemon] Starting periodic daemon health check.
2026-04-17T10:59:20.519+0530 [DEBUG] [org.gradle.cache.internal.DefaultFileLockManager] Waiting to acquire shared lock on daemon addresses registry.
2026-04-17T10:59:20.519+0530 [DEBUG] [org.gradle.cache.internal.DefaultFileLockManager] Lock acquired on daemon addresses registry.
2026-04-17T10:59:20.519+0530 [DEBUG] [org.gradle.cache.internal.DefaultFileLockManager] Releasing lock on daemon addresses registry.
2026-04-17T10:59:20.519+0530 [DEBUG] [org.gradle.cache.internal.DefaultFileLockManager] Waiting to acquire shared lock on daemon addresses registry.
2026-04-17T10:59:20.519+0530 [DEBUG] [org.gradle.cache.internal.DefaultFileLockManager] Lock acquired on daemon addresses registry.
2026-04-17T10:59:20.519+0530 [DEBUG] [org.gradle.cache.internal.DefaultFileLockManager] Releasing lock on daemon addresses registry.
2026-04-17T10:59:20.519+0530 [DEBUG] [org.gradle.launcher.daemon.server.Daemon] Finished periodic daemon health check.
2026-04-17T10:59:30.519+0530 [DEBUG] [org.gradle.launcher.daemon.server.Daemon] Starting periodic daemon health check.
2026-04-17T10:59:30.519+0530 [DEBUG] [org.gradle.cache.internal.DefaultFileLockManager] Waiting to acquire shared lock on daemon addresses registry.
2026-04-17T10:59:30.519+0530 [DEBUG] [org.gradle.cache.internal.DefaultFileLockManager] Lock acquired on daemon addresses registry.
2026-04-17T10:59:30.519+0530 [DEBUG] [org.gradle.cache.internal.DefaultFileLockManager] Releasing lock on daemon addresses registry.
2026-04-17T10:59:30.519+0530 [DEBUG] [org.gradle.cache.internal.DefaultFileLockManager] Waiting to acquire shared lock on daemon addresses registry.
2026-04-17T10:59:30.519+0530 [DEBUG] [org.gradle.cache.internal.DefaultFileLockManager] Lock acquired on daemon addresses registry.
2026-04-17T10:59:30.519+0530 [DEBUG] [org.gradle.cache.internal.DefaultFileLockManager] Releasing lock on daemon addresses registry.
2026-04-17T10:59:30.519+0530 [DEBUG] [org.gradle.launcher.daemon.server.Daemon] Finished periodic daemon health check.
2026-04-17T10:59:40.519+0530 [DEBUG] [org.gradle.launcher.daemon.server.Daemon] Starting periodic daemon health check.
2026-04-17T10:59:40.519+0530 [DEBUG] [org.gradle.cache.internal.DefaultFileLockManager] Waiting to acquire shared lock on daemon addresses registry.
2026-04-17T10:59:40.519+0530 [DEBUG] [org.gradle.cache.internal.DefaultFileLockManager] Lock acquired on daemon addresses registry.
2026-04-17T10:59:40.519+0530 [DEBUG] [org.gradle.cache.internal.DefaultFileLockManager] Releasing lock on daemon addresses registry.
2026-04-17T10:59:40.519+0530 [DEBUG] [org.gradle.cache.internal.DefaultFileLockManager] Waiting to acquire shared lock on daemon addresses registry.
2026-04-17T10:59:40.519+0530 [DEBUG] [org.gradle.cache.internal.DefaultFileLockManager] Lock acquired on daemon addresses registry.
2026-04-17T10:59:40.519+0530 [DEBUG] [org.gradle.cache.internal.DefaultFileLockManager] Releasing lock on daemon addresses registry.
2026-04-17T10:59:40.519+0530 [DEBUG] [org.gradle.launcher.daemon.server.Daemon] Finished periodic daemon health check.
2026-04-17T10:59:50.520+0530 [DEBUG] [org.gradle.launcher.daemon.server.Daemon] Starting periodic daemon health check.
2026-04-17T10:59:50.520+0530 [DEBUG] [org.gradle.cache.internal.DefaultFileLockManager] Waiting to acquire shared lock on daemon addresses registry.
2026-04-17T10:59:50.520+0530 [DEBUG] [org.gradle.cache.internal.DefaultFileLockManager] Lock acquired on daemon addresses registry.
2026-04-17T10:59:50.520+0530 [DEBUG] [org.gradle.cache.internal.DefaultFileLockManager] Releasing lock on daemon addresses registry.
2026-04-17T10:59:50.520+0530 [DEBUG] [org.gradle.cache.internal.DefaultFileLockManager] Waiting to acquire shared lock on daemon addresses registry.
2026-04-17T10:59:50.520+0530 [DEBUG] [org.gradle.cache.internal.DefaultFileLockManager] Lock acquired on daemon addresses registry.
2026-04-17T10:59:50.520+0530 [DEBUG] [org.gradle.cache.internal.DefaultFileLockManager] Releasing lock on daemon addresses registry.
2026-04-17T10:59:50.520+0530 [DEBUG] [org.gradle.launcher.daemon.server.Daemon] Finished periodic daemon health check.
2026-04-17T11:00:00.519+0530 [DEBUG] [org.gradle.launcher.daemon.server.Daemon] Starting periodic daemon health check.
2026-04-17T11:00:00.519+0530 [DEBUG] [org.gradle.cache.internal.DefaultFileLockManager] Waiting to acquire shared lock on daemon addresses registry.
2026-04-17T11:00:00.519+0530 [DEBUG] [org.gradle.cache.internal.DefaultFileLockManager] Lock acquired on daemon addresses registry.
2026-04-17T11:00:00.519+0530 [DEBUG] [org.gradle.cache.internal.DefaultFileLockManager] Releasing lock on daemon addresses registry.
2026-04-17T11:00:00.519+0530 [DEBUG] [org.gradle.cache.internal.DefaultFileLockManager] Waiting to acquire shared lock on daemon addresses registry.
2026-04-17T11:00:00.519+0530 [DEBUG] [org.gradle.cache.internal.DefaultFileLockManager] Lock acquired on daemon addresses registry.
2026-04-17T11:00:00.519+0530 [DEBUG] [org.gradle.cache.internal.DefaultFileLockManager] Releasing lock on daemon addresses registry.
2026-04-17T11:00:00.519+0530 [DEBUG] [org.gradle.launcher.daemon.server.Daemon] Finished periodic daemon health check.
2026-04-17T11:00:10.519+0530 [DEBUG] [org.gradle.launcher.daemon.server.Daemon] Starting periodic daemon health check.
2026-04-17T11:00:10.519+0530 [DEBUG] [org.gradle.cache.internal.DefaultFileLockManager] Waiting to acquire shared lock on daemon addresses registry.
2026-04-17T11:00:10.519+0530 [DEBUG] [org.gradle.cache.internal.DefaultFileLockManager] Lock acquired on daemon addresses registry.
2026-04-17T11:00:10.519+0530 [DEBUG] [org.gradle.cache.internal.DefaultFileLockManager] Releasing lock on daemon addresses registry.
2026-04-17T11:00:10.519+0530 [DEBUG] [org.gradle.cache.internal.DefaultFileLockManager] Waiting to acquire shared lock on daemon addresses registry.
2026-04-17T11:00:10.519+0530 [DEBUG] [org.gradle.cache.internal.DefaultFileLockManager] Lock acquired on daemon addresses registry.
2026-04-17T11:00:10.519+0530 [DEBUG] [org.gradle.cache.internal.DefaultFileLockManager] Releasing lock on daemon addresses registry.
2026-04-17T11:00:10.519+0530 [DEBUG] [org.gradle.launcher.daemon.server.Daemon] Finished periodic daemon health check.
2026-04-17T11:00:20.519+0530 [DEBUG] [org.gradle.launcher.daemon.server.Daemon] Starting periodic daemon health check.
2026-04-17T11:00:20.519+0530 [DEBUG] [org.gradle.cache.internal.DefaultFileLockManager] Waiting to acquire shared lock on daemon addresses registry.
2026-04-17T11:00:20.519+0530 [DEBUG] [org.gradle.cache.internal.DefaultFileLockManager] Lock acquired on daemon addresses registry.
2026-04-17T11:00:20.519+0530 [DEBUG] [org.gradle.cache.internal.DefaultFileLockManager] Releasing lock on daemon addresses registry.
2026-04-17T11:00:20.519+0530 [DEBUG] [org.gradle.cache.internal.DefaultFileLockManager] Waiting to acquire shared lock on daemon addresses registry.
2026-04-17T11:00:20.519+0530 [DEBUG] [org.gradle.cache.internal.DefaultFileLockManager] Lock acquired on daemon addresses registry.
2026-04-17T11:00:20.519+0530 [DEBUG] [org.gradle.cache.internal.DefaultFileLockManager] Releasing lock on daemon addresses registry.
2026-04-17T11:00:20.519+0530 [DEBUG] [org.gradle.launcher.daemon.server.Daemon] Finished periodic daemon health check.
2026-04-17T11:00:30.519+0530 [DEBUG] [org.gradle.launcher.daemon.server.Daemon] Starting periodic daemon health check.
2026-04-17T11:00:30.519+0530 [DEBUG] [org.gradle.cache.internal.DefaultFileLockManager] Waiting to acquire shared lock on daemon addresses registry.
2026-04-17T11:00:30.519+0530 [DEBUG] [org.gradle.cache.internal.DefaultFileLockManager] Lock acquired on daemon addresses registry.
2026-04-17T11:00:30.519+0530 [DEBUG] [org.gradle.cache.internal.DefaultFileLockManager] Releasing lock on daemon addresses registry.
2026-04-17T11:00:30.519+0530 [DEBUG] [org.gradle.cache.internal.DefaultFileLockManager] Waiting to acquire shared lock on daemon addresses registry.
2026-04-17T11:00:30.519+0530 [DEBUG] [org.gradle.cache.internal.DefaultFileLockManager] Lock acquired on daemon addresses registry.
2026-04-17T11:00:30.519+0530 [DEBUG] [org.gradle.cache.internal.DefaultFileLockManager] Releasing lock on daemon addresses registry.
2026-04-17T11:00:30.519+0530 [DEBUG] [org.gradle.launcher.daemon.server.Daemon] Finished periodic daemon health check.
2026-04-17T11:00:40.519+0530 [DEBUG] [org.gradle.launcher.daemon.server.Daemon] Starting periodic daemon health check.
2026-04-17T11:00:40.519+0530 [DEBUG] [org.gradle.cache.internal.DefaultFileLockManager] Waiting to acquire shared lock on daemon addresses registry.
2026-04-17T11:00:40.519+0530 [DEBUG] [org.gradle.cache.internal.DefaultFileLockManager] Lock acquired on daemon addresses registry.
2026-04-17T11:00:40.519+0530 [DEBUG] [org.gradle.cache.internal.DefaultFileLockManager] Releasing lock on daemon addresses registry.
2026-04-17T11:00:40.519+0530 [DEBUG] [org.gradle.cache.internal.DefaultFileLockManager] Waiting to acquire shared lock on daemon addresses registry.
2026-04-17T11:00:40.520+0530 [DEBUG] [org.gradle.cache.internal.DefaultFileLockManager] Lock acquired on daemon addresses registry.
2026-04-17T11:00:40.520+0530 [DEBUG] [org.gradle.cache.internal.DefaultFileLockManager] Releasing lock on daemon addresses registry.
2026-04-17T11:00:40.520+0530 [DEBUG] [org.gradle.launcher.daemon.server.Daemon] Finished periodic daemon health check.
2026-04-17T11:00:50.519+0530 [DEBUG] [org.gradle.launcher.daemon.server.Daemon] Starting periodic daemon health check.
2026-04-17T11:00:50.519+0530 [DEBUG] [org.gradle.cache.internal.DefaultFileLockManager] Waiting to acquire shared lock on daemon addresses registry.
2026-04-17T11:00:50.519+0530 [DEBUG] [org.gradle.cache.internal.DefaultFileLockManager] Lock acquired on daemon addresses registry.
2026-04-17T11:00:50.519+0530 [DEBUG] [org.gradle.cache.internal.DefaultFileLockManager] Releasing lock on daemon addresses registry.
2026-04-17T11:00:50.519+0530 [DEBUG] [org.gradle.cache.internal.DefaultFileLockManager] Waiting to acquire shared lock on daemon addresses registry.
2026-04-17T11:00:50.519+0530 [DEBUG] [org.gradle.cache.internal.DefaultFileLockManager] Lock acquired on daemon addresses registry.
2026-04-17T11:00:50.519+0530 [DEBUG] [org.gradle.cache.internal.DefaultFileLockManager] Releasing lock on daemon addresses registry.
2026-04-17T11:00:50.519+0530 [DEBUG] [org.gradle.launcher.daemon.server.Daemon] Finished periodic daemon health check.
2026-04-17T11:01:00.519+0530 [DEBUG] [org.gradle.launcher.daemon.server.Daemon] Starting periodic daemon health check.
2026-04-17T11:01:00.519+0530 [DEBUG] [org.gradle.cache.internal.DefaultFileLockManager] Waiting to acquire shared lock on daemon addresses registry.
2026-04-17T11:01:00.519+0530 [DEBUG] [org.gradle.cache.internal.DefaultFileLockManager] Lock acquired on daemon addresses registry.
2026-04-17T11:01:00.519+0530 [DEBUG] [org.gradle.cache.internal.DefaultFileLockManager] Releasing lock on daemon addresses registry.
2026-04-17T11:01:00.519+0530 [DEBUG] [org.gradle.cache.internal.DefaultFileLockManager] Waiting to acquire shared lock on daemon addresses registry.
2026-04-17T11:01:00.519+0530 [DEBUG] [org.gradle.cache.internal.DefaultFileLockManager] Lock acquired on daemon addresses registry.
2026-04-17T11:01:00.519+0530 [DEBUG] [org.gradle.cache.internal.DefaultFileLockManager] Releasing lock on daemon addresses registry.
2026-04-17T11:01:00.519+0530 [DEBUG] [org.gradle.launcher.daemon.server.Daemon] Finished periodic daemon health check.
2026-04-17T11:01:10.519+0530 [DEBUG] [org.gradle.launcher.daemon.server.Daemon] Starting periodic daemon health check.
2026-04-17T11:01:10.520+0530 [DEBUG] [org.gradle.cache.internal.DefaultFileLockManager] Waiting to acquire shared lock on daemon addresses registry.
2026-04-17T11:01:10.520+0530 [DEBUG] [org.gradle.cache.internal.DefaultFileLockManager] Lock acquired on daemon addresses registry.
2026-04-17T11:01:10.520+0530 [DEBUG] [org.gradle.cache.internal.DefaultFileLockManager] Releasing lock on daemon addresses registry.
2026-04-17T11:01:10.520+0530 [DEBUG] [org.gradle.cache.internal.DefaultFileLockManager] Waiting to acquire shared lock on daemon addresses registry.
2026-04-17T11:01:10.520+0530 [DEBUG] [org.gradle.cache.internal.DefaultFileLockManager] Lock acquired on daemon addresses registry.
2026-04-17T11:01:10.520+0530 [DEBUG] [org.gradle.cache.internal.DefaultFileLockManager] Releasing lock on daemon addresses registry.
2026-04-17T11:01:10.520+0530 [DEBUG] [org.gradle.launcher.daemon.server.Daemon] Finished periodic daemon health check.
2026-04-17T11:01:20.519+0530 [DEBUG] [org.gradle.launcher.daemon.server.Daemon] Starting periodic daemon health check.
2026-04-17T11:01:20.520+0530 [DEBUG] [org.gradle.cache.internal.DefaultFileLockManager] Waiting to acquire shared lock on daemon addresses registry.
2026-04-17T11:01:20.520+0530 [DEBUG] [org.gradle.cache.internal.DefaultFileLockManager] Lock acquired on daemon addresses registry.
2026-04-17T11:01:20.520+0530 [DEBUG] [org.gradle.cache.internal.DefaultFileLockManager] Releasing lock on daemon addresses registry.
2026-04-17T11:01:20.520+0530 [DEBUG] [org.gradle.cache.internal.DefaultFileLockManager] Waiting to acquire shared lock on daemon addresses registry.
2026-04-17T11:01:20.520+0530 [DEBUG] [org.gradle.cache.internal.DefaultFileLockManager] Lock acquired on daemon addresses registry.
2026-04-17T11:01:20.520+0530 [DEBUG] [org.gradle.cache.internal.DefaultFileLockManager] Releasing lock on daemon addresses registry.
2026-04-17T11:01:20.521+0530 [DEBUG] [org.gradle.launcher.daemon.server.Daemon] Finished periodic daemon health check.
2026-04-17T11:01:30.519+0530 [DEBUG] [org.gradle.launcher.daemon.server.Daemon] Starting periodic daemon health check.
2026-04-17T11:01:30.519+0530 [DEBUG] [org.gradle.cache.internal.DefaultFileLockManager] Waiting to acquire shared lock on daemon addresses registry.
2026-04-17T11:01:30.520+0530 [DEBUG] [org.gradle.cache.internal.DefaultFileLockManager] Lock acquired on daemon addresses registry.
2026-04-17T11:01:30.520+0530 [DEBUG] [org.gradle.cache.internal.DefaultFileLockManager] Releasing lock on daemon addresses registry.
2026-04-17T11:01:30.520+0530 [DEBUG] [org.gradle.cache.internal.DefaultFileLockManager] Waiting to acquire shared lock on daemon addresses registry.
2026-04-17T11:01:30.520+0530 [DEBUG] [org.gradle.cache.internal.DefaultFileLockManager] Lock acquired on daemon addresses registry.
2026-04-17T11:01:30.520+0530 [DEBUG] [org.gradle.cache.internal.DefaultFileLockManager] Releasing lock on daemon addresses registry.
2026-04-17T11:01:30.521+0530 [DEBUG] [org.gradle.launcher.daemon.server.Daemon] Finished periodic daemon health check.
2026-04-17T11:01:40.519+0530 [DEBUG] [org.gradle.launcher.daemon.server.Daemon] Starting periodic daemon health check.
2026-04-17T11:01:40.519+0530 [DEBUG] [org.gradle.cache.internal.DefaultFileLockManager] Waiting to acquire shared lock on daemon addresses registry.
2026-04-17T11:01:40.519+0530 [DEBUG] [org.gradle.cache.internal.DefaultFileLockManager] Lock acquired on daemon addresses registry.
2026-04-17T11:01:40.519+0530 [DEBUG] [org.gradle.cache.internal.DefaultFileLockManager] Releasing lock on daemon addresses registry.
2026-04-17T11:01:40.519+0530 [DEBUG] [org.gradle.cache.internal.DefaultFileLockManager] Waiting to acquire shared lock on daemon addresses registry.
2026-04-17T11:01:40.519+0530 [DEBUG] [org.gradle.cache.internal.DefaultFileLockManager] Lock acquired on daemon addresses registry.
2026-04-17T11:01:40.519+0530 [DEBUG] [org.gradle.cache.internal.DefaultFileLockManager] Releasing lock on daemon addresses registry.
2026-04-17T11:01:40.519+0530 [DEBUG] [org.gradle.launcher.daemon.server.Daemon] Finished periodic daemon health check.
2026-04-17T11:01:50.519+0530 [DEBUG] [org.gradle.launcher.daemon.server.Daemon] Starting periodic daemon health check.
2026-04-17T11:01:50.519+0530 [DEBUG] [org.gradle.cache.internal.DefaultFileLockManager] Waiting to acquire shared lock on daemon addresses registry.
2026-04-17T11:01:50.520+0530 [DEBUG] [org.gradle.cache.internal.DefaultFileLockManager] Lock acquired on daemon addresses registry.
2026-04-17T11:01:50.520+0530 [DEBUG] [org.gradle.cache.internal.DefaultFileLockManager] Releasing lock on daemon addresses registry.
2026-04-17T11:01:50.521+0530 [DEBUG] [org.gradle.cache.internal.DefaultFileLockManager] Waiting to acquire shared lock on daemon addresses registry.
2026-04-17T11:01:50.521+0530 [DEBUG] [org.gradle.cache.internal.DefaultFileLockManager] Lock acquired on daemon addresses registry.
2026-04-17T11:01:50.521+0530 [DEBUG] [org.gradle.cache.internal.DefaultFileLockManager] Releasing lock on daemon addresses registry.
2026-04-17T11:01:50.521+0530 [DEBUG] [org.gradle.launcher.daemon.server.Daemon] Finished periodic daemon health check.
2026-04-17T11:02:00.519+0530 [DEBUG] [org.gradle.launcher.daemon.server.Daemon] Starting periodic daemon health check.
2026-04-17T11:02:00.520+0530 [DEBUG] [org.gradle.cache.internal.DefaultFileLockManager] Waiting to acquire shared lock on daemon addresses registry.
2026-04-17T11:02:00.520+0530 [DEBUG] [org.gradle.cache.internal.DefaultFileLockManager] Lock acquired on daemon addresses registry.
2026-04-17T11:02:00.520+0530 [DEBUG] [org.gradle.cache.internal.DefaultFileLockManager] Releasing lock on daemon addresses registry.
2026-04-17T11:02:00.520+0530 [DEBUG] [org.gradle.cache.internal.DefaultFileLockManager] Waiting to acquire shared lock on daemon addresses registry.
2026-04-17T11:02:00.520+0530 [DEBUG] [org.gradle.cache.internal.DefaultFileLockManager] Lock acquired on daemon addresses registry.
2026-04-17T11:02:00.521+0530 [DEBUG] [org.gradle.cache.internal.DefaultFileLockManager] Releasing lock on daemon addresses registry.
2026-04-17T11:02:00.521+0530 [DEBUG] [org.gradle.launcher.daemon.server.Daemon] Finished periodic daemon health check.
2026-04-17T11:02:10.519+0530 [DEBUG] [org.gradle.launcher.daemon.server.Daemon] Starting periodic daemon health check.
2026-04-17T11:02:10.520+0530 [DEBUG] [org.gradle.cache.internal.DefaultFileLockManager] Waiting to acquire shared lock on daemon addresses registry.
2026-04-17T11:02:10.520+0530 [DEBUG] [org.gradle.cache.internal.DefaultFileLockManager] Lock acquired on daemon addresses registry.
2026-04-17T11:02:10.520+0530 [DEBUG] [org.gradle.cache.internal.DefaultFileLockManager] Releasing lock on daemon addresses registry.
2026-04-17T11:02:10.521+0530 [DEBUG] [org.gradle.cache.internal.DefaultFileLockManager] Waiting to acquire shared lock on daemon addresses registry.
2026-04-17T11:02:10.521+0530 [DEBUG] [org.gradle.cache.internal.DefaultFileLockManager] Lock acquired on daemon addresses registry.
2026-04-17T11:02:10.521+0530 [DEBUG] [org.gradle.cache.internal.DefaultFileLockManager] Releasing lock on daemon addresses registry.
2026-04-17T11:02:10.521+0530 [DEBUG] [org.gradle.launcher.daemon.server.Daemon] Finished periodic daemon health check.
2026-04-17T11:02:20.519+0530 [DEBUG] [org.gradle.launcher.daemon.server.Daemon] Starting periodic daemon health check.
2026-04-17T11:02:20.519+0530 [DEBUG] [org.gradle.cache.internal.DefaultFileLockManager] Waiting to acquire shared lock on daemon addresses registry.
2026-04-17T11:02:20.519+0530 [DEBUG] [org.gradle.cache.internal.DefaultFileLockManager] Lock acquired on daemon addresses registry.
2026-04-17T11:02:20.520+0530 [DEBUG] [org.gradle.cache.internal.DefaultFileLockManager] Releasing lock on daemon addresses registry.
2026-04-17T11:02:20.520+0530 [DEBUG] [org.gradle.cache.internal.DefaultFileLockManager] Waiting to acquire shared lock on daemon addresses registry.
2026-04-17T11:02:20.520+0530 [DEBUG] [org.gradle.cache.internal.DefaultFileLockManager] Lock acquired on daemon addresses registry.
2026-04-17T11:02:20.520+0530 [DEBUG] [org.gradle.cache.internal.DefaultFileLockManager] Releasing lock on daemon addresses registry.
2026-04-17T11:02:20.520+0530 [DEBUG] [org.gradle.launcher.daemon.server.Daemon] Finished periodic daemon health check.
2026-04-17T11:02:30.519+0530 [DEBUG] [org.gradle.launcher.daemon.server.Daemon] Starting periodic daemon health check.
2026-04-17T11:02:30.519+0530 [DEBUG] [org.gradle.cache.internal.DefaultFileLockManager] Waiting to acquire shared lock on daemon addresses registry.
2026-04-17T11:02:30.519+0530 [DEBUG] [org.gradle.cache.internal.DefaultFileLockManager] Lock acquired on daemon addresses registry.
2026-04-17T11:02:30.520+0530 [DEBUG] [org.gradle.cache.internal.DefaultFileLockManager] Releasing lock on daemon addresses registry.
2026-04-17T11:02:30.520+0530 [DEBUG] [org.gradle.cache.internal.DefaultFileLockManager] Waiting to acquire shared lock on daemon addresses registry.
2026-04-17T11:02:30.520+0530 [DEBUG] [org.gradle.cache.internal.DefaultFileLockManager] Lock acquired on daemon addresses registry.
2026-04-17T11:02:30.520+0530 [DEBUG] [org.gradle.cache.internal.DefaultFileLockManager] Releasing lock on daemon addresses registry.
2026-04-17T11:02:30.520+0530 [DEBUG] [org.gradle.launcher.daemon.server.Daemon] Finished periodic daemon health check.
2026-04-17T11:02:40.519+0530 [DEBUG] [org.gradle.launcher.daemon.server.Daemon] Starting periodic daemon health check.
2026-04-17T11:02:40.519+0530 [DEBUG] [org.gradle.cache.internal.DefaultFileLockManager] Waiting to acquire shared lock on daemon addresses registry.
2026-04-17T11:02:40.519+0530 [DEBUG] [org.gradle.cache.internal.DefaultFileLockManager] Lock acquired on daemon addresses registry.
2026-04-17T11:02:40.519+0530 [DEBUG] [org.gradle.cache.internal.DefaultFileLockManager] Releasing lock on daemon addresses registry.
2026-04-17T11:02:40.520+0530 [DEBUG] [org.gradle.cache.internal.DefaultFileLockManager] Waiting to acquire shared lock on daemon addresses registry.
2026-04-17T11:02:40.520+0530 [DEBUG] [org.gradle.cache.internal.DefaultFileLockManager] Lock acquired on daemon addresses registry.
2026-04-17T11:02:40.520+0530 [DEBUG] [org.gradle.cache.internal.DefaultFileLockManager] Releasing lock on daemon addresses registry.
2026-04-17T11:02:40.520+0530 [DEBUG] [org.gradle.launcher.daemon.server.Daemon] Finished periodic daemon health check.
2026-04-17T11:02:50.519+0530 [DEBUG] [org.gradle.launcher.daemon.server.Daemon] Starting periodic daemon health check.
2026-04-17T11:02:50.520+0530 [DEBUG] [org.gradle.cache.internal.DefaultFileLockManager] Waiting to acquire shared lock on daemon addresses registry.
2026-04-17T11:02:50.520+0530 [DEBUG] [org.gradle.cache.internal.DefaultFileLockManager] Lock acquired on daemon addresses registry.
2026-04-17T11:02:50.520+0530 [DEBUG] [org.gradle.cache.internal.DefaultFileLockManager] Releasing lock on daemon addresses registry.
2026-04-17T11:02:50.521+0530 [DEBUG] [org.gradle.cache.internal.DefaultFileLockManager] Waiting to acquire shared lock on daemon addresses registry.
2026-04-17T11:02:50.521+0530 [DEBUG] [org.gradle.cache.internal.DefaultFileLockManager] Lock acquired on daemon addresses registry.
2026-04-17T11:02:50.521+0530 [DEBUG] [org.gradle.cache.internal.DefaultFileLockManager] Releasing lock on daemon addresses registry.
2026-04-17T11:02:50.521+0530 [DEBUG] [org.gradle.launcher.daemon.server.Daemon] Finished periodic daemon health check.
2026-04-17T11:03:00.519+0530 [DEBUG] [org.gradle.launcher.daemon.server.Daemon] Starting periodic daemon health check.
2026-04-17T11:03:00.520+0530 [DEBUG] [org.gradle.cache.internal.DefaultFileLockManager] Waiting to acquire shared lock on daemon addresses registry.
2026-04-17T11:03:00.520+0530 [DEBUG] [org.gradle.cache.internal.DefaultFileLockManager] Lock acquired on daemon addresses registry.
2026-04-17T11:03:00.520+0530 [DEBUG] [org.gradle.cache.internal.DefaultFileLockManager] Releasing lock on daemon addresses registry.
2026-04-17T11:03:00.520+0530 [DEBUG] [org.gradle.cache.internal.DefaultFileLockManager] Waiting to acquire shared lock on daemon addresses registry.
2026-04-17T11:03:00.520+0530 [DEBUG] [org.gradle.cache.internal.DefaultFileLockManager] Lock acquired on daemon addresses registry.
2026-04-17T11:03:00.520+0530 [DEBUG] [org.gradle.cache.internal.DefaultFileLockManager] Releasing lock on daemon addresses registry.
2026-04-17T11:03:00.521+0530 [DEBUG] [org.gradle.launcher.daemon.server.Daemon] Finished periodic daemon health check.
2026-04-17T11:03:10.519+0530 [DEBUG] [org.gradle.launcher.daemon.server.Daemon] Starting periodic daemon health check.
2026-04-17T11:03:10.519+0530 [DEBUG] [org.gradle.cache.internal.DefaultFileLockManager] Waiting to acquire shared lock on daemon addresses registry.
2026-04-17T11:03:10.529+0530 [DEBUG] [org.gradle.cache.internal.DefaultFileLockManager] Lock acquired on daemon addresses registry.
2026-04-17T11:03:10.529+0530 [DEBUG] [org.gradle.cache.internal.DefaultFileLockManager] Releasing lock on daemon addresses registry.
2026-04-17T11:03:10.530+0530 [DEBUG] [org.gradle.cache.internal.DefaultFileLockManager] Waiting to acquire shared lock on daemon addresses registry.
2026-04-17T11:03:10.530+0530 [DEBUG] [org.gradle.cache.internal.DefaultFileLockManager] Lock acquired on daemon addresses registry.
2026-04-17T11:03:10.530+0530 [DEBUG] [org.gradle.cache.internal.DefaultFileLockManager] Releasing lock on daemon addresses registry.
2026-04-17T11:03:10.530+0530 [DEBUG] [org.gradle.launcher.daemon.server.Daemon] Finished periodic daemon health check.
2026-04-17T11:03:20.519+0530 [DEBUG] [org.gradle.launcher.daemon.server.Daemon] Starting periodic daemon health check.
2026-04-17T11:03:20.519+0530 [DEBUG] [org.gradle.cache.internal.DefaultFileLockManager] Waiting to acquire shared lock on daemon addresses registry.
2026-04-17T11:03:20.519+0530 [DEBUG] [org.gradle.cache.internal.DefaultFileLockManager] Lock acquired on daemon addresses registry.
2026-04-17T11:03:20.520+0530 [DEBUG] [org.gradle.cache.internal.DefaultFileLockManager] Releasing lock on daemon addresses registry.
2026-04-17T11:03:20.520+0530 [DEBUG] [org.gradle.cache.internal.DefaultFileLockManager] Waiting to acquire shared lock on daemon addresses registry.
2026-04-17T11:03:20.520+0530 [DEBUG] [org.gradle.cache.internal.DefaultFileLockManager] Lock acquired on daemon addresses registry.
2026-04-17T11:03:20.520+0530 [DEBUG] [org.gradle.cache.internal.DefaultFileLockManager] Releasing lock on daemon addresses registry.
2026-04-17T11:03:20.520+0530 [DEBUG] [org.gradle.launcher.daemon.server.Daemon] Finished periodic daemon health check.
2026-04-17T11:03:30.519+0530 [DEBUG] [org.gradle.launcher.daemon.server.Daemon] Starting periodic daemon health check.
2026-04-17T11:03:30.520+0530 [DEBUG] [org.gradle.cache.internal.DefaultFileLockManager] Waiting to acquire shared lock on daemon addresses registry.
2026-04-17T11:03:30.520+0530 [DEBUG] [org.gradle.cache.internal.DefaultFileLockManager] Lock acquired on daemon addresses registry.
2026-04-17T11:03:30.520+0530 [DEBUG] [org.gradle.cache.internal.DefaultFileLockManager] Releasing lock on daemon addresses registry.
2026-04-17T11:03:30.520+0530 [DEBUG] [org.gradle.cache.internal.DefaultFileLockManager] Waiting to acquire shared lock on daemon addresses registry.
2026-04-17T11:03:30.520+0530 [DEBUG] [org.gradle.cache.internal.DefaultFileLockManager] Lock acquired on daemon addresses registry.
2026-04-17T11:03:30.521+0530 [DEBUG] [org.gradle.cache.internal.DefaultFileLockManager] Releasing lock on daemon addresses registry.
2026-04-17T11:03:30.521+0530 [DEBUG] [org.gradle.launcher.daemon.server.Daemon] Finished periodic daemon health check.
2026-04-17T11:03:40.519+0530 [DEBUG] [org.gradle.launcher.daemon.server.Daemon] Starting periodic daemon health check.
2026-04-17T11:03:40.519+0530 [DEBUG] [org.gradle.cache.internal.DefaultFileLockManager] Waiting to acquire shared lock on daemon addresses registry.
2026-04-17T11:03:40.519+0530 [DEBUG] [org.gradle.cache.internal.DefaultFileLockManager] Lock acquired on daemon addresses registry.
2026-04-17T11:03:40.519+0530 [DEBUG] [org.gradle.cache.internal.DefaultFileLockManager] Releasing lock on daemon addresses registry.
2026-04-17T11:03:40.519+0530 [DEBUG] [org.gradle.cache.internal.DefaultFileLockManager] Waiting to acquire shared lock on daemon addresses registry.
2026-04-17T11:03:40.520+0530 [DEBUG] [org.gradle.cache.internal.DefaultFileLockManager] Lock acquired on daemon addresses registry.
2026-04-17T11:03:40.520+0530 [DEBUG] [org.gradle.cache.internal.DefaultFileLockManager] Releasing lock on daemon addresses registry.
2026-04-17T11:03:40.520+0530 [DEBUG] [org.gradle.launcher.daemon.server.Daemon] Finished periodic daemon health check.
2026-04-17T11:03:50.519+0530 [DEBUG] [org.gradle.launcher.daemon.server.Daemon] Starting periodic daemon health check.
2026-04-17T11:03:50.519+0530 [DEBUG] [org.gradle.cache.internal.DefaultFileLockManager] Waiting to acquire shared lock on daemon addresses registry.
2026-04-17T11:03:50.519+0530 [DEBUG] [org.gradle.cache.internal.DefaultFileLockManager] Lock acquired on daemon addresses registry.
2026-04-17T11:03:50.519+0530 [DEBUG] [org.gradle.cache.internal.DefaultFileLockManager] Releasing lock on daemon addresses registry.
2026-04-17T11:03:50.519+0530 [DEBUG] [org.gradle.cache.internal.DefaultFileLockManager] Waiting to acquire shared lock on daemon addresses registry.
2026-04-17T11:03:50.520+0530 [DEBUG] [org.gradle.cache.internal.DefaultFileLockManager] Lock acquired on daemon addresses registry.
2026-04-17T11:03:50.520+0530 [DEBUG] [org.gradle.cache.internal.DefaultFileLockManager] Releasing lock on daemon addresses registry.
2026-04-17T11:03:50.520+0530 [DEBUG] [org.gradle.launcher.daemon.server.Daemon] Finished periodic daemon health check.
2026-04-17T11:04:00.519+0530 [DEBUG] [org.gradle.launcher.daemon.server.Daemon] Starting periodic daemon health check.
2026-04-17T11:04:00.520+0530 [DEBUG] [org.gradle.cache.internal.DefaultFileLockManager] Waiting to acquire shared lock on daemon addresses registry.
2026-04-17T11:04:00.520+0530 [DEBUG] [org.gradle.cache.internal.DefaultFileLockManager] Lock acquired on daemon addresses registry.
2026-04-17T11:04:00.520+0530 [DEBUG] [org.gradle.cache.internal.DefaultFileLockManager] Releasing lock on daemon addresses registry.
2026-04-17T11:04:00.521+0530 [DEBUG] [org.gradle.cache.internal.DefaultFileLockManager] Waiting to acquire shared lock on daemon addresses registry.
2026-04-17T11:04:00.521+0530 [DEBUG] [org.gradle.cache.internal.DefaultFileLockManager] Lock acquired on daemon addresses registry.
2026-04-17T11:04:00.521+0530 [DEBUG] [org.gradle.cache.internal.DefaultFileLockManager] Releasing lock on daemon addresses registry.
2026-04-17T11:04:00.521+0530 [DEBUG] [org.gradle.launcher.daemon.server.Daemon] Finished periodic daemon health check.
2026-04-17T11:04:10.519+0530 [DEBUG] [org.gradle.launcher.daemon.server.Daemon] Starting periodic daemon health check.
2026-04-17T11:04:10.519+0530 [DEBUG] [org.gradle.cache.internal.DefaultFileLockManager] Waiting to acquire shared lock on daemon addresses registry.
2026-04-17T11:04:10.520+0530 [DEBUG] [org.gradle.cache.internal.DefaultFileLockManager] Lock acquired on daemon addresses registry.
2026-04-17T11:04:10.520+0530 [DEBUG] [org.gradle.cache.internal.DefaultFileLockManager] Releasing lock on daemon addresses registry.
2026-04-17T11:04:10.520+0530 [DEBUG] [org.gradle.cache.internal.DefaultFileLockManager] Waiting to acquire shared lock on daemon addresses registry.
2026-04-17T11:04:10.521+0530 [DEBUG] [org.gradle.cache.internal.DefaultFileLockManager] Lock acquired on daemon addresses registry.
2026-04-17T11:04:10.521+0530 [DEBUG] [org.gradle.cache.internal.DefaultFileLockManager] Releasing lock on daemon addresses registry.
2026-04-17T11:04:10.521+0530 [DEBUG] [org.gradle.launcher.daemon.server.Daemon] Finished periodic daemon health check.
2026-04-17T11:04:20.519+0530 [DEBUG] [org.gradle.launcher.daemon.server.Daemon] Starting periodic daemon health check.
2026-04-17T11:04:20.520+0530 [DEBUG] [org.gradle.cache.internal.DefaultFileLockManager] Waiting to acquire shared lock on daemon addresses registry.
2026-04-17T11:04:20.520+0530 [DEBUG] [org.gradle.cache.internal.DefaultFileLockManager] Lock acquired on daemon addresses registry.
2026-04-17T11:04:20.520+0530 [DEBUG] [org.gradle.cache.internal.DefaultFileLockManager] Releasing lock on daemon addresses registry.
2026-04-17T11:04:20.521+0530 [DEBUG] [org.gradle.cache.internal.DefaultFileLockManager] Waiting to acquire shared lock on daemon addresses registry.
2026-04-17T11:04:20.521+0530 [DEBUG] [org.gradle.cache.internal.DefaultFileLockManager] Lock acquired on daemon addresses registry.
2026-04-17T11:04:20.521+0530 [DEBUG] [org.gradle.cache.internal.DefaultFileLockManager] Releasing lock on daemon addresses registry.
2026-04-17T11:04:20.521+0530 [DEBUG] [org.gradle.launcher.daemon.server.Daemon] Finished periodic daemon health check.
2026-04-17T11:04:30.520+0530 [DEBUG] [org.gradle.launcher.daemon.server.Daemon] Starting periodic daemon health check.
2026-04-17T11:04:30.520+0530 [DEBUG] [org.gradle.cache.internal.DefaultFileLockManager] Waiting to acquire shared lock on daemon addresses registry.
2026-04-17T11:04:30.520+0530 [DEBUG] [org.gradle.cache.internal.DefaultFileLockManager] Lock acquired on daemon addresses registry.
2026-04-17T11:04:30.520+0530 [DEBUG] [org.gradle.cache.internal.DefaultFileLockManager] Releasing lock on daemon addresses registry.
2026-04-17T11:04:30.521+0530 [DEBUG] [org.gradle.cache.internal.DefaultFileLockManager] Waiting to acquire shared lock on daemon addresses registry.
2026-04-17T11:04:30.521+0530 [DEBUG] [org.gradle.cache.internal.DefaultFileLockManager] Lock acquired on daemon addresses registry.
2026-04-17T11:04:30.521+0530 [DEBUG] [org.gradle.cache.internal.DefaultFileLockManager] Releasing lock on daemon addresses registry.
2026-04-17T11:04:30.521+0530 [DEBUG] [org.gradle.launcher.daemon.server.Daemon] Finished periodic daemon health check.
2026-04-17T11:04:40.519+0530 [DEBUG] [org.gradle.launcher.daemon.server.Daemon] Starting periodic daemon health check.
2026-04-17T11:04:40.520+0530 [DEBUG] [org.gradle.cache.internal.DefaultFileLockManager] Waiting to acquire shared lock on daemon addresses registry.
2026-04-17T11:04:40.520+0530 [DEBUG] [org.gradle.cache.internal.DefaultFileLockManager] Lock acquired on daemon addresses registry.
2026-04-17T11:04:40.520+0530 [DEBUG] [org.gradle.cache.internal.DefaultFileLockManager] Releasing lock on daemon addresses registry.
2026-04-17T11:04:40.521+0530 [DEBUG] [org.gradle.cache.internal.DefaultFileLockManager] Waiting to acquire shared lock on daemon addresses registry.
2026-04-17T11:04:40.521+0530 [DEBUG] [org.gradle.cache.internal.DefaultFileLockManager] Lock acquired on daemon addresses registry.
2026-04-17T11:04:40.521+0530 [DEBUG] [org.gradle.cache.internal.DefaultFileLockManager] Releasing lock on daemon addresses registry.
2026-04-17T11:04:40.521+0530 [DEBUG] [org.gradle.launcher.daemon.server.Daemon] Finished periodic daemon health check.
2026-04-17T11:04:50.519+0530 [DEBUG] [org.gradle.launcher.daemon.server.Daemon] Starting periodic daemon health check.
2026-04-17T11:04:50.520+0530 [DEBUG] [org.gradle.cache.internal.DefaultFileLockManager] Waiting to acquire shared lock on daemon addresses registry.
2026-04-17T11:04:50.520+0530 [DEBUG] [org.gradle.cache.internal.DefaultFileLockManager] Lock acquired on daemon addresses registry.
2026-04-17T11:04:50.520+0530 [DEBUG] [org.gradle.cache.internal.DefaultFileLockManager] Releasing lock on daemon addresses registry.
2026-04-17T11:04:50.520+0530 [DEBUG] [org.gradle.cache.internal.DefaultFileLockManager] Waiting to acquire shared lock on daemon addresses registry.
2026-04-17T11:04:50.521+0530 [DEBUG] [org.gradle.cache.internal.DefaultFileLockManager] Lock acquired on daemon addresses registry.
2026-04-17T11:04:50.521+0530 [DEBUG] [org.gradle.cache.internal.DefaultFileLockManager] Releasing lock on daemon addresses registry.
2026-04-17T11:04:50.521+0530 [DEBUG] [org.gradle.launcher.daemon.server.Daemon] Finished periodic daemon health check.
2026-04-17T11:05:00.519+0530 [DEBUG] [org.gradle.launcher.daemon.server.Daemon] Starting periodic daemon health check.
2026-04-17T11:05:00.520+0530 [DEBUG] [org.gradle.cache.internal.DefaultFileLockManager] Waiting to acquire shared lock on daemon addresses registry.
2026-04-17T11:05:00.520+0530 [DEBUG] [org.gradle.cache.internal.DefaultFileLockManager] Lock acquired on daemon addresses registry.
2026-04-17T11:05:00.520+0530 [DEBUG] [org.gradle.cache.internal.DefaultFileLockManager] Releasing lock on daemon addresses registry.
2026-04-17T11:05:00.521+0530 [DEBUG] [org.gradle.cache.internal.DefaultFileLockManager] Waiting to acquire shared lock on daemon addresses registry.
2026-04-17T11:05:00.521+0530 [DEBUG] [org.gradle.cache.internal.DefaultFileLockManager] Lock acquired on daemon addresses registry.
2026-04-17T11:05:00.521+0530 [DEBUG] [org.gradle.cache.internal.DefaultFileLockManager] Releasing lock on daemon addresses registry.
2026-04-17T11:05:00.521+0530 [DEBUG] [org.gradle.launcher.daemon.server.Daemon] Finished periodic daemon health check.
2026-04-17T11:05:10.519+0530 [DEBUG] [org.gradle.launcher.daemon.server.Daemon] Starting periodic daemon health check.
2026-04-17T11:05:10.520+0530 [DEBUG] [org.gradle.cache.internal.DefaultFileLockManager] Waiting to acquire shared lock on daemon addresses registry.
2026-04-17T11:05:10.520+0530 [DEBUG] [org.gradle.cache.internal.DefaultFileLockManager] Lock acquired on daemon addresses registry.
2026-04-17T11:05:10.520+0530 [DEBUG] [org.gradle.cache.internal.DefaultFileLockManager] Releasing lock on daemon addresses registry.
2026-04-17T11:05:10.521+0530 [DEBUG] [org.gradle.cache.internal.DefaultFileLockManager] Waiting to acquire shared lock on daemon addresses registry.
2026-04-17T11:05:10.521+0530 [DEBUG] [org.gradle.cache.internal.DefaultFileLockManager] Lock acquired on daemon addresses registry.
2026-04-17T11:05:10.521+0530 [DEBUG] [org.gradle.cache.internal.DefaultFileLockManager] Releasing lock on daemon addresses registry.
2026-04-17T11:05:10.521+0530 [DEBUG] [org.gradle.launcher.daemon.server.Daemon] Finished periodic daemon health check.
2026-04-17T11:05:20.519+0530 [DEBUG] [org.gradle.launcher.daemon.server.Daemon] Starting periodic daemon health check.
2026-04-17T11:05:20.520+0530 [DEBUG] [org.gradle.cache.internal.DefaultFileLockManager] Waiting to acquire shared lock on daemon addresses registry.
2026-04-17T11:05:20.520+0530 [DEBUG] [org.gradle.cache.internal.DefaultFileLockManager] Lock acquired on daemon addresses registry.
2026-04-17T11:05:20.520+0530 [DEBUG] [org.gradle.cache.internal.DefaultFileLockManager] Releasing lock on daemon addresses registry.
2026-04-17T11:05:20.520+0530 [DEBUG] [org.gradle.cache.internal.DefaultFileLockManager] Waiting to acquire shared lock on daemon addresses registry.
2026-04-17T11:05:20.520+0530 [DEBUG] [org.gradle.cache.internal.DefaultFileLockManager] Lock acquired on daemon addresses registry.
2026-04-17T11:05:20.520+0530 [DEBUG] [org.gradle.cache.internal.DefaultFileLockManager] Releasing lock on daemon addresses registry.
2026-04-17T11:05:20.521+0530 [DEBUG] [org.gradle.launcher.daemon.server.Daemon] Finished periodic daemon health check.
2026-04-17T11:05:30.519+0530 [DEBUG] [org.gradle.launcher.daemon.server.Daemon] Starting periodic daemon health check.
2026-04-17T11:05:30.520+0530 [DEBUG] [org.gradle.cache.internal.DefaultFileLockManager] Waiting to acquire shared lock on daemon addresses registry.
2026-04-17T11:05:30.520+0530 [DEBUG] [org.gradle.cache.internal.DefaultFileLockManager] Lock acquired on daemon addresses registry.
2026-04-17T11:05:30.520+0530 [DEBUG] [org.gradle.cache.internal.DefaultFileLockManager] Releasing lock on daemon addresses registry.
2026-04-17T11:05:30.520+0530 [DEBUG] [org.gradle.cache.internal.DefaultFileLockManager] Waiting to acquire shared lock on daemon addresses registry.
2026-04-17T11:05:30.520+0530 [DEBUG] [org.gradle.cache.internal.DefaultFileLockManager] Lock acquired on daemon addresses registry.
2026-04-17T11:05:30.521+0530 [DEBUG] [org.gradle.cache.internal.DefaultFileLockManager] Releasing lock on daemon addresses registry.
2026-04-17T11:05:30.521+0530 [DEBUG] [org.gradle.launcher.daemon.server.Daemon] Finished periodic daemon health check.
2026-04-17T11:05:40.519+0530 [DEBUG] [org.gradle.launcher.daemon.server.Daemon] Starting periodic daemon health check.
2026-04-17T11:05:40.520+0530 [DEBUG] [org.gradle.cache.internal.DefaultFileLockManager] Waiting to acquire shared lock on daemon addresses registry.
2026-04-17T11:05:40.520+0530 [DEBUG] [org.gradle.cache.internal.DefaultFileLockManager] Lock acquired on daemon addresses registry.
2026-04-17T11:05:40.520+0530 [DEBUG] [org.gradle.cache.internal.DefaultFileLockManager] Releasing lock on daemon addresses registry.
2026-04-17T11:05:40.520+0530 [DEBUG] [org.gradle.cache.internal.DefaultFileLockManager] Waiting to acquire shared lock on daemon addresses registry.
2026-04-17T11:05:40.520+0530 [DEBUG] [org.gradle.cache.internal.DefaultFileLockManager] Lock acquired on daemon addresses registry.
2026-04-17T11:05:40.520+0530 [DEBUG] [org.gradle.cache.internal.DefaultFileLockManager] Releasing lock on daemon addresses registry.
2026-04-17T11:05:40.521+0530 [DEBUG] [org.gradle.launcher.daemon.server.Daemon] Finished periodic daemon health check.
2026-04-17T11:05:50.520+0530 [DEBUG] [org.gradle.launcher.daemon.server.Daemon] Starting periodic daemon health check.
2026-04-17T11:05:50.520+0530 [DEBUG] [org.gradle.cache.internal.DefaultFileLockManager] Waiting to acquire shared lock on daemon addresses registry.
2026-04-17T11:05:50.520+0530 [DEBUG] [org.gradle.cache.internal.DefaultFileLockManager] Lock acquired on daemon addresses registry.
2026-04-17T11:05:50.520+0530 [DEBUG] [org.gradle.cache.internal.DefaultFileLockManager] Releasing lock on daemon addresses registry.
2026-04-17T11:05:50.521+0530 [DEBUG] [org.gradle.cache.internal.DefaultFileLockManager] Waiting to acquire shared lock on daemon addresses registry.
2026-04-17T11:05:50.521+0530 [DEBUG] [org.gradle.cache.internal.DefaultFileLockManager] Lock acquired on daemon addresses registry.
2026-04-17T11:05:50.521+0530 [DEBUG] [org.gradle.cache.internal.DefaultFileLockManager] Releasing lock on daemon addresses registry.
2026-04-17T11:05:50.521+0530 [DEBUG] [org.gradle.launcher.daemon.server.Daemon] Finished periodic daemon health check.
2026-04-17T11:06:00.519+0530 [DEBUG] [org.gradle.launcher.daemon.server.Daemon] Starting periodic daemon health check.
2026-04-17T11:06:00.519+0530 [DEBUG] [org.gradle.cache.internal.DefaultFileLockManager] Waiting to acquire shared lock on daemon addresses registry.
2026-04-17T11:06:00.519+0530 [DEBUG] [org.gradle.cache.internal.DefaultFileLockManager] Lock acquired on daemon addresses registry.
2026-04-17T11:06:00.519+0530 [DEBUG] [org.gradle.cache.internal.DefaultFileLockManager] Releasing lock on daemon addresses registry.
2026-04-17T11:06:00.519+0530 [DEBUG] [org.gradle.cache.internal.DefaultFileLockManager] Waiting to acquire shared lock on daemon addresses registry.
2026-04-17T11:06:00.519+0530 [DEBUG] [org.gradle.cache.internal.DefaultFileLockManager] Lock acquired on daemon addresses registry.
2026-04-17T11:06:00.519+0530 [DEBUG] [org.gradle.cache.internal.DefaultFileLockManager] Releasing lock on daemon addresses registry.
2026-04-17T11:06:00.519+0530 [DEBUG] [org.gradle.launcher.daemon.server.Daemon] Finished periodic daemon health check.
2026-04-17T11:06:10.519+0530 [DEBUG] [org.gradle.launcher.daemon.server.Daemon] Starting periodic daemon health check.
2026-04-17T11:06:10.519+0530 [DEBUG] [org.gradle.cache.internal.DefaultFileLockManager] Waiting to acquire shared lock on daemon addresses registry.
2026-04-17T11:06:10.519+0530 [DEBUG] [org.gradle.cache.internal.DefaultFileLockManager] Lock acquired on daemon addresses registry.
2026-04-17T11:06:10.519+0530 [DEBUG] [org.gradle.cache.internal.DefaultFileLockManager] Releasing lock on daemon addresses registry.
2026-04-17T11:06:10.519+0530 [DEBUG] [org.gradle.cache.internal.DefaultFileLockManager] Waiting to acquire shared lock on daemon addresses registry.
2026-04-17T11:06:10.519+0530 [DEBUG] [org.gradle.cache.internal.DefaultFileLockManager] Lock acquired on daemon addresses registry.
2026-04-17T11:06:10.519+0530 [DEBUG] [org.gradle.cache.internal.DefaultFileLockManager] Releasing lock on daemon addresses registry.
2026-04-17T11:06:10.519+0530 [DEBUG] [org.gradle.launcher.daemon.server.Daemon] Finished periodic daemon health check.
2026-04-17T11:06:20.519+0530 [DEBUG] [org.gradle.launcher.daemon.server.Daemon] Starting periodic daemon health check.
2026-04-17T11:06:20.520+0530 [DEBUG] [org.gradle.cache.internal.DefaultFileLockManager] Waiting to acquire shared lock on daemon addresses registry.
2026-04-17T11:06:20.520+0530 [DEBUG] [org.gradle.cache.internal.DefaultFileLockManager] Lock acquired on daemon addresses registry.
2026-04-17T11:06:20.520+0530 [DEBUG] [org.gradle.cache.internal.DefaultFileLockManager] Releasing lock on daemon addresses registry.
2026-04-17T11:06:20.521+0530 [DEBUG] [org.gradle.cache.internal.DefaultFileLockManager] Waiting to acquire shared lock on daemon addresses registry.
2026-04-17T11:06:20.521+0530 [DEBUG] [org.gradle.cache.internal.DefaultFileLockManager] Lock acquired on daemon addresses registry.
2026-04-17T11:06:20.521+0530 [DEBUG] [org.gradle.cache.internal.DefaultFileLockManager] Releasing lock on daemon addresses registry.
2026-04-17T11:06:20.521+0530 [DEBUG] [org.gradle.launcher.daemon.server.Daemon] Finished periodic daemon health check.
2026-04-17T11:06:30.519+0530 [DEBUG] [org.gradle.launcher.daemon.server.Daemon] Starting periodic daemon health check.
2026-04-17T11:06:30.520+0530 [DEBUG] [org.gradle.cache.internal.DefaultFileLockManager] Waiting to acquire shared lock on daemon addresses registry.
2026-04-17T11:06:30.520+0530 [DEBUG] [org.gradle.cache.internal.DefaultFileLockManager] Lock acquired on daemon addresses registry.
2026-04-17T11:06:30.520+0530 [DEBUG] [org.gradle.cache.internal.DefaultFileLockManager] Releasing lock on daemon addresses registry.
2026-04-17T11:06:30.521+0530 [DEBUG] [org.gradle.cache.internal.DefaultFileLockManager] Waiting to acquire shared lock on daemon addresses registry.
2026-04-17T11:06:30.521+0530 [DEBUG] [org.gradle.cache.internal.DefaultFileLockManager] Lock acquired on daemon addresses registry.
2026-04-17T11:06:30.521+0530 [DEBUG] [org.gradle.cache.internal.DefaultFileLockManager] Releasing lock on daemon addresses registry.
2026-04-17T11:06:30.521+0530 [DEBUG] [org.gradle.launcher.daemon.server.Daemon] Finished periodic daemon health check.
2026-04-17T11:06:40.519+0530 [DEBUG] [org.gradle.launcher.daemon.server.Daemon] Starting periodic daemon health check.
2026-04-17T11:06:40.520+0530 [DEBUG] [org.gradle.cache.internal.DefaultFileLockManager] Waiting to acquire shared lock on daemon addresses registry.
2026-04-17T11:06:40.520+0530 [DEBUG] [org.gradle.cache.internal.DefaultFileLockManager] Lock acquired on daemon addresses registry.
2026-04-17T11:06:40.520+0530 [DEBUG] [org.gradle.cache.internal.DefaultFileLockManager] Releasing lock on daemon addresses registry.
2026-04-17T11:06:40.521+0530 [DEBUG] [org.gradle.cache.internal.DefaultFileLockManager] Waiting to acquire shared lock on daemon addresses registry.
2026-04-17T11:06:40.521+0530 [DEBUG] [org.gradle.cache.internal.DefaultFileLockManager] Lock acquired on daemon addresses registry.
2026-04-17T11:06:40.521+0530 [DEBUG] [org.gradle.cache.internal.DefaultFileLockManager] Releasing lock on daemon addresses registry.
2026-04-17T11:06:40.521+0530 [DEBUG] [org.gradle.launcher.daemon.server.Daemon] Finished periodic daemon health check.
2026-04-17T11:06:50.519+0530 [DEBUG] [org.gradle.launcher.daemon.server.Daemon] Starting periodic daemon health check.
2026-04-17T11:06:50.520+0530 [DEBUG] [org.gradle.cache.internal.DefaultFileLockManager] Waiting to acquire shared lock on daemon addresses registry.
2026-04-17T11:06:50.520+0530 [DEBUG] [org.gradle.cache.internal.DefaultFileLockManager] Lock acquired on daemon addresses registry.
2026-04-17T11:06:50.520+0530 [DEBUG] [org.gradle.cache.internal.DefaultFileLockManager] Releasing lock on daemon addresses registry.
2026-04-17T11:06:50.520+0530 [DEBUG] [org.gradle.cache.internal.DefaultFileLockManager] Waiting to acquire shared lock on daemon addresses registry.
2026-04-17T11:06:50.520+0530 [DEBUG] [org.gradle.cache.internal.DefaultFileLockManager] Lock acquired on daemon addresses registry.
2026-04-17T11:06:50.521+0530 [DEBUG] [org.gradle.cache.internal.DefaultFileLockManager] Releasing lock on daemon addresses registry.
2026-04-17T11:06:50.521+0530 [DEBUG] [org.gradle.launcher.daemon.server.Daemon] Finished periodic daemon health check.
2026-04-17T11:07:00.520+0530 [DEBUG] [org.gradle.launcher.daemon.server.Daemon] Starting periodic daemon health check.
2026-04-17T11:07:00.520+0530 [DEBUG] [org.gradle.cache.internal.DefaultFileLockManager] Waiting to acquire shared lock on daemon addresses registry.
2026-04-17T11:07:00.520+0530 [DEBUG] [org.gradle.cache.internal.DefaultFileLockManager] Lock acquired on daemon addresses registry.
2026-04-17T11:07:00.520+0530 [DEBUG] [org.gradle.cache.internal.DefaultFileLockManager] Releasing lock on daemon addresses registry.
2026-04-17T11:07:00.521+0530 [DEBUG] [org.gradle.cache.internal.DefaultFileLockManager] Waiting to acquire shared lock on daemon addresses registry.
2026-04-17T11:07:00.521+0530 [DEBUG] [org.gradle.cache.internal.DefaultFileLockManager] Lock acquired on daemon addresses registry.
2026-04-17T11:07:00.521+0530 [DEBUG] [org.gradle.cache.internal.DefaultFileLockManager] Releasing lock on daemon addresses registry.
2026-04-17T11:07:00.521+0530 [DEBUG] [org.gradle.launcher.daemon.server.Daemon] Finished periodic daemon health check.
2026-04-17T11:07:10.520+0530 [DEBUG] [org.gradle.launcher.daemon.server.Daemon] Starting periodic daemon health check.
2026-04-17T11:07:10.520+0530 [DEBUG] [org.gradle.cache.internal.DefaultFileLockManager] Waiting to acquire shared lock on daemon addresses registry.
2026-04-17T11:07:10.520+0530 [DEBUG] [org.gradle.cache.internal.DefaultFileLockManager] Lock acquired on daemon addresses registry.
2026-04-17T11:07:10.520+0530 [DEBUG] [org.gradle.cache.internal.DefaultFileLockManager] Releasing lock on daemon addresses registry.
2026-04-17T11:07:10.521+0530 [DEBUG] [org.gradle.cache.internal.DefaultFileLockManager] Waiting to acquire shared lock on daemon addresses registry.
2026-04-17T11:07:10.521+0530 [DEBUG] [org.gradle.cache.internal.DefaultFileLockManager] Lock acquired on daemon addresses registry.
2026-04-17T11:07:10.521+0530 [DEBUG] [org.gradle.cache.internal.DefaultFileLockManager] Releasing lock on daemon addresses registry.
2026-04-17T11:07:10.521+0530 [DEBUG] [org.gradle.launcher.daemon.server.Daemon] Finished periodic daemon health check.
2026-04-17T11:07:20.519+0530 [DEBUG] [org.gradle.launcher.daemon.server.Daemon] Starting periodic daemon health check.
2026-04-17T11:07:20.519+0530 [DEBUG] [org.gradle.cache.internal.DefaultFileLockManager] Waiting to acquire shared lock on daemon addresses registry.
2026-04-17T11:07:20.520+0530 [DEBUG] [org.gradle.cache.internal.DefaultFileLockManager] Lock acquired on daemon addresses registry.
2026-04-17T11:07:20.520+0530 [DEBUG] [org.gradle.cache.internal.DefaultFileLockManager] Releasing lock on daemon addresses registry.
2026-04-17T11:07:20.520+0530 [DEBUG] [org.gradle.cache.internal.DefaultFileLockManager] Waiting to acquire shared lock on daemon addresses registry.
2026-04-17T11:07:20.520+0530 [DEBUG] [org.gradle.cache.internal.DefaultFileLockManager] Lock acquired on daemon addresses registry.
2026-04-17T11:07:20.520+0530 [DEBUG] [org.gradle.cache.internal.DefaultFileLockManager] Releasing lock on daemon addresses registry.
2026-04-17T11:07:20.521+0530 [DEBUG] [org.gradle.launcher.daemon.server.Daemon] Finished periodic daemon health check.
2026-04-17T11:07:30.519+0530 [DEBUG] [org.gradle.launcher.daemon.server.Daemon] Starting periodic daemon health check.
2026-04-17T11:07:30.519+0530 [DEBUG] [org.gradle.cache.internal.DefaultFileLockManager] Waiting to acquire shared lock on daemon addresses registry.
2026-04-17T11:07:30.520+0530 [DEBUG] [org.gradle.cache.internal.DefaultFileLockManager] Lock acquired on daemon addresses registry.
2026-04-17T11:07:30.520+0530 [DEBUG] [org.gradle.cache.internal.DefaultFileLockManager] Releasing lock on daemon addresses registry.
2026-04-17T11:07:30.520+0530 [DEBUG] [org.gradle.cache.internal.DefaultFileLockManager] Waiting to acquire shared lock on daemon addresses registry.
2026-04-17T11:07:30.520+0530 [DEBUG] [org.gradle.cache.internal.DefaultFileLockManager] Lock acquired on daemon addresses registry.
2026-04-17T11:07:30.521+0530 [DEBUG] [org.gradle.cache.internal.DefaultFileLockManager] Releasing lock on daemon addresses registry.
2026-04-17T11:07:30.521+0530 [DEBUG] [org.gradle.launcher.daemon.server.Daemon] Finished periodic daemon health check.
2026-04-17T11:07:40.519+0530 [DEBUG] [org.gradle.launcher.daemon.server.Daemon] Starting periodic daemon health check.
2026-04-17T11:07:40.520+0530 [DEBUG] [org.gradle.cache.internal.DefaultFileLockManager] Waiting to acquire shared lock on daemon addresses registry.
2026-04-17T11:07:40.520+0530 [DEBUG] [org.gradle.cache.internal.DefaultFileLockManager] Lock acquired on daemon addresses registry.
2026-04-17T11:07:40.520+0530 [DEBUG] [org.gradle.cache.internal.DefaultFileLockManager] Releasing lock on daemon addresses registry.
2026-04-17T11:07:40.520+0530 [DEBUG] [org.gradle.cache.internal.DefaultFileLockManager] Waiting to acquire shared lock on daemon addresses registry.
2026-04-17T11:07:40.521+0530 [DEBUG] [org.gradle.cache.internal.DefaultFileLockManager] Lock acquired on daemon addresses registry.
2026-04-17T11:07:40.521+0530 [DEBUG] [org.gradle.cache.internal.DefaultFileLockManager] Releasing lock on daemon addresses registry.
2026-04-17T11:07:40.521+0530 [DEBUG] [org.gradle.launcher.daemon.server.Daemon] Finished periodic daemon health check.
2026-04-17T11:07:50.519+0530 [DEBUG] [org.gradle.launcher.daemon.server.Daemon] Starting periodic daemon health check.
2026-04-17T11:07:50.519+0530 [DEBUG] [org.gradle.cache.internal.DefaultFileLockManager] Waiting to acquire shared lock on daemon addresses registry.
2026-04-17T11:07:50.519+0530 [DEBUG] [org.gradle.cache.internal.DefaultFileLockManager] Lock acquired on daemon addresses registry.
2026-04-17T11:07:50.520+0530 [DEBUG] [org.gradle.cache.internal.DefaultFileLockManager] Releasing lock on daemon addresses registry.
2026-04-17T11:07:50.520+0530 [DEBUG] [org.gradle.cache.internal.DefaultFileLockManager] Waiting to acquire shared lock on daemon addresses registry.
2026-04-17T11:07:50.520+0530 [DEBUG] [org.gradle.cache.internal.DefaultFileLockManager] Lock acquired on daemon addresses registry.
2026-04-17T11:07:50.520+0530 [DEBUG] [org.gradle.cache.internal.DefaultFileLockManager] Releasing lock on daemon addresses registry.
2026-04-17T11:07:50.520+0530 [DEBUG] [org.gradle.launcher.daemon.server.Daemon] Finished periodic daemon health check.
2026-04-17T11:08:00.519+0530 [DEBUG] [org.gradle.launcher.daemon.server.Daemon] Starting periodic daemon health check.
2026-04-17T11:08:00.520+0530 [DEBUG] [org.gradle.cache.internal.DefaultFileLockManager] Waiting to acquire shared lock on daemon addresses registry.
2026-04-17T11:08:00.520+0530 [DEBUG] [org.gradle.cache.internal.DefaultFileLockManager] Lock acquired on daemon addresses registry.
2026-04-17T11:08:00.520+0530 [DEBUG] [org.gradle.cache.internal.DefaultFileLockManager] Releasing lock on daemon addresses registry.
2026-04-17T11:08:00.521+0530 [DEBUG] [org.gradle.cache.internal.DefaultFileLockManager] Waiting to acquire shared lock on daemon addresses registry.
2026-04-17T11:08:00.521+0530 [DEBUG] [org.gradle.cache.internal.DefaultFileLockManager] Lock acquired on daemon addresses registry.
2026-04-17T11:08:00.521+0530 [DEBUG] [org.gradle.cache.internal.DefaultFileLockManager] Releasing lock on daemon addresses registry.
2026-04-17T11:08:00.521+0530 [DEBUG] [org.gradle.launcher.daemon.server.Daemon] Finished periodic daemon health check.
2026-04-17T11:08:10.519+0530 [DEBUG] [org.gradle.launcher.daemon.server.Daemon] Starting periodic daemon health check.
2026-04-17T11:08:10.519+0530 [DEBUG] [org.gradle.cache.internal.DefaultFileLockManager] Waiting to acquire shared lock on daemon addresses registry.
2026-04-17T11:08:10.520+0530 [DEBUG] [org.gradle.cache.internal.DefaultFileLockManager] Lock acquired on daemon addresses registry.
2026-04-17T11:08:10.520+0530 [DEBUG] [org.gradle.cache.internal.DefaultFileLockManager] Releasing lock on daemon addresses registry.
2026-04-17T11:08:10.520+0530 [DEBUG] [org.gradle.cache.internal.DefaultFileLockManager] Waiting to acquire shared lock on daemon addresses registry.
2026-04-17T11:08:10.520+0530 [DEBUG] [org.gradle.cache.internal.DefaultFileLockManager] Lock acquired on daemon addresses registry.
2026-04-17T11:08:10.521+0530 [DEBUG] [org.gradle.cache.internal.DefaultFileLockManager] Releasing lock on daemon addresses registry.
2026-04-17T11:08:10.521+0530 [DEBUG] [org.gradle.launcher.daemon.server.Daemon] Finished periodic daemon health check.
2026-04-17T11:08:20.519+0530 [DEBUG] [org.gradle.launcher.daemon.server.Daemon] Starting periodic daemon health check.
2026-04-17T11:08:20.519+0530 [DEBUG] [org.gradle.cache.internal.DefaultFileLockManager] Waiting to acquire shared lock on daemon addresses registry.
2026-04-17T11:08:20.528+0530 [DEBUG] [org.gradle.cache.internal.DefaultFileLockManager] Lock acquired on daemon addresses registry.
2026-04-17T11:08:20.529+0530 [DEBUG] [org.gradle.cache.internal.DefaultFileLockManager] Releasing lock on daemon addresses registry.
2026-04-17T11:08:20.529+0530 [DEBUG] [org.gradle.cache.internal.DefaultFileLockManager] Waiting to acquire shared lock on daemon addresses registry.
2026-04-17T11:08:20.529+0530 [DEBUG] [org.gradle.cache.internal.DefaultFileLockManager] Lock acquired on daemon addresses registry.
2026-04-17T11:08:20.529+0530 [DEBUG] [org.gradle.cache.internal.DefaultFileLockManager] Releasing lock on daemon addresses registry.
2026-04-17T11:08:20.529+0530 [DEBUG] [org.gradle.launcher.daemon.server.Daemon] Finished periodic daemon health check.
2026-04-17T11:08:30.519+0530 [DEBUG] [org.gradle.launcher.daemon.server.Daemon] Starting periodic daemon health check.
2026-04-17T11:08:30.519+0530 [DEBUG] [org.gradle.cache.internal.DefaultFileLockManager] Waiting to acquire shared lock on daemon addresses registry.
2026-04-17T11:08:30.519+0530 [DEBUG] [org.gradle.cache.internal.DefaultFileLockManager] Lock acquired on daemon addresses registry.
2026-04-17T11:08:30.520+0530 [DEBUG] [org.gradle.cache.internal.DefaultFileLockManager] Releasing lock on daemon addresses registry.
2026-04-17T11:08:30.520+0530 [DEBUG] [org.gradle.cache.internal.DefaultFileLockManager] Waiting to acquire shared lock on daemon addresses registry.
2026-04-17T11:08:30.520+0530 [DEBUG] [org.gradle.cache.internal.DefaultFileLockManager] Lock acquired on daemon addresses registry.
2026-04-17T11:08:30.520+0530 [DEBUG] [org.gradle.cache.internal.DefaultFileLockManager] Releasing lock on daemon addresses registry.
2026-04-17T11:08:30.520+0530 [DEBUG] [org.gradle.launcher.daemon.server.Daemon] Finished periodic daemon health check.
2026-04-17T11:08:40.519+0530 [DEBUG] [org.gradle.launcher.daemon.server.Daemon] Starting periodic daemon health check.
2026-04-17T11:08:40.519+0530 [DEBUG] [org.gradle.cache.internal.DefaultFileLockManager] Waiting to acquire shared lock on daemon addresses registry.
2026-04-17T11:08:40.520+0530 [DEBUG] [org.gradle.cache.internal.DefaultFileLockManager] Lock acquired on daemon addresses registry.
2026-04-17T11:08:40.520+0530 [DEBUG] [org.gradle.cache.internal.DefaultFileLockManager] Releasing lock on daemon addresses registry.
2026-04-17T11:08:40.520+0530 [DEBUG] [org.gradle.cache.internal.DefaultFileLockManager] Waiting to acquire shared lock on daemon addresses registry.
2026-04-17T11:08:40.520+0530 [DEBUG] [org.gradle.cache.internal.DefaultFileLockManager] Lock acquired on daemon addresses registry.
2026-04-17T11:08:40.520+0530 [DEBUG] [org.gradle.cache.internal.DefaultFileLockManager] Releasing lock on daemon addresses registry.
2026-04-17T11:08:40.520+0530 [DEBUG] [org.gradle.launcher.daemon.server.Daemon] Finished periodic daemon health check.
2026-04-17T11:08:50.519+0530 [DEBUG] [org.gradle.launcher.daemon.server.Daemon] Starting periodic daemon health check.
2026-04-17T11:08:50.520+0530 [DEBUG] [org.gradle.cache.internal.DefaultFileLockManager] Waiting to acquire shared lock on daemon addresses registry.
2026-04-17T11:08:50.520+0530 [DEBUG] [org.gradle.cache.internal.DefaultFileLockManager] Lock acquired on daemon addresses registry.
2026-04-17T11:08:50.520+0530 [DEBUG] [org.gradle.cache.internal.DefaultFileLockManager] Releasing lock on daemon addresses registry.
2026-04-17T11:08:50.521+0530 [DEBUG] [org.gradle.cache.internal.DefaultFileLockManager] Waiting to acquire shared lock on daemon addresses registry.
2026-04-17T11:08:50.521+0530 [DEBUG] [org.gradle.cache.internal.DefaultFileLockManager] Lock acquired on daemon addresses registry.
2026-04-17T11:08:50.521+0530 [DEBUG] [org.gradle.cache.internal.DefaultFileLockManager] Releasing lock on daemon addresses registry.
2026-04-17T11:08:50.521+0530 [DEBUG] [org.gradle.launcher.daemon.server.Daemon] Finished periodic daemon health check.
2026-04-17T11:09:00.519+0530 [DEBUG] [org.gradle.launcher.daemon.server.Daemon] Starting periodic daemon health check.
2026-04-17T11:09:00.519+0530 [DEBUG] [org.gradle.cache.internal.DefaultFileLockManager] Waiting to acquire shared lock on daemon addresses registry.
2026-04-17T11:09:00.519+0530 [DEBUG] [org.gradle.cache.internal.DefaultFileLockManager] Lock acquired on daemon addresses registry.
2026-04-17T11:09:00.519+0530 [DEBUG] [org.gradle.cache.internal.DefaultFileLockManager] Releasing lock on daemon addresses registry.
2026-04-17T11:09:00.520+0530 [DEBUG] [org.gradle.cache.internal.DefaultFileLockManager] Waiting to acquire shared lock on daemon addresses registry.
2026-04-17T11:09:00.520+0530 [DEBUG] [org.gradle.cache.internal.DefaultFileLockManager] Lock acquired on daemon addresses registry.
2026-04-17T11:09:00.520+0530 [DEBUG] [org.gradle.cache.internal.DefaultFileLockManager] Releasing lock on daemon addresses registry.
2026-04-17T11:09:00.520+0530 [DEBUG] [org.gradle.launcher.daemon.server.Daemon] Finished periodic daemon health check.
2026-04-17T11:09:10.519+0530 [DEBUG] [org.gradle.launcher.daemon.server.Daemon] Starting periodic daemon health check.
2026-04-17T11:09:10.519+0530 [DEBUG] [org.gradle.cache.internal.DefaultFileLockManager] Waiting to acquire shared lock on daemon addresses registry.
2026-04-17T11:09:10.519+0530 [DEBUG] [org.gradle.cache.internal.DefaultFileLockManager] Lock acquired on daemon addresses registry.
2026-04-17T11:09:10.519+0530 [DEBUG] [org.gradle.cache.internal.DefaultFileLockManager] Releasing lock on daemon addresses registry.
2026-04-17T11:09:10.520+0530 [DEBUG] [org.gradle.cache.internal.DefaultFileLockManager] Waiting to acquire shared lock on daemon addresses registry.
2026-04-17T11:09:10.520+0530 [DEBUG] [org.gradle.cache.internal.DefaultFileLockManager] Lock acquired on daemon addresses registry.
2026-04-17T11:09:10.520+0530 [DEBUG] [org.gradle.cache.internal.DefaultFileLockManager] Releasing lock on daemon addresses registry.
2026-04-17T11:09:10.520+0530 [DEBUG] [org.gradle.launcher.daemon.server.Daemon] Finished periodic daemon health check.
2026-04-17T11:09:20.519+0530 [DEBUG] [org.gradle.launcher.daemon.server.Daemon] Starting periodic daemon health check.
2026-04-17T11:09:20.520+0530 [DEBUG] [org.gradle.cache.internal.DefaultFileLockManager] Waiting to acquire shared lock on daemon addresses registry.
2026-04-17T11:09:20.520+0530 [DEBUG] [org.gradle.cache.internal.DefaultFileLockManager] Lock acquired on daemon addresses registry.
2026-04-17T11:09:20.520+0530 [DEBUG] [org.gradle.cache.internal.DefaultFileLockManager] Releasing lock on daemon addresses registry.
2026-04-17T11:09:20.521+0530 [DEBUG] [org.gradle.cache.internal.DefaultFileLockManager] Waiting to acquire shared lock on daemon addresses registry.
2026-04-17T11:09:20.521+0530 [DEBUG] [org.gradle.cache.internal.DefaultFileLockManager] Lock acquired on daemon addresses registry.
2026-04-17T11:09:20.521+0530 [DEBUG] [org.gradle.cache.internal.DefaultFileLockManager] Releasing lock on daemon addresses registry.
2026-04-17T11:09:20.521+0530 [DEBUG] [org.gradle.launcher.daemon.server.Daemon] Finished periodic daemon health check.
2026-04-17T11:09:30.519+0530 [DEBUG] [org.gradle.launcher.daemon.server.Daemon] Starting periodic daemon health check.
2026-04-17T11:09:30.520+0530 [DEBUG] [org.gradle.cache.internal.DefaultFileLockManager] Waiting to acquire shared lock on daemon addresses registry.
2026-04-17T11:09:30.520+0530 [DEBUG] [org.gradle.cache.internal.DefaultFileLockManager] Lock acquired on daemon addresses registry.
2026-04-17T11:09:30.520+0530 [DEBUG] [org.gradle.cache.internal.DefaultFileLockManager] Releasing lock on daemon addresses registry.
2026-04-17T11:09:30.520+0530 [DEBUG] [org.gradle.cache.internal.DefaultFileLockManager] Waiting to acquire shared lock on daemon addresses registry.
2026-04-17T11:09:30.520+0530 [DEBUG] [org.gradle.cache.internal.DefaultFileLockManager] Lock acquired on daemon addresses registry.
2026-04-17T11:09:30.520+0530 [DEBUG] [org.gradle.cache.internal.DefaultFileLockManager] Releasing lock on daemon addresses registry.
2026-04-17T11:09:30.521+0530 [DEBUG] [org.gradle.launcher.daemon.server.Daemon] Finished periodic daemon health check.
2026-04-17T11:09:40.519+0530 [DEBUG] [org.gradle.launcher.daemon.server.Daemon] Starting periodic daemon health check.
2026-04-17T11:09:40.520+0530 [DEBUG] [org.gradle.cache.internal.DefaultFileLockManager] Waiting to acquire shared lock on daemon addresses registry.
2026-04-17T11:09:40.520+0530 [DEBUG] [org.gradle.cache.internal.DefaultFileLockManager] Lock acquired on daemon addresses registry.
2026-04-17T11:09:40.520+0530 [DEBUG] [org.gradle.cache.internal.DefaultFileLockManager] Releasing lock on daemon addresses registry.
2026-04-17T11:09:40.521+0530 [DEBUG] [org.gradle.cache.internal.DefaultFileLockManager] Waiting to acquire shared lock on daemon addresses registry.
2026-04-17T11:09:40.521+0530 [DEBUG] [org.gradle.cache.internal.DefaultFileLockManager] Lock acquired on daemon addresses registry.
2026-04-17T11:09:40.521+0530 [DEBUG] [org.gradle.cache.internal.DefaultFileLockManager] Releasing lock on daemon addresses registry.
2026-04-17T11:09:40.521+0530 [DEBUG] [org.gradle.launcher.daemon.server.Daemon] Finished periodic daemon health check.
2026-04-17T11:09:50.519+0530 [DEBUG] [org.gradle.launcher.daemon.server.Daemon] Starting periodic daemon health check.
2026-04-17T11:09:50.519+0530 [DEBUG] [org.gradle.cache.internal.DefaultFileLockManager] Waiting to acquire shared lock on daemon addresses registry.
2026-04-17T11:09:50.520+0530 [DEBUG] [org.gradle.cache.internal.DefaultFileLockManager] Lock acquired on daemon addresses registry.
2026-04-17T11:09:50.520+0530 [DEBUG] [org.gradle.cache.internal.DefaultFileLockManager] Releasing lock on daemon addresses registry.
2026-04-17T11:09:50.520+0530 [DEBUG] [org.gradle.cache.internal.DefaultFileLockManager] Waiting to acquire shared lock on daemon addresses registry.
2026-04-17T11:09:50.520+0530 [DEBUG] [org.gradle.cache.internal.DefaultFileLockManager] Lock acquired on daemon addresses registry.
2026-04-17T11:09:50.521+0530 [DEBUG] [org.gradle.cache.internal.DefaultFileLockManager] Releasing lock on daemon addresses registry.
2026-04-17T11:09:50.521+0530 [DEBUG] [org.gradle.launcher.daemon.server.Daemon] Finished periodic daemon health check.
2026-04-17T11:10:00.519+0530 [DEBUG] [org.gradle.launcher.daemon.server.Daemon] Starting periodic daemon health check.
2026-04-17T11:10:00.519+0530 [DEBUG] [org.gradle.cache.internal.DefaultFileLockManager] Waiting to acquire shared lock on daemon addresses registry.
2026-04-17T11:10:00.519+0530 [DEBUG] [org.gradle.cache.internal.DefaultFileLockManager] Lock acquired on daemon addresses registry.
2026-04-17T11:10:00.519+0530 [DEBUG] [org.gradle.cache.internal.DefaultFileLockManager] Releasing lock on daemon addresses registry.
2026-04-17T11:10:00.520+0530 [DEBUG] [org.gradle.cache.internal.DefaultFileLockManager] Waiting to acquire shared lock on daemon addresses registry.
2026-04-17T11:10:00.520+0530 [DEBUG] [org.gradle.cache.internal.DefaultFileLockManager] Lock acquired on daemon addresses registry.
2026-04-17T11:10:00.520+0530 [DEBUG] [org.gradle.cache.internal.DefaultFileLockManager] Releasing lock on daemon addresses registry.
2026-04-17T11:10:00.520+0530 [DEBUG] [org.gradle.launcher.daemon.server.Daemon] Finished periodic daemon health check.
2026-04-17T11:10:10.519+0530 [DEBUG] [org.gradle.launcher.daemon.server.Daemon] Starting periodic daemon health check.
2026-04-17T11:10:10.519+0530 [DEBUG] [org.gradle.cache.internal.DefaultFileLockManager] Waiting to acquire shared lock on daemon addresses registry.
2026-04-17T11:10:10.519+0530 [DEBUG] [org.gradle.cache.internal.DefaultFileLockManager] Lock acquired on daemon addresses registry.
2026-04-17T11:10:10.519+0530 [DEBUG] [org.gradle.cache.internal.DefaultFileLockManager] Releasing lock on daemon addresses registry.
2026-04-17T11:10:10.520+0530 [DEBUG] [org.gradle.cache.internal.DefaultFileLockManager] Waiting to acquire shared lock on daemon addresses registry.
2026-04-17T11:10:10.520+0530 [DEBUG] [org.gradle.cache.internal.DefaultFileLockManager] Lock acquired on daemon addresses registry.
2026-04-17T11:10:10.520+0530 [DEBUG] [org.gradle.cache.internal.DefaultFileLockManager] Releasing lock on daemon addresses registry.
2026-04-17T11:10:10.520+0530 [DEBUG] [org.gradle.launcher.daemon.server.Daemon] Finished periodic daemon health check.
2026-04-17T11:10:20.519+0530 [DEBUG] [org.gradle.launcher.daemon.server.Daemon] Starting periodic daemon health check.
2026-04-17T11:10:20.520+0530 [DEBUG] [org.gradle.cache.internal.DefaultFileLockManager] Waiting to acquire shared lock on daemon addresses registry.
2026-04-17T11:10:20.520+0530 [DEBUG] [org.gradle.cache.internal.DefaultFileLockManager] Lock acquired on daemon addresses registry.
2026-04-17T11:10:20.520+0530 [DEBUG] [org.gradle.cache.internal.DefaultFileLockManager] Releasing lock on daemon addresses registry.
2026-04-17T11:10:20.521+0530 [DEBUG] [org.gradle.cache.internal.DefaultFileLockManager] Waiting to acquire shared lock on daemon addresses registry.
2026-04-17T11:10:20.521+0530 [DEBUG] [org.gradle.cache.internal.DefaultFileLockManager] Lock acquired on daemon addresses registry.
2026-04-17T11:10:20.521+0530 [DEBUG] [org.gradle.cache.internal.DefaultFileLockManager] Releasing lock on daemon addresses registry.
2026-04-17T11:10:20.521+0530 [DEBUG] [org.gradle.launcher.daemon.server.Daemon] Finished periodic daemon health check.
2026-04-17T11:10:30.520+0530 [DEBUG] [org.gradle.launcher.daemon.server.Daemon] Starting periodic daemon health check.
2026-04-17T11:10:30.520+0530 [DEBUG] [org.gradle.cache.internal.DefaultFileLockManager] Waiting to acquire shared lock on daemon addresses registry.
2026-04-17T11:10:30.520+0530 [DEBUG] [org.gradle.cache.internal.DefaultFileLockManager] Lock acquired on daemon addresses registry.
2026-04-17T11:10:30.520+0530 [DEBUG] [org.gradle.cache.internal.DefaultFileLockManager] Releasing lock on daemon addresses registry.
2026-04-17T11:10:30.521+0530 [DEBUG] [org.gradle.cache.internal.DefaultFileLockManager] Waiting to acquire shared lock on daemon addresses registry.
2026-04-17T11:10:30.521+0530 [DEBUG] [org.gradle.cache.internal.DefaultFileLockManager] Lock acquired on daemon addresses registry.
2026-04-17T11:10:30.521+0530 [DEBUG] [org.gradle.cache.internal.DefaultFileLockManager] Releasing lock on daemon addresses registry.
2026-04-17T11:10:30.521+0530 [DEBUG] [org.gradle.launcher.daemon.server.Daemon] Finished periodic daemon health check.
2026-04-17T11:10:40.520+0530 [DEBUG] [org.gradle.launcher.daemon.server.Daemon] Starting periodic daemon health check.
2026-04-17T11:10:40.520+0530 [DEBUG] [org.gradle.cache.internal.DefaultFileLockManager] Waiting to acquire shared lock on daemon addresses registry.
2026-04-17T11:10:40.520+0530 [DEBUG] [org.gradle.cache.internal.DefaultFileLockManager] Lock acquired on daemon addresses registry.
2026-04-17T11:10:40.520+0530 [DEBUG] [org.gradle.cache.internal.DefaultFileLockManager] Releasing lock on daemon addresses registry.
2026-04-17T11:10:40.521+0530 [DEBUG] [org.gradle.cache.internal.DefaultFileLockManager] Waiting to acquire shared lock on daemon addresses registry.
2026-04-17T11:10:40.521+0530 [DEBUG] [org.gradle.cache.internal.DefaultFileLockManager] Lock acquired on daemon addresses registry.
2026-04-17T11:10:40.521+0530 [DEBUG] [org.gradle.cache.internal.DefaultFileLockManager] Releasing lock on daemon addresses registry.
2026-04-17T11:10:40.521+0530 [DEBUG] [org.gradle.launcher.daemon.server.Daemon] Finished periodic daemon health check.
2026-04-17T11:10:50.519+0530 [DEBUG] [org.gradle.launcher.daemon.server.Daemon] Starting periodic daemon health check.
2026-04-17T11:10:50.519+0530 [DEBUG] [org.gradle.cache.internal.DefaultFileLockManager] Waiting to acquire shared lock on daemon addresses registry.
2026-04-17T11:10:50.519+0530 [DEBUG] [org.gradle.cache.internal.DefaultFileLockManager] Lock acquired on daemon addresses registry.
2026-04-17T11:10:50.519+0530 [DEBUG] [org.gradle.cache.internal.DefaultFileLockManager] Releasing lock on daemon addresses registry.
2026-04-17T11:10:50.519+0530 [DEBUG] [org.gradle.cache.internal.DefaultFileLockManager] Waiting to acquire shared lock on daemon addresses registry.
2026-04-17T11:10:50.520+0530 [DEBUG] [org.gradle.cache.internal.DefaultFileLockManager] Lock acquired on daemon addresses registry.
2026-04-17T11:10:50.520+0530 [DEBUG] [org.gradle.cache.internal.DefaultFileLockManager] Releasing lock on daemon addresses registry.
2026-04-17T11:10:50.520+0530 [DEBUG] [org.gradle.launcher.daemon.server.Daemon] Finished periodic daemon health check.
2026-04-17T11:11:00.519+0530 [DEBUG] [org.gradle.launcher.daemon.server.Daemon] Starting periodic daemon health check.
2026-04-17T11:11:00.520+0530 [DEBUG] [org.gradle.cache.internal.DefaultFileLockManager] Waiting to acquire shared lock on daemon addresses registry.
2026-04-17T11:11:00.520+0530 [DEBUG] [org.gradle.cache.internal.DefaultFileLockManager] Lock acquired on daemon addresses registry.
2026-04-17T11:11:00.520+0530 [DEBUG] [org.gradle.cache.internal.DefaultFileLockManager] Releasing lock on daemon addresses registry.
2026-04-17T11:11:00.520+0530 [DEBUG] [org.gradle.cache.internal.DefaultFileLockManager] Waiting to acquire shared lock on daemon addresses registry.
2026-04-17T11:11:00.520+0530 [DEBUG] [org.gradle.cache.internal.DefaultFileLockManager] Lock acquired on daemon addresses registry.
2026-04-17T11:11:00.521+0530 [DEBUG] [org.gradle.cache.internal.DefaultFileLockManager] Releasing lock on daemon addresses registry.
2026-04-17T11:11:00.521+0530 [DEBUG] [org.gradle.launcher.daemon.server.Daemon] Finished periodic daemon health check.
2026-04-17T11:11:10.519+0530 [DEBUG] [org.gradle.launcher.daemon.server.Daemon] Starting periodic daemon health check.
2026-04-17T11:11:10.519+0530 [DEBUG] [org.gradle.cache.internal.DefaultFileLockManager] Waiting to acquire shared lock on daemon addresses registry.
2026-04-17T11:11:10.519+0530 [DEBUG] [org.gradle.cache.internal.DefaultFileLockManager] Lock acquired on daemon addresses registry.
2026-04-17T11:11:10.520+0530 [DEBUG] [org.gradle.cache.internal.DefaultFileLockManager] Releasing lock on daemon addresses registry.
2026-04-17T11:11:10.520+0530 [DEBUG] [org.gradle.cache.internal.DefaultFileLockManager] Waiting to acquire shared lock on daemon addresses registry.
2026-04-17T11:11:10.520+0530 [DEBUG] [org.gradle.cache.internal.DefaultFileLockManager] Lock acquired on daemon addresses registry.
2026-04-17T11:11:10.520+0530 [DEBUG] [org.gradle.cache.internal.DefaultFileLockManager] Releasing lock on daemon addresses registry.
2026-04-17T11:11:10.520+0530 [DEBUG] [org.gradle.launcher.daemon.server.Daemon] Finished periodic daemon health check.
2026-04-17T11:11:20.519+0530 [DEBUG] [org.gradle.launcher.daemon.server.Daemon] Starting periodic daemon health check.
2026-04-17T11:11:20.519+0530 [DEBUG] [org.gradle.cache.internal.DefaultFileLockManager] Waiting to acquire shared lock on daemon addresses registry.
2026-04-17T11:11:20.519+0530 [DEBUG] [org.gradle.cache.internal.DefaultFileLockManager] Lock acquired on daemon addresses registry.
2026-04-17T11:11:20.520+0530 [DEBUG] [org.gradle.cache.internal.DefaultFileLockManager] Releasing lock on daemon addresses registry.
2026-04-17T11:11:20.520+0530 [DEBUG] [org.gradle.cache.internal.DefaultFileLockManager] Waiting to acquire shared lock on daemon addresses registry.
2026-04-17T11:11:20.520+0530 [DEBUG] [org.gradle.cache.internal.DefaultFileLockManager] Lock acquired on daemon addresses registry.
2026-04-17T11:11:20.520+0530 [DEBUG] [org.gradle.cache.internal.DefaultFileLockManager] Releasing lock on daemon addresses registry.
2026-04-17T11:11:20.521+0530 [DEBUG] [org.gradle.launcher.daemon.server.Daemon] Finished periodic daemon health check.
2026-04-17T11:11:30.520+0530 [DEBUG] [org.gradle.launcher.daemon.server.Daemon] Starting periodic daemon health check.
2026-04-17T11:11:30.520+0530 [DEBUG] [org.gradle.cache.internal.DefaultFileLockManager] Waiting to acquire shared lock on daemon addresses registry.
2026-04-17T11:11:30.520+0530 [DEBUG] [org.gradle.cache.internal.DefaultFileLockManager] Lock acquired on daemon addresses registry.
2026-04-17T11:11:30.521+0530 [DEBUG] [org.gradle.cache.internal.DefaultFileLockManager] Releasing lock on daemon addresses registry.
2026-04-17T11:11:30.521+0530 [DEBUG] [org.gradle.cache.internal.DefaultFileLockManager] Waiting to acquire shared lock on daemon addresses registry.
2026-04-17T11:11:30.521+0530 [DEBUG] [org.gradle.cache.internal.DefaultFileLockManager] Lock acquired on daemon addresses registry.
2026-04-17T11:11:30.521+0530 [DEBUG] [org.gradle.cache.internal.DefaultFileLockManager] Releasing lock on daemon addresses registry.
2026-04-17T11:11:30.521+0530 [DEBUG] [org.gradle.launcher.daemon.server.Daemon] Finished periodic daemon health check.
2026-04-17T11:11:40.519+0530 [DEBUG] [org.gradle.launcher.daemon.server.Daemon] Starting periodic daemon health check.
2026-04-17T11:11:40.520+0530 [DEBUG] [org.gradle.cache.internal.DefaultFileLockManager] Waiting to acquire shared lock on daemon addresses registry.
2026-04-17T11:11:40.520+0530 [DEBUG] [org.gradle.cache.internal.DefaultFileLockManager] Lock acquired on daemon addresses registry.
2026-04-17T11:11:40.520+0530 [DEBUG] [org.gradle.cache.internal.DefaultFileLockManager] Releasing lock on daemon addresses registry.
2026-04-17T11:11:40.520+0530 [DEBUG] [org.gradle.cache.internal.DefaultFileLockManager] Waiting to acquire shared lock on daemon addresses registry.
2026-04-17T11:11:40.520+0530 [DEBUG] [org.gradle.cache.internal.DefaultFileLockManager] Lock acquired on daemon addresses registry.
2026-04-17T11:11:40.521+0530 [DEBUG] [org.gradle.cache.internal.DefaultFileLockManager] Releasing lock on daemon addresses registry.
2026-04-17T11:11:40.521+0530 [DEBUG] [org.gradle.launcher.daemon.server.Daemon] Finished periodic daemon health check.
2026-04-17T11:11:50.519+0530 [DEBUG] [org.gradle.launcher.daemon.server.Daemon] Starting periodic daemon health check.
2026-04-17T11:11:50.520+0530 [DEBUG] [org.gradle.cache.internal.DefaultFileLockManager] Waiting to acquire shared lock on daemon addresses registry.
2026-04-17T11:11:50.520+0530 [DEBUG] [org.gradle.cache.internal.DefaultFileLockManager] Lock acquired on daemon addresses registry.
2026-04-17T11:11:50.520+0530 [DEBUG] [org.gradle.cache.internal.DefaultFileLockManager] Releasing lock on daemon addresses registry.
2026-04-17T11:11:50.520+0530 [DEBUG] [org.gradle.cache.internal.DefaultFileLockManager] Waiting to acquire shared lock on daemon addresses registry.
2026-04-17T11:11:50.521+0530 [DEBUG] [org.gradle.cache.internal.DefaultFileLockManager] Lock acquired on daemon addresses registry.
2026-04-17T11:11:50.521+0530 [DEBUG] [org.gradle.cache.internal.DefaultFileLockManager] Releasing lock on daemon addresses registry.
2026-04-17T11:11:50.521+0530 [DEBUG] [org.gradle.launcher.daemon.server.Daemon] Finished periodic daemon health check.
2026-04-17T11:12:00.519+0530 [DEBUG] [org.gradle.launcher.daemon.server.Daemon] Starting periodic daemon health check.
2026-04-17T11:12:00.519+0530 [DEBUG] [org.gradle.cache.internal.DefaultFileLockManager] Waiting to acquire shared lock on daemon addresses registry.
2026-04-17T11:12:00.520+0530 [DEBUG] [org.gradle.cache.internal.DefaultFileLockManager] Lock acquired on daemon addresses registry.
2026-04-17T11:12:00.520+0530 [DEBUG] [org.gradle.cache.internal.DefaultFileLockManager] Releasing lock on daemon addresses registry.
2026-04-17T11:12:00.520+0530 [DEBUG] [org.gradle.cache.internal.DefaultFileLockManager] Waiting to acquire shared lock on daemon addresses registry.
2026-04-17T11:12:00.520+0530 [DEBUG] [org.gradle.cache.internal.DefaultFileLockManager] Lock acquired on daemon addresses registry.
2026-04-17T11:12:00.520+0530 [DEBUG] [org.gradle.cache.internal.DefaultFileLockManager] Releasing lock on daemon addresses registry.
2026-04-17T11:12:00.521+0530 [DEBUG] [org.gradle.launcher.daemon.server.Daemon] Finished periodic daemon health check.
2026-04-17T11:12:10.519+0530 [DEBUG] [org.gradle.launcher.daemon.server.Daemon] Starting periodic daemon health check.
2026-04-17T11:12:10.520+0530 [DEBUG] [org.gradle.cache.internal.DefaultFileLockManager] Waiting to acquire shared lock on daemon addresses registry.
2026-04-17T11:12:10.520+0530 [DEBUG] [org.gradle.cache.internal.DefaultFileLockManager] Lock acquired on daemon addresses registry.
2026-04-17T11:12:10.520+0530 [DEBUG] [org.gradle.cache.internal.DefaultFileLockManager] Releasing lock on daemon addresses registry.
2026-04-17T11:12:10.521+0530 [DEBUG] [org.gradle.cache.internal.DefaultFileLockManager] Waiting to acquire shared lock on daemon addresses registry.
2026-04-17T11:12:10.521+0530 [DEBUG] [org.gradle.cache.internal.DefaultFileLockManager] Lock acquired on daemon addresses registry.
2026-04-17T11:12:10.521+0530 [DEBUG] [org.gradle.cache.internal.DefaultFileLockManager] Releasing lock on daemon addresses registry.
2026-04-17T11:12:10.521+0530 [DEBUG] [org.gradle.launcher.daemon.server.Daemon] Finished periodic daemon health check.
2026-04-17T11:12:20.519+0530 [DEBUG] [org.gradle.launcher.daemon.server.Daemon] Starting periodic daemon health check.
2026-04-17T11:12:20.519+0530 [DEBUG] [org.gradle.cache.internal.DefaultFileLockManager] Waiting to acquire shared lock on daemon addresses registry.
2026-04-17T11:12:20.519+0530 [DEBUG] [org.gradle.cache.internal.DefaultFileLockManager] Lock acquired on daemon addresses registry.
2026-04-17T11:12:20.520+0530 [DEBUG] [org.gradle.cache.internal.DefaultFileLockManager] Releasing lock on daemon addresses registry.
2026-04-17T11:12:20.520+0530 [DEBUG] [org.gradle.cache.internal.DefaultFileLockManager] Waiting to acquire shared lock on daemon addresses registry.
2026-04-17T11:12:20.520+0530 [DEBUG] [org.gradle.cache.internal.DefaultFileLockManager] Lock acquired on daemon addresses registry.
2026-04-17T11:12:20.520+0530 [DEBUG] [org.gradle.cache.internal.DefaultFileLockManager] Releasing lock on daemon addresses registry.
2026-04-17T11:12:20.520+0530 [DEBUG] [org.gradle.launcher.daemon.server.Daemon] Finished periodic daemon health check.
2026-04-17T11:12:30.519+0530 [DEBUG] [org.gradle.launcher.daemon.server.Daemon] Starting periodic daemon health check.
2026-04-17T11:12:30.520+0530 [DEBUG] [org.gradle.cache.internal.DefaultFileLockManager] Waiting to acquire shared lock on daemon addresses registry.
2026-04-17T11:12:30.520+0530 [DEBUG] [org.gradle.cache.internal.DefaultFileLockManager] Lock acquired on daemon addresses registry.
2026-04-17T11:12:30.520+0530 [DEBUG] [org.gradle.cache.internal.DefaultFileLockManager] Releasing lock on daemon addresses registry.
2026-04-17T11:12:30.521+0530 [DEBUG] [org.gradle.cache.internal.DefaultFileLockManager] Waiting to acquire shared lock on daemon addresses registry.
2026-04-17T11:12:30.521+0530 [DEBUG] [org.gradle.cache.internal.DefaultFileLockManager] Lock acquired on daemon addresses registry.
2026-04-17T11:12:30.521+0530 [DEBUG] [org.gradle.cache.internal.DefaultFileLockManager] Releasing lock on daemon addresses registry.
2026-04-17T11:12:30.521+0530 [DEBUG] [org.gradle.launcher.daemon.server.Daemon] Finished periodic daemon health check.
2026-04-17T11:12:40.519+0530 [DEBUG] [org.gradle.launcher.daemon.server.Daemon] Starting periodic daemon health check.
2026-04-17T11:12:40.519+0530 [DEBUG] [org.gradle.cache.internal.DefaultFileLockManager] Waiting to acquire shared lock on daemon addresses registry.
2026-04-17T11:12:40.519+0530 [DEBUG] [org.gradle.cache.internal.DefaultFileLockManager] Lock acquired on daemon addresses registry.
2026-04-17T11:12:40.520+0530 [DEBUG] [org.gradle.cache.internal.DefaultFileLockManager] Releasing lock on daemon addresses registry.
2026-04-17T11:12:40.520+0530 [DEBUG] [org.gradle.cache.internal.DefaultFileLockManager] Waiting to acquire shared lock on daemon addresses registry.
2026-04-17T11:12:40.520+0530 [DEBUG] [org.gradle.cache.internal.DefaultFileLockManager] Lock acquired on daemon addresses registry.
2026-04-17T11:12:40.520+0530 [DEBUG] [org.gradle.cache.internal.DefaultFileLockManager] Releasing lock on daemon addresses registry.
2026-04-17T11:12:40.520+0530 [DEBUG] [org.gradle.launcher.daemon.server.Daemon] Finished periodic daemon health check.
2026-04-17T11:12:50.519+0530 [DEBUG] [org.gradle.launcher.daemon.server.Daemon] Starting periodic daemon health check.
2026-04-17T11:12:50.520+0530 [DEBUG] [org.gradle.cache.internal.DefaultFileLockManager] Waiting to acquire shared lock on daemon addresses registry.
2026-04-17T11:12:50.520+0530 [DEBUG] [org.gradle.cache.internal.DefaultFileLockManager] Lock acquired on daemon addresses registry.
2026-04-17T11:12:50.520+0530 [DEBUG] [org.gradle.cache.internal.DefaultFileLockManager] Releasing lock on daemon addresses registry.
2026-04-17T11:12:50.521+0530 [DEBUG] [org.gradle.cache.internal.DefaultFileLockManager] Waiting to acquire shared lock on daemon addresses registry.
2026-04-17T11:12:50.521+0530 [DEBUG] [org.gradle.cache.internal.DefaultFileLockManager] Lock acquired on daemon addresses registry.
2026-04-17T11:12:50.521+0530 [DEBUG] [org.gradle.cache.internal.DefaultFileLockManager] Releasing lock on daemon addresses registry.
2026-04-17T11:12:50.521+0530 [DEBUG] [org.gradle.launcher.daemon.server.Daemon] Finished periodic daemon health check.
2026-04-17T11:13:00.519+0530 [DEBUG] [org.gradle.launcher.daemon.server.Daemon] Starting periodic daemon health check.
2026-04-17T11:13:00.520+0530 [DEBUG] [org.gradle.cache.internal.DefaultFileLockManager] Waiting to acquire shared lock on daemon addresses registry.
2026-04-17T11:13:00.520+0530 [DEBUG] [org.gradle.cache.internal.DefaultFileLockManager] Lock acquired on daemon addresses registry.
2026-04-17T11:13:00.520+0530 [DEBUG] [org.gradle.cache.internal.DefaultFileLockManager] Releasing lock on daemon addresses registry.
2026-04-17T11:13:00.521+0530 [DEBUG] [org.gradle.cache.internal.DefaultFileLockManager] Waiting to acquire shared lock on daemon addresses registry.
2026-04-17T11:13:00.521+0530 [DEBUG] [org.gradle.cache.internal.DefaultFileLockManager] Lock acquired on daemon addresses registry.
2026-04-17T11:13:00.521+0530 [DEBUG] [org.gradle.cache.internal.DefaultFileLockManager] Releasing lock on daemon addresses registry.
2026-04-17T11:13:00.521+0530 [DEBUG] [org.gradle.launcher.daemon.server.Daemon] Finished periodic daemon health check.
2026-04-17T11:13:10.519+0530 [DEBUG] [org.gradle.launcher.daemon.server.Daemon] Starting periodic daemon health check.
2026-04-17T11:13:10.520+0530 [DEBUG] [org.gradle.cache.internal.DefaultFileLockManager] Waiting to acquire shared lock on daemon addresses registry.
2026-04-17T11:13:10.520+0530 [DEBUG] [org.gradle.cache.internal.DefaultFileLockManager] Lock acquired on daemon addresses registry.
2026-04-17T11:13:10.520+0530 [DEBUG] [org.gradle.cache.internal.DefaultFileLockManager] Releasing lock on daemon addresses registry.
2026-04-17T11:13:10.521+0530 [DEBUG] [org.gradle.cache.internal.DefaultFileLockManager] Waiting to acquire shared lock on daemon addresses registry.
2026-04-17T11:13:10.521+0530 [DEBUG] [org.gradle.cache.internal.DefaultFileLockManager] Lock acquired on daemon addresses registry.
2026-04-17T11:13:10.521+0530 [DEBUG] [org.gradle.cache.internal.DefaultFileLockManager] Releasing lock on daemon addresses registry.
2026-04-17T11:13:10.521+0530 [DEBUG] [org.gradle.launcher.daemon.server.Daemon] Finished periodic daemon health check.
2026-04-17T11:13:20.519+0530 [DEBUG] [org.gradle.launcher.daemon.server.Daemon] Starting periodic daemon health check.
2026-04-17T11:13:20.520+0530 [DEBUG] [org.gradle.cache.internal.DefaultFileLockManager] Waiting to acquire shared lock on daemon addresses registry.
2026-04-17T11:13:20.520+0530 [DEBUG] [org.gradle.cache.internal.DefaultFileLockManager] Lock acquired on daemon addresses registry.
2026-04-17T11:13:20.520+0530 [DEBUG] [org.gradle.cache.internal.DefaultFileLockManager] Releasing lock on daemon addresses registry.
2026-04-17T11:13:20.520+0530 [DEBUG] [org.gradle.cache.internal.DefaultFileLockManager] Waiting to acquire shared lock on daemon addresses registry.
2026-04-17T11:13:20.520+0530 [DEBUG] [org.gradle.cache.internal.DefaultFileLockManager] Lock acquired on daemon addresses registry.
2026-04-17T11:13:20.521+0530 [DEBUG] [org.gradle.cache.internal.DefaultFileLockManager] Releasing lock on daemon addresses registry.
2026-04-17T11:13:20.521+0530 [DEBUG] [org.gradle.launcher.daemon.server.Daemon] Finished periodic daemon health check.
2026-04-17T11:13:30.519+0530 [DEBUG] [org.gradle.launcher.daemon.server.Daemon] Starting periodic daemon health check.
2026-04-17T11:13:30.519+0530 [DEBUG] [org.gradle.cache.internal.DefaultFileLockManager] Waiting to acquire shared lock on daemon addresses registry.
2026-04-17T11:13:30.519+0530 [DEBUG] [org.gradle.cache.internal.DefaultFileLockManager] Lock acquired on daemon addresses registry.
2026-04-17T11:13:30.520+0530 [DEBUG] [org.gradle.cache.internal.DefaultFileLockManager] Releasing lock on daemon addresses registry.
2026-04-17T11:13:30.520+0530 [DEBUG] [org.gradle.cache.internal.DefaultFileLockManager] Waiting to acquire shared lock on daemon addresses registry.
2026-04-17T11:13:30.520+0530 [DEBUG] [org.gradle.cache.internal.DefaultFileLockManager] Lock acquired on daemon addresses registry.
2026-04-17T11:13:30.520+0530 [DEBUG] [org.gradle.cache.internal.DefaultFileLockManager] Releasing lock on daemon addresses registry.
2026-04-17T11:13:30.520+0530 [DEBUG] [org.gradle.launcher.daemon.server.Daemon] Finished periodic daemon health check.
2026-04-17T11:13:40.519+0530 [DEBUG] [org.gradle.launcher.daemon.server.Daemon] Starting periodic daemon health check.
2026-04-17T11:13:40.520+0530 [DEBUG] [org.gradle.cache.internal.DefaultFileLockManager] Waiting to acquire shared lock on daemon addresses registry.
2026-04-17T11:13:40.520+0530 [DEBUG] [org.gradle.cache.internal.DefaultFileLockManager] Lock acquired on daemon addresses registry.
2026-04-17T11:13:40.520+0530 [DEBUG] [org.gradle.cache.internal.DefaultFileLockManager] Releasing lock on daemon addresses registry.
2026-04-17T11:13:40.521+0530 [DEBUG] [org.gradle.cache.internal.DefaultFileLockManager] Waiting to acquire shared lock on daemon addresses registry.
2026-04-17T11:13:40.521+0530 [DEBUG] [org.gradle.cache.internal.DefaultFileLockManager] Lock acquired on daemon addresses registry.
2026-04-17T11:13:40.521+0530 [DEBUG] [org.gradle.cache.internal.DefaultFileLockManager] Releasing lock on daemon addresses registry.
2026-04-17T11:13:40.521+0530 [DEBUG] [org.gradle.launcher.daemon.server.Daemon] Finished periodic daemon health check.
2026-04-17T11:13:50.519+0530 [DEBUG] [org.gradle.launcher.daemon.server.Daemon] Starting periodic daemon health check.
2026-04-17T11:13:50.519+0530 [DEBUG] [org.gradle.cache.internal.DefaultFileLockManager] Waiting to acquire shared lock on daemon addresses registry.
2026-04-17T11:13:50.520+0530 [DEBUG] [org.gradle.cache.internal.DefaultFileLockManager] Lock acquired on daemon addresses registry.
2026-04-17T11:13:50.520+0530 [DEBUG] [org.gradle.cache.internal.DefaultFileLockManager] Releasing lock on daemon addresses registry.
2026-04-17T11:13:50.520+0530 [DEBUG] [org.gradle.cache.internal.DefaultFileLockManager] Waiting to acquire shared lock on daemon addresses registry.
2026-04-17T11:13:50.520+0530 [DEBUG] [org.gradle.cache.internal.DefaultFileLockManager] Lock acquired on daemon addresses registry.
2026-04-17T11:13:50.520+0530 [DEBUG] [org.gradle.cache.internal.DefaultFileLockManager] Releasing lock on daemon addresses registry.
2026-04-17T11:13:50.520+0530 [DEBUG] [org.gradle.launcher.daemon.server.Daemon] Finished periodic daemon health check.
2026-04-17T11:14:00.519+0530 [DEBUG] [org.gradle.launcher.daemon.server.Daemon] Starting periodic daemon health check.
2026-04-17T11:14:00.519+0530 [DEBUG] [org.gradle.cache.internal.DefaultFileLockManager] Waiting to acquire shared lock on daemon addresses registry.
2026-04-17T11:14:00.520+0530 [DEBUG] [org.gradle.cache.internal.DefaultFileLockManager] Lock acquired on daemon addresses registry.
2026-04-17T11:14:00.520+0530 [DEBUG] [org.gradle.cache.internal.DefaultFileLockManager] Releasing lock on daemon addresses registry.
2026-04-17T11:14:00.520+0530 [DEBUG] [org.gradle.cache.internal.DefaultFileLockManager] Waiting to acquire shared lock on daemon addresses registry.
2026-04-17T11:14:00.520+0530 [DEBUG] [org.gradle.cache.internal.DefaultFileLockManager] Lock acquired on daemon addresses registry.
2026-04-17T11:14:00.520+0530 [DEBUG] [org.gradle.cache.internal.DefaultFileLockManager] Releasing lock on daemon addresses registry.
2026-04-17T11:14:00.520+0530 [DEBUG] [org.gradle.launcher.daemon.server.Daemon] Finished periodic daemon health check.
2026-04-17T11:14:10.520+0530 [DEBUG] [org.gradle.launcher.daemon.server.Daemon] Starting periodic daemon health check.
2026-04-17T11:14:10.520+0530 [DEBUG] [org.gradle.cache.internal.DefaultFileLockManager] Waiting to acquire shared lock on daemon addresses registry.
2026-04-17T11:14:10.520+0530 [DEBUG] [org.gradle.cache.internal.DefaultFileLockManager] Lock acquired on daemon addresses registry.
2026-04-17T11:14:10.520+0530 [DEBUG] [org.gradle.cache.internal.DefaultFileLockManager] Releasing lock on daemon addresses registry.
2026-04-17T11:14:10.521+0530 [DEBUG] [org.gradle.cache.internal.DefaultFileLockManager] Waiting to acquire shared lock on daemon addresses registry.
2026-04-17T11:14:10.521+0530 [DEBUG] [org.gradle.cache.internal.DefaultFileLockManager] Lock acquired on daemon addresses registry.
2026-04-17T11:14:10.521+0530 [DEBUG] [org.gradle.cache.internal.DefaultFileLockManager] Releasing lock on daemon addresses registry.
2026-04-17T11:14:10.521+0530 [DEBUG] [org.gradle.launcher.daemon.server.Daemon] Finished periodic daemon health check.
2026-04-17T11:14:20.519+0530 [DEBUG] [org.gradle.launcher.daemon.server.Daemon] Starting periodic daemon health check.
2026-04-17T11:14:20.520+0530 [DEBUG] [org.gradle.cache.internal.DefaultFileLockManager] Waiting to acquire shared lock on daemon addresses registry.
2026-04-17T11:14:20.520+0530 [DEBUG] [org.gradle.cache.internal.DefaultFileLockManager] Lock acquired on daemon addresses registry.
2026-04-17T11:14:20.520+0530 [DEBUG] [org.gradle.cache.internal.DefaultFileLockManager] Releasing lock on daemon addresses registry.
2026-04-17T11:14:20.520+0530 [DEBUG] [org.gradle.cache.internal.DefaultFileLockManager] Waiting to acquire shared lock on daemon addresses registry.
2026-04-17T11:14:20.520+0530 [DEBUG] [org.gradle.cache.internal.DefaultFileLockManager] Lock acquired on daemon addresses registry.
2026-04-17T11:14:20.520+0530 [DEBUG] [org.gradle.cache.internal.DefaultFileLockManager] Releasing lock on daemon addresses registry.
2026-04-17T11:14:20.521+0530 [DEBUG] [org.gradle.launcher.daemon.server.Daemon] Finished periodic daemon health check.
2026-04-17T11:14:30.519+0530 [DEBUG] [org.gradle.launcher.daemon.server.Daemon] Starting periodic daemon health check.
2026-04-17T11:14:30.519+0530 [DEBUG] [org.gradle.cache.internal.DefaultFileLockManager] Waiting to acquire shared lock on daemon addresses registry.
2026-04-17T11:14:30.519+0530 [DEBUG] [org.gradle.cache.internal.DefaultFileLockManager] Lock acquired on daemon addresses registry.
2026-04-17T11:14:30.520+0530 [DEBUG] [org.gradle.cache.internal.DefaultFileLockManager] Releasing lock on daemon addresses registry.
2026-04-17T11:14:30.520+0530 [DEBUG] [org.gradle.cache.internal.DefaultFileLockManager] Waiting to acquire shared lock on daemon addresses registry.
2026-04-17T11:14:30.520+0530 [DEBUG] [org.gradle.cache.internal.DefaultFileLockManager] Lock acquired on daemon addresses registry.
2026-04-17T11:14:30.520+0530 [DEBUG] [org.gradle.cache.internal.DefaultFileLockManager] Releasing lock on daemon addresses registry.
2026-04-17T11:14:30.520+0530 [DEBUG] [org.gradle.launcher.daemon.server.Daemon] Finished periodic daemon health check.
2026-04-17T11:14:40.519+0530 [DEBUG] [org.gradle.launcher.daemon.server.Daemon] Starting periodic daemon health check.
2026-04-17T11:14:40.519+0530 [DEBUG] [org.gradle.cache.internal.DefaultFileLockManager] Waiting to acquire shared lock on daemon addresses registry.
2026-04-17T11:14:40.519+0530 [DEBUG] [org.gradle.cache.internal.DefaultFileLockManager] Lock acquired on daemon addresses registry.
2026-04-17T11:14:40.519+0530 [DEBUG] [org.gradle.cache.internal.DefaultFileLockManager] Releasing lock on daemon addresses registry.
2026-04-17T11:14:40.519+0530 [DEBUG] [org.gradle.cache.internal.DefaultFileLockManager] Waiting to acquire shared lock on daemon addresses registry.
2026-04-17T11:14:40.519+0530 [DEBUG] [org.gradle.cache.internal.DefaultFileLockManager] Lock acquired on daemon addresses registry.
2026-04-17T11:14:40.520+0530 [DEBUG] [org.gradle.cache.internal.DefaultFileLockManager] Releasing lock on daemon addresses registry.
2026-04-17T11:14:40.520+0530 [DEBUG] [org.gradle.launcher.daemon.server.Daemon] Finished periodic daemon health check.
2026-04-17T11:14:50.519+0530 [DEBUG] [org.gradle.launcher.daemon.server.Daemon] Starting periodic daemon health check.
2026-04-17T11:14:50.519+0530 [DEBUG] [org.gradle.cache.internal.DefaultFileLockManager] Waiting to acquire shared lock on daemon addresses registry.
2026-04-17T11:14:50.519+0530 [DEBUG] [org.gradle.cache.internal.DefaultFileLockManager] Lock acquired on daemon addresses registry.
2026-04-17T11:14:50.520+0530 [DEBUG] [org.gradle.cache.internal.DefaultFileLockManager] Releasing lock on daemon addresses registry.
2026-04-17T11:14:50.520+0530 [DEBUG] [org.gradle.cache.internal.DefaultFileLockManager] Waiting to acquire shared lock on daemon addresses registry.
2026-04-17T11:14:50.520+0530 [DEBUG] [org.gradle.cache.internal.DefaultFileLockManager] Lock acquired on daemon addresses registry.
2026-04-17T11:14:50.520+0530 [DEBUG] [org.gradle.cache.internal.DefaultFileLockManager] Releasing lock on daemon addresses registry.
2026-04-17T11:14:50.520+0530 [DEBUG] [org.gradle.launcher.daemon.server.Daemon] Finished periodic daemon health check.
2026-04-17T11:15:00.519+0530 [DEBUG] [org.gradle.launcher.daemon.server.Daemon] Starting periodic daemon health check.
2026-04-17T11:15:00.520+0530 [DEBUG] [org.gradle.cache.internal.DefaultFileLockManager] Waiting to acquire shared lock on daemon addresses registry.
2026-04-17T11:15:00.520+0530 [DEBUG] [org.gradle.cache.internal.DefaultFileLockManager] Lock acquired on daemon addresses registry.
2026-04-17T11:15:00.520+0530 [DEBUG] [org.gradle.cache.internal.DefaultFileLockManager] Releasing lock on daemon addresses registry.
2026-04-17T11:15:00.521+0530 [DEBUG] [org.gradle.cache.internal.DefaultFileLockManager] Waiting to acquire shared lock on daemon addresses registry.
2026-04-17T11:15:00.521+0530 [DEBUG] [org.gradle.cache.internal.DefaultFileLockManager] Lock acquired on daemon addresses registry.
2026-04-17T11:15:00.521+0530 [DEBUG] [org.gradle.cache.internal.DefaultFileLockManager] Releasing lock on daemon addresses registry.
2026-04-17T11:15:00.521+0530 [DEBUG] [org.gradle.launcher.daemon.server.Daemon] Finished periodic daemon health check.
2026-04-17T11:15:10.519+0530 [DEBUG] [org.gradle.launcher.daemon.server.Daemon] Starting periodic daemon health check.
2026-04-17T11:15:10.519+0530 [DEBUG] [org.gradle.cache.internal.DefaultFileLockManager] Waiting to acquire shared lock on daemon addresses registry.
2026-04-17T11:15:10.519+0530 [DEBUG] [org.gradle.cache.internal.DefaultFileLockManager] Lock acquired on daemon addresses registry.
2026-04-17T11:15:10.519+0530 [DEBUG] [org.gradle.cache.internal.DefaultFileLockManager] Releasing lock on daemon addresses registry.
2026-04-17T11:15:10.520+0530 [DEBUG] [org.gradle.cache.internal.DefaultFileLockManager] Waiting to acquire shared lock on daemon addresses registry.
2026-04-17T11:15:10.520+0530 [DEBUG] [org.gradle.cache.internal.DefaultFileLockManager] Lock acquired on daemon addresses registry.
2026-04-17T11:15:10.520+0530 [DEBUG] [org.gradle.cache.internal.DefaultFileLockManager] Releasing lock on daemon addresses registry.
2026-04-17T11:15:10.520+0530 [DEBUG] [org.gradle.launcher.daemon.server.Daemon] Finished periodic daemon health check.
2026-04-17T11:15:11.456+0530 [DEBUG] [org.gradle.cache.internal.locklistener.DefaultFileLockCommunicator] Confirming unlock request to process at port 49408 for lock with id -4118273204178891784.
2026-04-17T11:15:11.456+0530 [DEBUG] [org.gradle.cache.internal.LockOnDemandCrossProcessCacheAccess] Lock on jars (/home/intervest/Desktop/IIT/cloud/cw1/cc-cw-group-03/search_service/caches/jars-9) requested by another process - releasing lock.
2026-04-17T11:15:11.457+0530 [DEBUG] [org.gradle.cache.internal.LockOnDemandCrossProcessCacheAccess] Releasing file lock for jars (/home/intervest/Desktop/IIT/cloud/cw1/cc-cw-group-03/search_service/caches/jars-9)
2026-04-17T11:15:11.457+0530 [DEBUG] [org.gradle.cache.internal.DefaultFileLockManager] Releasing lock on jars (/home/intervest/Desktop/IIT/cloud/cw1/cc-cw-group-03/search_service/caches/jars-9).
2026-04-17T11:15:11.457+0530 [DEBUG] [org.gradle.cache.internal.locklistener.DefaultFileLockCommunicator] Confirming lock release to process at port 49408 for lock with id -4118273204178891784.
2026-04-17T11:15:11.458+0530 [DEBUG] [org.gradle.cache.internal.LockOnDemandCrossProcessCacheAccess] Lock on file hash cache (/home/intervest/Desktop/IIT/cloud/cw1/cc-cw-group-03/search_service/caches/9.3.1/fileHashes) requested by another process - releasing lock.
2026-04-17T11:15:11.458+0530 [DEBUG] [org.gradle.cache.internal.LockOnDemandCrossProcessCacheAccess] Releasing file lock for file hash cache (/home/intervest/Desktop/IIT/cloud/cw1/cc-cw-group-03/search_service/caches/9.3.1/fileHashes)
2026-04-17T11:15:11.458+0530 [DEBUG] [org.gradle.cache.internal.locklistener.DefaultFileLockCommunicator] Confirming unlock request to process at port 49408 for lock with id -4929435290240023198.
2026-04-17T11:15:11.458+0530 [DEBUG] [org.gradle.cache.internal.btree.BTreePersistentIndexedCache] Closing cache fileHashes.bin (/home/intervest/Desktop/IIT/cloud/cw1/cc-cw-group-03/search_service/caches/9.3.1/fileHashes/fileHashes.bin)
2026-04-17T11:15:11.459+0530 [DEBUG] [org.gradle.cache.internal.btree.BTreePersistentIndexedCache] Closing cache resourceHashesCache.bin (/home/intervest/Desktop/IIT/cloud/cw1/cc-cw-group-03/search_service/caches/9.3.1/fileHashes/resourceHashesCache.bin)
2026-04-17T11:15:11.459+0530 [DEBUG] [org.gradle.cache.internal.DefaultFileLockManager] Releasing lock on file hash cache (/home/intervest/Desktop/IIT/cloud/cw1/cc-cw-group-03/search_service/caches/9.3.1/fileHashes).
2026-04-17T11:15:11.459+0530 [DEBUG] [org.gradle.cache.internal.locklistener.DefaultFileLockCommunicator] Confirming lock release to process at port 49408 for lock with id -4929435290240023198.
2026-04-17T11:15:11.464+0530 [DEBUG] [org.gradle.internal.remote.internal.inet.TcpIncomingConnector] Accepted connection from /127.0.0.1:51526 to /127.0.0.1:38301.
2026-04-17T11:15:11.465+0530 [DEBUG] [org.gradle.cache.internal.locklistener.DefaultFileLockCommunicator] Confirming unlock request to process at port 49408 for lock with id 8179135089930178037.
2026-04-17T11:15:11.465+0530 [DEBUG] [org.gradle.cache.internal.LockOnDemandCrossProcessCacheAccess] Lock on journal cache (/home/intervest/Desktop/IIT/cloud/cw1/cc-cw-group-03/search_service/caches/journal-1) requested by another process - releasing lock.
2026-04-17T11:15:11.465+0530 [DEBUG] [org.gradle.cache.internal.LockOnDemandCrossProcessCacheAccess] Releasing file lock for journal cache (/home/intervest/Desktop/IIT/cloud/cw1/cc-cw-group-03/search_service/caches/journal-1)
2026-04-17T11:15:11.465+0530 [DEBUG] [org.gradle.cache.internal.btree.BTreePersistentIndexedCache] Closing cache file-access.bin (/home/intervest/Desktop/IIT/cloud/cw1/cc-cw-group-03/search_service/caches/journal-1/file-access.bin)
2026-04-17T11:15:11.465+0530 [DEBUG] [org.gradle.cache.internal.DefaultFileLockManager] Releasing lock on journal cache (/home/intervest/Desktop/IIT/cloud/cw1/cc-cw-group-03/search_service/caches/journal-1).
2026-04-17T11:15:11.465+0530 [DEBUG] [org.gradle.cache.internal.locklistener.DefaultFileLockCommunicator] Confirming lock release to process at port 49408 for lock with id 8179135089930178037.
2026-04-17T11:15:11.467+0530 [DEBUG] [org.gradle.launcher.daemon.server.SynchronizedDispatchConnection] thread 231: received class org.gradle.launcher.daemon.protocol.Build
2026-04-17T11:15:11.467+0530 [DEBUG] [org.gradle.launcher.daemon.server.DefaultDaemonConnection] thread 231: Received non-IO message from client: Build{id=a8064985-ad9e-4a6e-90cb-4dc16e6168cd, currentDir=/home/intervest/Desktop/IIT/cloud/cw1/cc-cw-group-03/bff_service}
2026-04-17T11:15:11.467+0530 [INFO] [org.gradle.launcher.daemon.server.DefaultIncomingConnectionHandler] Received command: Build{id=a8064985-ad9e-4a6e-90cb-4dc16e6168cd, currentDir=/home/intervest/Desktop/IIT/cloud/cw1/cc-cw-group-03/bff_service}.
2026-04-17T11:15:11.467+0530 [DEBUG] [org.gradle.launcher.daemon.server.DefaultIncomingConnectionHandler] Starting executing command: Build{id=a8064985-ad9e-4a6e-90cb-4dc16e6168cd, currentDir=/home/intervest/Desktop/IIT/cloud/cw1/cc-cw-group-03/bff_service} with connection: socket connection from /127.0.0.1:38301 to /127.0.0.1:51526.
2026-04-17T11:15:11.467+0530 [DEBUG] [org.gradle.launcher.daemon.server.DaemonStateCoordinator] Command execution: started DaemonCommandExecution[command = Build{id=a8064985-ad9e-4a6e-90cb-4dc16e6168cd, currentDir=/home/intervest/Desktop/IIT/cloud/cw1/cc-cw-group-03/bff_service}, connection = DefaultDaemonConnection: socket connection from /127.0.0.1:38301 to /127.0.0.1:51526] after 61.463483333333336 minutes of idle
2026-04-17T11:15:11.467+0530 [INFO] [org.gradle.launcher.daemon.server.DaemonRegistryUpdater] Marking the daemon as busy, address: [fc206312-0373-4cf7-9a23-83a451f5e6d9 port:38301, addresses:[localhost/127.0.0.1]]
2026-04-17T11:15:11.467+0530 [DEBUG] [org.gradle.launcher.daemon.registry.PersistentDaemonRegistry] Marking busy by address: [fc206312-0373-4cf7-9a23-83a451f5e6d9 port:38301, addresses:[localhost/127.0.0.1]]
2026-04-17T11:15:11.467+0530 [DEBUG] [org.gradle.cache.internal.DefaultFileLockManager] Waiting to acquire exclusive lock on daemon addresses registry.
2026-04-17T11:15:11.468+0530 [DEBUG] [org.gradle.cache.internal.DefaultFileLockManager] Lock acquired on daemon addresses registry.
2026-04-17T11:15:11.468+0530 [DEBUG] [org.gradle.cache.internal.DefaultFileLockManager] Releasing lock on daemon addresses registry.
2026-04-17T11:15:11.468+0530 [DEBUG] [org.gradle.launcher.daemon.server.DaemonStateCoordinator] resetting idle timer
2026-04-17T11:15:11.468+0530 [DEBUG] [org.gradle.launcher.daemon.server.DaemonStateCoordinator] daemon is running. Sleeping until state changes.
2026-04-17T11:15:11.469+0530 [INFO] [org.gradle.launcher.daemon.server.exec.StartBuildOrRespondWithBusy] Daemon is about to start building Build{id=a8064985-ad9e-4a6e-90cb-4dc16e6168cd, currentDir=/home/intervest/Desktop/IIT/cloud/cw1/cc-cw-group-03/bff_service}. Dispatching build started information...
2026-04-17T11:15:11.469+0530 [DEBUG] [org.gradle.launcher.daemon.server.SynchronizedDispatchConnection] thread 233: dispatching org.gradle.launcher.daemon.protocol.BuildStarted@2f9be1cb
2026-04-17T11:15:11.469+0530 [DEBUG] [org.gradle.launcher.daemon.server.exec.EstablishBuildEnvironment] Configuring env variables: [PATH, XAUTHORITY, INVOCATION_ID, LC_MEASUREMENT, XMODIFIERS, LC_TELEPHONE, GDMSESSION, XDG_DATA_DIRS, LC_TIME, GTK_IM_MODULE, DBUS_SESSION_BUS_ADDRESS, XDG_CURRENT_DESKTOP, JOURNAL_STREAM, LC_PAPER, USERNAME, SESSION_MANAGER, LOGNAME, PWD, MANAGERPID, IM_CONFIG_PHASE, GJS_DEBUG_TOPICS, SHELL, LC_ADDRESS, GIO_LAUNCHED_DESKTOP_FILE, GNOME_DESKTOP_SESSION_ID, GTK_MODULES, SYSTEMD_EXEC_PID, XDG_SESSION_DESKTOP, SSH_AGENT_LAUNCHER, SHLVL, LC_IDENTIFICATION, LC_MONETARY, QT_IM_MODULE, XDG_CONFIG_DIRS, LANG, XDG_SESSION_TYPE, DISPLAY, LC_NAME, _, XDG_SESSION_CLASS, GTK3_MODULES, GPG_AGENT_INFO, DESKTOP_SESSION, USER, XDG_MENU_PREFIX, GIO_LAUNCHED_DESKTOP_FILE_PID, WINDOWPATH, QT_ACCESSIBILITY, GJS_DEBUG_OUTPUT, LC_NUMERIC, SSH_AUTH_SOCK, GNOME_SHELL_SESSION_MODE, XDG_RUNTIME_DIR, HOME]
2026-04-17T11:15:11.470+0530 [DEBUG] [org.gradle.launcher.daemon.server.exec.LogToClient] About to start relaying all logs to the client via the connection.
2026-04-17T11:15:11.470+0530 [INFO] [org.gradle.launcher.daemon.server.exec.LogToClient] The client will now receive all logging from the daemon (pid: 33694). The daemon log file: /home/intervest/Desktop/IIT/cloud/cw1/cc-cw-group-03/search_service/daemon/9.3.1/daemon-33694.out.log
2026-04-17T11:15:11.475+0530 [INFO] [org.gradle.launcher.daemon.server.exec.LogAndCheckHealth] Starting 2nd build in daemon [uptime: 1 hrs 1 mins 51.385 secs, performance: 99%, GC rate: 0.00/s, heap usage: 0% of 512 MiB, non-heap usage: 23% of 384 MiB]
2026-04-17T11:15:11.475+0530 [DEBUG] [org.gradle.launcher.daemon.server.exec.ExecuteBuild] The daemon has started executing the build.
2026-04-17T11:15:11.475+0530 [DEBUG] [org.gradle.launcher.daemon.server.exec.ExecuteBuild] Executing build with daemon context: DefaultDaemonContext[uid=20f98145-0260-443e-839b-ec63b4bb6571,javaHome=/home/intervest/.jdks/openjdk-25.0.2,javaVersion=25,javaVendor=Oracle Corporation,daemonRegistryDir=/home/intervest/Desktop/IIT/cloud/cw1/cc-cw-group-03/search_service/daemon,pid=33694,idleTimeout=10800000,priority=NORMAL,applyInstrumentationAgent=true,nativeServicesMode=ENABLED,daemonOpts=-XX:MaxMetaspaceSize=384m,-XX:+HeapDumpOnOutOfMemoryError,-Xms256m,-Xmx512m,-Dfile.encoding=UTF-8,-Duser.country=US,-Duser.language=en,-Duser.variant]

[Incubating] Problems report is available at: file:///home/intervest/Desktop/IIT/cloud/cw1/cc-cw-group-03/salary_submission_service/build/reports/problems/problems-report.html

Deprecated Gradle features were used in this build, making it incompatible with Gradle 10.

You can use '--warning-mode all' to show the individual deprecation warnings and determine if they come from your own scripts or plugins.

For more on this, please refer to https://docs.gradle.org/9.3.1/userguide/command_line_interface.html#sec:command_line_warnings in the Gradle documentation.

BUILD SUCCESSFUL in 1s
2026-04-17T11:15:13.009+0530 [DEBUG] [org.gradle.launcher.daemon.server.exec.ExecuteBuild] The daemon has finished executing the build.
2026-04-17T11:15:13.012+0530 [DEBUG] [org.gradle.launcher.daemon.server.DaemonStateCoordinator] daemon is running. Sleeping until state changes.
2026-04-17T11:15:13.012+0530 [DEBUG] [org.gradle.launcher.daemon.server.DaemonStateCoordinator] Command execution: finished waiting for DaemonCommandExecution[command = Build{id=a8064985-ad9e-4a6e-90cb-4dc16e6168cd, currentDir=/home/intervest/Desktop/IIT/cloud/cw1/cc-cw-group-03/bff_service}, connection = DefaultDaemonConnection: socket connection from /127.0.0.1:38301 to /127.0.0.1:51526]. Result org.gradle.launcher.daemon.server.DaemonStateCoordinator@2892bb90 with state Busy
2026-04-17T11:15:13.012+0530 [DEBUG] [org.gradle.launcher.daemon.server.DaemonStateCoordinator] Command execution: completed DaemonCommandExecution[command = Build{id=a8064985-ad9e-4a6e-90cb-4dc16e6168cd, currentDir=/home/intervest/Desktop/IIT/cloud/cw1/cc-cw-group-03/bff_service}, connection = DefaultDaemonConnection: socket connection from /127.0.0.1:38301 to /127.0.0.1:51526]
2026-04-17T11:15:13.012+0530 [DEBUG] [org.gradle.launcher.daemon.server.DaemonStateCoordinator] resetting idle timer
2026-04-17T11:15:13.012+0530 [INFO] [org.gradle.launcher.daemon.server.DaemonRegistryUpdater] Marking the daemon as idle, address: [fc206312-0373-4cf7-9a23-83a451f5e6d9 port:38301, addresses:[localhost/127.0.0.1]]
2026-04-17T11:15:13.012+0530 [DEBUG] [org.gradle.launcher.daemon.registry.PersistentDaemonRegistry] Marking busy by address: [fc206312-0373-4cf7-9a23-83a451f5e6d9 port:38301, addresses:[localhost/127.0.0.1]]
2026-04-17T11:15:13.012+0530 [DEBUG] [org.gradle.cache.internal.DefaultFileLockManager] Waiting to acquire exclusive lock on daemon addresses registry.
2026-04-17T11:15:13.013+0530 [DEBUG] [org.gradle.cache.internal.DefaultFileLockManager] Lock acquired on daemon addresses registry.
2026-04-17T11:15:13.013+0530 [DEBUG] [org.gradle.cache.internal.DefaultFileLockManager] Releasing lock on daemon addresses registry.
2026-04-17T11:15:13.013+0530 [DEBUG] [org.gradle.launcher.daemon.server.DaemonStateCoordinator] daemon is running. Sleeping until state changes.
2026-04-17T11:15:13.013+0530 [DEBUG] [org.gradle.launcher.daemon.server.exec.ReturnResult] Daemon is dispatching the build result: Success[value=org.gradle.launcher.exec.BuildActionResult@34342456]
2026-04-17T11:15:13.013+0530 [DEBUG] [org.gradle.launcher.daemon.server.SynchronizedDispatchConnection] thread 230: dispatching Success[value=org.gradle.launcher.exec.BuildActionResult@34342456]
2026-04-17T11:15:13.014+0530 [DEBUG] [org.gradle.launcher.daemon.server.SynchronizedDispatchConnection] thread 231: received class org.gradle.launcher.daemon.protocol.CloseInput
2026-04-17T11:15:13.014+0530 [DEBUG] [org.gradle.launcher.daemon.server.DefaultIncomingConnectionHandler] Finishing executing command: Build{id=a8064985-ad9e-4a6e-90cb-4dc16e6168cd, currentDir=/home/intervest/Desktop/IIT/cloud/cw1/cc-cw-group-03/bff_service}
2026-04-17T11:15:13.014+0530 [DEBUG] [org.gradle.launcher.daemon.server.exec.CleanUpVirtualFileSystemAfterBuild] Cleaning virtual file system after build finished
2026-04-17T11:15:13.014+0530 [DEBUG] [org.gradle.launcher.daemon.server.DefaultDaemonConnection] thread 231: Received IO message from client: org.gradle.launcher.daemon.protocol.CloseInput@64b9e435
2026-04-17T11:15:13.014+0530 [DEBUG] [org.gradle.launcher.daemon.server.SynchronizedDispatchConnection] thread 231: received class org.gradle.launcher.daemon.protocol.Finished
2026-04-17T11:15:13.014+0530 [DEBUG] [org.gradle.launcher.daemon.server.DefaultDaemonConnection] thread 231: Received non-IO message from client: org.gradle.launcher.daemon.protocol.Finished@6a7e16d2
2026-04-17T11:15:13.014+0530 [DEBUG] [org.gradle.launcher.daemon.server.DefaultIncomingConnectionHandler] Received finished message: org.gradle.launcher.daemon.protocol.Finished@6a7e16d2
2026-04-17T11:15:13.014+0530 [DEBUG] [org.gradle.launcher.daemon.server.SynchronizedDispatchConnection] thread 230: stopping connection
2026-04-17T11:15:13.014+0530 [DEBUG] [org.gradle.internal.remote.internal.inet.SocketConnection] Discarding EOFException: java.io.EOFException
2026-04-17T11:15:13.014+0530 [DEBUG] [org.gradle.launcher.daemon.server.SynchronizedDispatchConnection] thread 231: received null
2026-04-17T11:15:13.014+0530 [DEBUG] [org.gradle.launcher.daemon.server.DefaultDaemonConnection] thread 231: Received end-of-input from client.
2026-04-17T11:15:13.015+0530 [DEBUG] [org.gradle.launcher.daemon.server.SynchronizedDispatchConnection] thread 230: stopping connection
2026-04-17T11:15:13.088+0530 [DEBUG] [org.gradle.cache.internal.LockOnDemandCrossProcessCacheAccess] Releasing file lock for journal cache (/home/intervest/Desktop/IIT/cloud/cw1/cc-cw-group-03/search_service/caches/journal-1)
2026-04-17T11:15:13.088+0530 [DEBUG] [org.gradle.cache.internal.btree.BTreePersistentIndexedCache] Closing cache file-access.bin (/home/intervest/Desktop/IIT/cloud/cw1/cc-cw-group-03/search_service/caches/journal-1/file-access.bin)
2026-04-17T11:15:13.088+0530 [DEBUG] [org.gradle.cache.internal.DefaultFileLockManager] Releasing lock on journal cache (/home/intervest/Desktop/IIT/cloud/cw1/cc-cw-group-03/search_service/caches/journal-1).
2026-04-17T11:15:13.089+0530 [DEBUG] [org.gradle.cache.internal.locklistener.DefaultFileLockCommunicator] Confirming lock release to process at port 49408 for lock with id -5368839697219282317.
2026-04-17T11:15:13.109+0530 [DEBUG] [org.gradle.cache.internal.locklistener.DefaultFileLockCommunicator] Confirming unlock request to process at port 49408 for lock with id 1234168774555593736.
2026-04-17T11:15:13.109+0530 [DEBUG] [org.gradle.cache.internal.LockOnDemandCrossProcessCacheAccess] Lock on file hash cache (/home/intervest/Desktop/IIT/cloud/cw1/cc-cw-group-03/search_service/caches/9.3.1/fileHashes) requested by another process - releasing lock.
2026-04-17T11:15:13.109+0530 [DEBUG] [org.gradle.cache.internal.LockOnDemandCrossProcessCacheAccess] Releasing file lock for file hash cache (/home/intervest/Desktop/IIT/cloud/cw1/cc-cw-group-03/search_service/caches/9.3.1/fileHashes)
2026-04-17T11:15:13.109+0530 [DEBUG] [org.gradle.cache.internal.btree.BTreePersistentIndexedCache] Closing cache fileHashes.bin (/home/intervest/Desktop/IIT/cloud/cw1/cc-cw-group-03/search_service/caches/9.3.1/fileHashes/fileHashes.bin)
2026-04-17T11:15:13.109+0530 [DEBUG] [org.gradle.cache.internal.btree.BTreePersistentIndexedCache] Closing cache resourceHashesCache.bin (/home/intervest/Desktop/IIT/cloud/cw1/cc-cw-group-03/search_service/caches/9.3.1/fileHashes/resourceHashesCache.bin)
2026-04-17T11:15:13.109+0530 [DEBUG] [org.gradle.cache.internal.DefaultFileLockManager] Releasing lock on file hash cache (/home/intervest/Desktop/IIT/cloud/cw1/cc-cw-group-03/search_service/caches/9.3.1/fileHashes).
2026-04-17T11:15:13.109+0530 [DEBUG] [org.gradle.cache.internal.locklistener.DefaultFileLockCommunicator] Confirming lock release to process at port 49408 for lock with id 1234168774555593736.
2026-04-17T11:15:13.114+0530 [DEBUG] [org.gradle.cache.internal.locklistener.DefaultFileLockCommunicator] Confirming unlock request to process at port 49408 for lock with id -1558646830964978079.
2026-04-17T11:15:13.114+0530 [DEBUG] [org.gradle.cache.internal.LockOnDemandCrossProcessCacheAccess] Lock on jars (/home/intervest/Desktop/IIT/cloud/cw1/cc-cw-group-03/search_service/caches/jars-9) requested by another process - releasing lock.
2026-04-17T11:15:13.114+0530 [DEBUG] [org.gradle.cache.internal.LockOnDemandCrossProcessCacheAccess] Releasing file lock for jars (/home/intervest/Desktop/IIT/cloud/cw1/cc-cw-group-03/search_service/caches/jars-9)
2026-04-17T11:15:13.114+0530 [DEBUG] [org.gradle.cache.internal.DefaultFileLockManager] Releasing lock on jars (/home/intervest/Desktop/IIT/cloud/cw1/cc-cw-group-03/search_service/caches/jars-9).
2026-04-17T11:15:13.114+0530 [DEBUG] [org.gradle.cache.internal.locklistener.DefaultFileLockCommunicator] Confirming lock release to process at port 49408 for lock with id -1558646830964978079.
2026-04-17T11:15:13.124+0530 [DEBUG] [org.gradle.cache.internal.locklistener.DefaultFileLockCommunicator] Confirming unlock request to process at port 49408 for lock with id -4726868134014860090.
2026-04-17T11:15:13.124+0530 [DEBUG] [org.gradle.cache.internal.LockOnDemandCrossProcessCacheAccess] Lock on artifact cache (/home/intervest/Desktop/IIT/cloud/cw1/cc-cw-group-03/search_service/caches/modules-2) requested by another process - releasing lock.
2026-04-17T11:15:13.125+0530 [DEBUG] [org.gradle.cache.internal.LockOnDemandCrossProcessCacheAccess] Releasing file lock for artifact cache (/home/intervest/Desktop/IIT/cloud/cw1/cc-cw-group-03/search_service/caches/modules-2)
2026-04-17T11:15:13.125+0530 [DEBUG] [org.gradle.cache.internal.btree.BTreePersistentIndexedCache] Closing cache module-artifact.bin (/home/intervest/Desktop/IIT/cloud/cw1/cc-cw-group-03/search_service/caches/modules-2/metadata-2.107/module-artifact.bin)
2026-04-17T11:15:13.125+0530 [DEBUG] [org.gradle.cache.internal.btree.BTreePersistentIndexedCache] Closing cache module-metadata.bin (/home/intervest/Desktop/IIT/cloud/cw1/cc-cw-group-03/search_service/caches/modules-2/metadata-2.107/module-metadata.bin)
2026-04-17T11:15:13.125+0530 [DEBUG] [org.gradle.cache.internal.btree.BTreePersistentIndexedCache] Closing cache resource-at-url.bin (/home/intervest/Desktop/IIT/cloud/cw1/cc-cw-group-03/search_service/caches/modules-2/metadata-2.107/resource-at-url.bin)
2026-04-17T11:15:13.125+0530 [DEBUG] [org.gradle.cache.internal.DefaultFileLockManager] Releasing lock on artifact cache (/home/intervest/Desktop/IIT/cloud/cw1/cc-cw-group-03/search_service/caches/modules-2).
2026-04-17T11:15:13.125+0530 [DEBUG] [org.gradle.cache.internal.locklistener.DefaultFileLockCommunicator] Confirming lock release to process at port 49408 for lock with id -4726868134014860090.
2026-04-17T11:15:20.519+0530 [DEBUG] [org.gradle.launcher.daemon.server.Daemon] Starting periodic daemon health check.
2026-04-17T11:15:20.520+0530 [DEBUG] [org.gradle.cache.internal.DefaultFileLockManager] Waiting to acquire shared lock on daemon addresses registry.
2026-04-17T11:15:20.520+0530 [DEBUG] [org.gradle.cache.internal.DefaultFileLockManager] Lock acquired on daemon addresses registry.
2026-04-17T11:15:20.520+0530 [DEBUG] [org.gradle.cache.internal.DefaultFileLockManager] Releasing lock on daemon addresses registry.
2026-04-17T11:15:20.521+0530 [DEBUG] [org.gradle.cache.internal.DefaultFileLockManager] Waiting to acquire shared lock on daemon addresses registry.
2026-04-17T11:15:20.521+0530 [DEBUG] [org.gradle.cache.internal.DefaultFileLockManager] Lock acquired on daemon addresses registry.
2026-04-17T11:15:20.521+0530 [DEBUG] [org.gradle.cache.internal.DefaultFileLockManager] Releasing lock on daemon addresses registry.
2026-04-17T11:15:20.522+0530 [DEBUG] [org.gradle.launcher.daemon.server.Daemon] Finished periodic daemon health check.
2026-04-17T11:15:30.519+0530 [DEBUG] [org.gradle.launcher.daemon.server.Daemon] Starting periodic daemon health check.
2026-04-17T11:15:30.519+0530 [DEBUG] [org.gradle.cache.internal.DefaultFileLockManager] Waiting to acquire shared lock on daemon addresses registry.
2026-04-17T11:15:30.519+0530 [DEBUG] [org.gradle.cache.internal.DefaultFileLockManager] Lock acquired on daemon addresses registry.
2026-04-17T11:15:30.520+0530 [DEBUG] [org.gradle.cache.internal.DefaultFileLockManager] Releasing lock on daemon addresses registry.
2026-04-17T11:15:30.520+0530 [DEBUG] [org.gradle.cache.internal.DefaultFileLockManager] Waiting to acquire shared lock on daemon addresses registry.
2026-04-17T11:15:30.520+0530 [DEBUG] [org.gradle.cache.internal.DefaultFileLockManager] Lock acquired on daemon addresses registry.
2026-04-17T11:15:30.520+0530 [DEBUG] [org.gradle.cache.internal.DefaultFileLockManager] Releasing lock on daemon addresses registry.
2026-04-17T11:15:30.520+0530 [DEBUG] [org.gradle.launcher.daemon.server.Daemon] Finished periodic daemon health check.
2026-04-17T11:15:40.519+0530 [DEBUG] [org.gradle.launcher.daemon.server.Daemon] Starting periodic daemon health check.
2026-04-17T11:15:40.520+0530 [DEBUG] [org.gradle.cache.internal.DefaultFileLockManager] Waiting to acquire shared lock on daemon addresses registry.
2026-04-17T11:15:40.520+0530 [DEBUG] [org.gradle.cache.internal.DefaultFileLockManager] Lock acquired on daemon addresses registry.
2026-04-17T11:15:40.520+0530 [DEBUG] [org.gradle.cache.internal.DefaultFileLockManager] Releasing lock on daemon addresses registry.
2026-04-17T11:15:40.521+0530 [DEBUG] [org.gradle.cache.internal.DefaultFileLockManager] Waiting to acquire shared lock on daemon addresses registry.
2026-04-17T11:15:40.521+0530 [DEBUG] [org.gradle.cache.internal.DefaultFileLockManager] Lock acquired on daemon addresses registry.
2026-04-17T11:15:40.521+0530 [DEBUG] [org.gradle.cache.internal.DefaultFileLockManager] Releasing lock on daemon addresses registry.
2026-04-17T11:15:40.521+0530 [DEBUG] [org.gradle.launcher.daemon.server.Daemon] Finished periodic daemon health check.
2026-04-17T11:15:50.519+0530 [DEBUG] [org.gradle.launcher.daemon.server.Daemon] Starting periodic daemon health check.
2026-04-17T11:15:50.519+0530 [DEBUG] [org.gradle.cache.internal.DefaultFileLockManager] Waiting to acquire shared lock on daemon addresses registry.
2026-04-17T11:15:50.520+0530 [DEBUG] [org.gradle.cache.internal.DefaultFileLockManager] Lock acquired on daemon addresses registry.
2026-04-17T11:15:50.520+0530 [DEBUG] [org.gradle.cache.internal.DefaultFileLockManager] Releasing lock on daemon addresses registry.
2026-04-17T11:15:50.520+0530 [DEBUG] [org.gradle.cache.internal.DefaultFileLockManager] Waiting to acquire shared lock on daemon addresses registry.
2026-04-17T11:15:50.520+0530 [DEBUG] [org.gradle.cache.internal.DefaultFileLockManager] Lock acquired on daemon addresses registry.
2026-04-17T11:15:50.520+0530 [DEBUG] [org.gradle.cache.internal.DefaultFileLockManager] Releasing lock on daemon addresses registry.
2026-04-17T11:15:50.520+0530 [DEBUG] [org.gradle.launcher.daemon.server.Daemon] Finished periodic daemon health check.
2026-04-17T11:16:00.520+0530 [DEBUG] [org.gradle.launcher.daemon.server.Daemon] Starting periodic daemon health check.
2026-04-17T11:16:00.520+0530 [DEBUG] [org.gradle.cache.internal.DefaultFileLockManager] Waiting to acquire shared lock on daemon addresses registry.
2026-04-17T11:16:00.520+0530 [DEBUG] [org.gradle.cache.internal.DefaultFileLockManager] Lock acquired on daemon addresses registry.
2026-04-17T11:16:00.520+0530 [DEBUG] [org.gradle.cache.internal.DefaultFileLockManager] Releasing lock on daemon addresses registry.
2026-04-17T11:16:00.521+0530 [DEBUG] [org.gradle.cache.internal.DefaultFileLockManager] Waiting to acquire shared lock on daemon addresses registry.
2026-04-17T11:16:00.521+0530 [DEBUG] [org.gradle.cache.internal.DefaultFileLockManager] Lock acquired on daemon addresses registry.
2026-04-17T11:16:00.521+0530 [DEBUG] [org.gradle.cache.internal.DefaultFileLockManager] Releasing lock on daemon addresses registry.
2026-04-17T11:16:00.521+0530 [DEBUG] [org.gradle.launcher.daemon.server.Daemon] Finished periodic daemon health check.
2026-04-17T11:16:10.519+0530 [DEBUG] [org.gradle.launcher.daemon.server.Daemon] Starting periodic daemon health check.
2026-04-17T11:16:10.519+0530 [DEBUG] [org.gradle.cache.internal.DefaultFileLockManager] Waiting to acquire shared lock on daemon addresses registry.
2026-04-17T11:16:10.519+0530 [DEBUG] [org.gradle.cache.internal.DefaultFileLockManager] Lock acquired on daemon addresses registry.
2026-04-17T11:16:10.520+0530 [DEBUG] [org.gradle.cache.internal.DefaultFileLockManager] Releasing lock on daemon addresses registry.
2026-04-17T11:16:10.520+0530 [DEBUG] [org.gradle.cache.internal.DefaultFileLockManager] Waiting to acquire shared lock on daemon addresses registry.
2026-04-17T11:16:10.520+0530 [DEBUG] [org.gradle.cache.internal.DefaultFileLockManager] Lock acquired on daemon addresses registry.
2026-04-17T11:16:10.520+0530 [DEBUG] [org.gradle.cache.internal.DefaultFileLockManager] Releasing lock on daemon addresses registry.
2026-04-17T11:16:10.520+0530 [DEBUG] [org.gradle.launcher.daemon.server.Daemon] Finished periodic daemon health check.
2026-04-17T11:16:20.519+0530 [DEBUG] [org.gradle.launcher.daemon.server.Daemon] Starting periodic daemon health check.
2026-04-17T11:16:20.519+0530 [DEBUG] [org.gradle.cache.internal.DefaultFileLockManager] Waiting to acquire shared lock on daemon addresses registry.
2026-04-17T11:16:20.520+0530 [DEBUG] [org.gradle.cache.internal.DefaultFileLockManager] Lock acquired on daemon addresses registry.
2026-04-17T11:16:20.520+0530 [DEBUG] [org.gradle.cache.internal.DefaultFileLockManager] Releasing lock on daemon addresses registry.
2026-04-17T11:16:20.521+0530 [DEBUG] [org.gradle.cache.internal.DefaultFileLockManager] Waiting to acquire shared lock on daemon addresses registry.
2026-04-17T11:16:20.521+0530 [DEBUG] [org.gradle.cache.internal.DefaultFileLockManager] Lock acquired on daemon addresses registry.
2026-04-17T11:16:20.521+0530 [DEBUG] [org.gradle.cache.internal.DefaultFileLockManager] Releasing lock on daemon addresses registry.
2026-04-17T11:16:20.521+0530 [DEBUG] [org.gradle.launcher.daemon.server.Daemon] Finished periodic daemon health check.
2026-04-17T11:16:30.519+0530 [DEBUG] [org.gradle.launcher.daemon.server.Daemon] Starting periodic daemon health check.
2026-04-17T11:16:30.520+0530 [DEBUG] [org.gradle.cache.internal.DefaultFileLockManager] Waiting to acquire shared lock on daemon addresses registry.
2026-04-17T11:16:30.520+0530 [DEBUG] [org.gradle.cache.internal.DefaultFileLockManager] Lock acquired on daemon addresses registry.
2026-04-17T11:16:30.521+0530 [DEBUG] [org.gradle.cache.internal.DefaultFileLockManager] Releasing lock on daemon addresses registry.
2026-04-17T11:16:30.521+0530 [DEBUG] [org.gradle.cache.internal.DefaultFileLockManager] Waiting to acquire shared lock on daemon addresses registry.
2026-04-17T11:16:30.521+0530 [DEBUG] [org.gradle.cache.internal.DefaultFileLockManager] Lock acquired on daemon addresses registry.
2026-04-17T11:16:30.521+0530 [DEBUG] [org.gradle.cache.internal.DefaultFileLockManager] Releasing lock on daemon addresses registry.
2026-04-17T11:16:30.521+0530 [DEBUG] [org.gradle.launcher.daemon.server.Daemon] Finished periodic daemon health check.
2026-04-17T11:16:40.519+0530 [DEBUG] [org.gradle.launcher.daemon.server.Daemon] Starting periodic daemon health check.
2026-04-17T11:16:40.519+0530 [DEBUG] [org.gradle.cache.internal.DefaultFileLockManager] Waiting to acquire shared lock on daemon addresses registry.
2026-04-17T11:16:40.519+0530 [DEBUG] [org.gradle.cache.internal.DefaultFileLockManager] Lock acquired on daemon addresses registry.
2026-04-17T11:16:40.519+0530 [DEBUG] [org.gradle.cache.internal.DefaultFileLockManager] Releasing lock on daemon addresses registry.
2026-04-17T11:16:40.519+0530 [DEBUG] [org.gradle.cache.internal.DefaultFileLockManager] Waiting to acquire shared lock on daemon addresses registry.
2026-04-17T11:16:40.519+0530 [DEBUG] [org.gradle.cache.internal.DefaultFileLockManager] Lock acquired on daemon addresses registry.
2026-04-17T11:16:40.519+0530 [DEBUG] [org.gradle.cache.internal.DefaultFileLockManager] Releasing lock on daemon addresses registry.
2026-04-17T11:16:40.519+0530 [DEBUG] [org.gradle.launcher.daemon.server.Daemon] Finished periodic daemon health check.
2026-04-17T11:16:50.519+0530 [DEBUG] [org.gradle.launcher.daemon.server.Daemon] Starting periodic daemon health check.
2026-04-17T11:16:50.520+0530 [DEBUG] [org.gradle.cache.internal.DefaultFileLockManager] Waiting to acquire shared lock on daemon addresses registry.
2026-04-17T11:16:50.520+0530 [DEBUG] [org.gradle.cache.internal.DefaultFileLockManager] Lock acquired on daemon addresses registry.
2026-04-17T11:16:50.520+0530 [DEBUG] [org.gradle.cache.internal.DefaultFileLockManager] Releasing lock on daemon addresses registry.
2026-04-17T11:16:50.521+0530 [DEBUG] [org.gradle.cache.internal.DefaultFileLockManager] Waiting to acquire shared lock on daemon addresses registry.
2026-04-17T11:16:50.521+0530 [DEBUG] [org.gradle.cache.internal.DefaultFileLockManager] Lock acquired on daemon addresses registry.
2026-04-17T11:16:50.521+0530 [DEBUG] [org.gradle.cache.internal.DefaultFileLockManager] Releasing lock on daemon addresses registry.
2026-04-17T11:16:50.522+0530 [DEBUG] [org.gradle.launcher.daemon.server.Daemon] Finished periodic daemon health check.
2026-04-17T11:17:00.519+0530 [DEBUG] [org.gradle.launcher.daemon.server.Daemon] Starting periodic daemon health check.
2026-04-17T11:17:00.520+0530 [DEBUG] [org.gradle.cache.internal.DefaultFileLockManager] Waiting to acquire shared lock on daemon addresses registry.
2026-04-17T11:17:00.520+0530 [DEBUG] [org.gradle.cache.internal.DefaultFileLockManager] Lock acquired on daemon addresses registry.
2026-04-17T11:17:00.520+0530 [DEBUG] [org.gradle.cache.internal.DefaultFileLockManager] Releasing lock on daemon addresses registry.
2026-04-17T11:17:00.520+0530 [DEBUG] [org.gradle.cache.internal.DefaultFileLockManager] Waiting to acquire shared lock on daemon addresses registry.
2026-04-17T11:17:00.520+0530 [DEBUG] [org.gradle.cache.internal.DefaultFileLockManager] Lock acquired on daemon addresses registry.
2026-04-17T11:17:00.520+0530 [DEBUG] [org.gradle.cache.internal.DefaultFileLockManager] Releasing lock on daemon addresses registry.
2026-04-17T11:17:00.520+0530 [DEBUG] [org.gradle.launcher.daemon.server.Daemon] Finished periodic daemon health check.
2026-04-17T11:17:10.519+0530 [DEBUG] [org.gradle.launcher.daemon.server.Daemon] Starting periodic daemon health check.
2026-04-17T11:17:10.520+0530 [DEBUG] [org.gradle.cache.internal.DefaultFileLockManager] Waiting to acquire shared lock on daemon addresses registry.
2026-04-17T11:17:10.520+0530 [DEBUG] [org.gradle.cache.internal.DefaultFileLockManager] Lock acquired on daemon addresses registry.
2026-04-17T11:17:10.520+0530 [DEBUG] [org.gradle.cache.internal.DefaultFileLockManager] Releasing lock on daemon addresses registry.
2026-04-17T11:17:10.520+0530 [DEBUG] [org.gradle.cache.internal.DefaultFileLockManager] Waiting to acquire shared lock on daemon addresses registry.
2026-04-17T11:17:10.520+0530 [DEBUG] [org.gradle.cache.internal.DefaultFileLockManager] Lock acquired on daemon addresses registry.
2026-04-17T11:17:10.520+0530 [DEBUG] [org.gradle.cache.internal.DefaultFileLockManager] Releasing lock on daemon addresses registry.
2026-04-17T11:17:10.521+0530 [DEBUG] [org.gradle.launcher.daemon.server.Daemon] Finished periodic daemon health check.
2026-04-17T11:17:20.519+0530 [DEBUG] [org.gradle.launcher.daemon.server.Daemon] Starting periodic daemon health check.
2026-04-17T11:17:20.519+0530 [DEBUG] [org.gradle.cache.internal.DefaultFileLockManager] Waiting to acquire shared lock on daemon addresses registry.
2026-04-17T11:17:20.520+0530 [DEBUG] [org.gradle.cache.internal.DefaultFileLockManager] Lock acquired on daemon addresses registry.
2026-04-17T11:17:20.520+0530 [DEBUG] [org.gradle.cache.internal.DefaultFileLockManager] Releasing lock on daemon addresses registry.
2026-04-17T11:17:20.520+0530 [DEBUG] [org.gradle.cache.internal.DefaultFileLockManager] Waiting to acquire shared lock on daemon addresses registry.
2026-04-17T11:17:20.520+0530 [DEBUG] [org.gradle.cache.internal.DefaultFileLockManager] Lock acquired on daemon addresses registry.
2026-04-17T11:17:20.521+0530 [DEBUG] [org.gradle.cache.internal.DefaultFileLockManager] Releasing lock on daemon addresses registry.
2026-04-17T11:17:20.521+0530 [DEBUG] [org.gradle.launcher.daemon.server.Daemon] Finished periodic daemon health check.
2026-04-17T11:17:30.519+0530 [DEBUG] [org.gradle.launcher.daemon.server.Daemon] Starting periodic daemon health check.
2026-04-17T11:17:30.519+0530 [DEBUG] [org.gradle.cache.internal.DefaultFileLockManager] Waiting to acquire shared lock on daemon addresses registry.
2026-04-17T11:17:30.519+0530 [DEBUG] [org.gradle.cache.internal.DefaultFileLockManager] Lock acquired on daemon addresses registry.
2026-04-17T11:17:30.519+0530 [DEBUG] [org.gradle.cache.internal.DefaultFileLockManager] Releasing lock on daemon addresses registry.
2026-04-17T11:17:30.519+0530 [DEBUG] [org.gradle.cache.internal.DefaultFileLockManager] Waiting to acquire shared lock on daemon addresses registry.
2026-04-17T11:17:30.519+0530 [DEBUG] [org.gradle.cache.internal.DefaultFileLockManager] Lock acquired on daemon addresses registry.
2026-04-17T11:17:30.519+0530 [DEBUG] [org.gradle.cache.internal.DefaultFileLockManager] Releasing lock on daemon addresses registry.
2026-04-17T11:17:30.519+0530 [DEBUG] [org.gradle.launcher.daemon.server.Daemon] Finished periodic daemon health check.
2026-04-17T11:17:40.519+0530 [DEBUG] [org.gradle.launcher.daemon.server.Daemon] Starting periodic daemon health check.
2026-04-17T11:17:40.519+0530 [DEBUG] [org.gradle.cache.internal.DefaultFileLockManager] Waiting to acquire shared lock on daemon addresses registry.
2026-04-17T11:17:40.519+0530 [DEBUG] [org.gradle.cache.internal.DefaultFileLockManager] Lock acquired on daemon addresses registry.
2026-04-17T11:17:40.519+0530 [DEBUG] [org.gradle.cache.internal.DefaultFileLockManager] Releasing lock on daemon addresses registry.
2026-04-17T11:17:40.520+0530 [DEBUG] [org.gradle.cache.internal.DefaultFileLockManager] Waiting to acquire shared lock on daemon addresses registry.
2026-04-17T11:17:40.520+0530 [DEBUG] [org.gradle.cache.internal.DefaultFileLockManager] Lock acquired on daemon addresses registry.
2026-04-17T11:17:40.520+0530 [DEBUG] [org.gradle.cache.internal.DefaultFileLockManager] Releasing lock on daemon addresses registry.
2026-04-17T11:17:40.520+0530 [DEBUG] [org.gradle.launcher.daemon.server.Daemon] Finished periodic daemon health check.
2026-04-17T11:17:50.519+0530 [DEBUG] [org.gradle.launcher.daemon.server.Daemon] Starting periodic daemon health check.
2026-04-17T11:17:50.519+0530 [DEBUG] [org.gradle.cache.internal.DefaultFileLockManager] Waiting to acquire shared lock on daemon addresses registry.
2026-04-17T11:17:50.519+0530 [DEBUG] [org.gradle.cache.internal.DefaultFileLockManager] Lock acquired on daemon addresses registry.
2026-04-17T11:17:50.520+0530 [DEBUG] [org.gradle.cache.internal.DefaultFileLockManager] Releasing lock on daemon addresses registry.
2026-04-17T11:17:50.520+0530 [DEBUG] [org.gradle.cache.internal.DefaultFileLockManager] Waiting to acquire shared lock on daemon addresses registry.
2026-04-17T11:17:50.520+0530 [DEBUG] [org.gradle.cache.internal.DefaultFileLockManager] Lock acquired on daemon addresses registry.
2026-04-17T11:17:50.520+0530 [DEBUG] [org.gradle.cache.internal.DefaultFileLockManager] Releasing lock on daemon addresses registry.
2026-04-17T11:17:50.520+0530 [DEBUG] [org.gradle.launcher.daemon.server.Daemon] Finished periodic daemon health check.
2026-04-17T11:18:00.519+0530 [DEBUG] [org.gradle.launcher.daemon.server.Daemon] Starting periodic daemon health check.
2026-04-17T11:18:00.519+0530 [DEBUG] [org.gradle.cache.internal.DefaultFileLockManager] Waiting to acquire shared lock on daemon addresses registry.
2026-04-17T11:18:00.520+0530 [DEBUG] [org.gradle.cache.internal.DefaultFileLockManager] Lock acquired on daemon addresses registry.
2026-04-17T11:18:00.520+0530 [DEBUG] [org.gradle.cache.internal.DefaultFileLockManager] Releasing lock on daemon addresses registry.
2026-04-17T11:18:00.520+0530 [DEBUG] [org.gradle.cache.internal.DefaultFileLockManager] Waiting to acquire shared lock on daemon addresses registry.
2026-04-17T11:18:00.520+0530 [DEBUG] [org.gradle.cache.internal.DefaultFileLockManager] Lock acquired on daemon addresses registry.
2026-04-17T11:18:00.520+0530 [DEBUG] [org.gradle.cache.internal.DefaultFileLockManager] Releasing lock on daemon addresses registry.
2026-04-17T11:18:00.520+0530 [DEBUG] [org.gradle.launcher.daemon.server.Daemon] Finished periodic daemon health check.
2026-04-17T11:18:10.519+0530 [DEBUG] [org.gradle.launcher.daemon.server.Daemon] Starting periodic daemon health check.
2026-04-17T11:18:10.520+0530 [DEBUG] [org.gradle.cache.internal.DefaultFileLockManager] Waiting to acquire shared lock on daemon addresses registry.
2026-04-17T11:18:10.520+0530 [DEBUG] [org.gradle.cache.internal.DefaultFileLockManager] Lock acquired on daemon addresses registry.
2026-04-17T11:18:10.520+0530 [DEBUG] [org.gradle.cache.internal.DefaultFileLockManager] Releasing lock on daemon addresses registry.
2026-04-17T11:18:10.520+0530 [DEBUG] [org.gradle.cache.internal.DefaultFileLockManager] Waiting to acquire shared lock on daemon addresses registry.
2026-04-17T11:18:10.520+0530 [DEBUG] [org.gradle.cache.internal.DefaultFileLockManager] Lock acquired on daemon addresses registry.
2026-04-17T11:18:10.521+0530 [DEBUG] [org.gradle.cache.internal.DefaultFileLockManager] Releasing lock on daemon addresses registry.
2026-04-17T11:18:10.521+0530 [DEBUG] [org.gradle.launcher.daemon.server.Daemon] Finished periodic daemon health check.
2026-04-17T11:18:20.519+0530 [DEBUG] [org.gradle.launcher.daemon.server.Daemon] Starting periodic daemon health check.
2026-04-17T11:18:20.519+0530 [DEBUG] [org.gradle.cache.internal.DefaultFileLockManager] Waiting to acquire shared lock on daemon addresses registry.
2026-04-17T11:18:20.519+0530 [DEBUG] [org.gradle.cache.internal.DefaultFileLockManager] Lock acquired on daemon addresses registry.
2026-04-17T11:18:20.519+0530 [DEBUG] [org.gradle.cache.internal.DefaultFileLockManager] Releasing lock on daemon addresses registry.
2026-04-17T11:18:20.519+0530 [DEBUG] [org.gradle.cache.internal.DefaultFileLockManager] Waiting to acquire shared lock on daemon addresses registry.
2026-04-17T11:18:20.519+0530 [DEBUG] [org.gradle.cache.internal.DefaultFileLockManager] Lock acquired on daemon addresses registry.
2026-04-17T11:18:20.520+0530 [DEBUG] [org.gradle.cache.internal.DefaultFileLockManager] Releasing lock on daemon addresses registry.
2026-04-17T11:18:20.520+0530 [DEBUG] [org.gradle.launcher.daemon.server.Daemon] Finished periodic daemon health check.
2026-04-17T11:18:30.519+0530 [DEBUG] [org.gradle.launcher.daemon.server.Daemon] Starting periodic daemon health check.
2026-04-17T11:18:30.520+0530 [DEBUG] [org.gradle.cache.internal.DefaultFileLockManager] Waiting to acquire shared lock on daemon addresses registry.
2026-04-17T11:18:30.520+0530 [DEBUG] [org.gradle.cache.internal.DefaultFileLockManager] Lock acquired on daemon addresses registry.
2026-04-17T11:18:30.520+0530 [DEBUG] [org.gradle.cache.internal.DefaultFileLockManager] Releasing lock on daemon addresses registry.
2026-04-17T11:18:30.520+0530 [DEBUG] [org.gradle.cache.internal.DefaultFileLockManager] Waiting to acquire shared lock on daemon addresses registry.
2026-04-17T11:18:30.521+0530 [DEBUG] [org.gradle.cache.internal.DefaultFileLockManager] Lock acquired on daemon addresses registry.
2026-04-17T11:18:30.521+0530 [DEBUG] [org.gradle.cache.internal.DefaultFileLockManager] Releasing lock on daemon addresses registry.
2026-04-17T11:18:30.521+0530 [DEBUG] [org.gradle.launcher.daemon.server.Daemon] Finished periodic daemon health check.
2026-04-17T11:18:40.519+0530 [DEBUG] [org.gradle.launcher.daemon.server.Daemon] Starting periodic daemon health check.
2026-04-17T11:18:40.519+0530 [DEBUG] [org.gradle.cache.internal.DefaultFileLockManager] Waiting to acquire shared lock on daemon addresses registry.
2026-04-17T11:18:40.519+0530 [DEBUG] [org.gradle.cache.internal.DefaultFileLockManager] Lock acquired on daemon addresses registry.
2026-04-17T11:18:40.520+0530 [DEBUG] [org.gradle.cache.internal.DefaultFileLockManager] Releasing lock on daemon addresses registry.
2026-04-17T11:18:40.520+0530 [DEBUG] [org.gradle.cache.internal.DefaultFileLockManager] Waiting to acquire shared lock on daemon addresses registry.
2026-04-17T11:18:40.520+0530 [DEBUG] [org.gradle.cache.internal.DefaultFileLockManager] Lock acquired on daemon addresses registry.
2026-04-17T11:18:40.520+0530 [DEBUG] [org.gradle.cache.internal.DefaultFileLockManager] Releasing lock on daemon addresses registry.
2026-04-17T11:18:40.520+0530 [DEBUG] [org.gradle.launcher.daemon.server.Daemon] Finished periodic daemon health check.
2026-04-17T11:18:50.519+0530 [DEBUG] [org.gradle.launcher.daemon.server.Daemon] Starting periodic daemon health check.
2026-04-17T11:18:50.519+0530 [DEBUG] [org.gradle.cache.internal.DefaultFileLockManager] Waiting to acquire shared lock on daemon addresses registry.
2026-04-17T11:18:50.519+0530 [DEBUG] [org.gradle.cache.internal.DefaultFileLockManager] Lock acquired on daemon addresses registry.
2026-04-17T11:18:50.519+0530 [DEBUG] [org.gradle.cache.internal.DefaultFileLockManager] Releasing lock on daemon addresses registry.
2026-04-17T11:18:50.519+0530 [DEBUG] [org.gradle.cache.internal.DefaultFileLockManager] Waiting to acquire shared lock on daemon addresses registry.
2026-04-17T11:18:50.519+0530 [DEBUG] [org.gradle.cache.internal.DefaultFileLockManager] Lock acquired on daemon addresses registry.
2026-04-17T11:18:50.519+0530 [DEBUG] [org.gradle.cache.internal.DefaultFileLockManager] Releasing lock on daemon addresses registry.
2026-04-17T11:18:50.519+0530 [DEBUG] [org.gradle.launcher.daemon.server.Daemon] Finished periodic daemon health check.
2026-04-17T11:18:53.769+0530 [DEBUG] [org.gradle.internal.remote.internal.inet.TcpIncomingConnector] Accepted connection from /127.0.0.1:56360 to /127.0.0.1:38301.
2026-04-17T11:18:53.771+0530 [DEBUG] [org.gradle.launcher.daemon.server.SynchronizedDispatchConnection] thread 389: received class org.gradle.launcher.daemon.protocol.StopWhenIdle
2026-04-17T11:18:53.771+0530 [DEBUG] [org.gradle.launcher.daemon.server.DefaultDaemonConnection] thread 389: Received non-IO message from client: StopWhenIdle[id=63bb03ca-b570-403d-ad08-720e0ea2234a]
2026-04-17T11:18:53.771+0530 [INFO] [org.gradle.launcher.daemon.server.DefaultIncomingConnectionHandler] Received command: StopWhenIdle[id=63bb03ca-b570-403d-ad08-720e0ea2234a].
2026-04-17T11:18:53.771+0530 [DEBUG] [org.gradle.launcher.daemon.server.DefaultIncomingConnectionHandler] Starting executing command: StopWhenIdle[id=63bb03ca-b570-403d-ad08-720e0ea2234a] with connection: socket connection from /127.0.0.1:38301 to /127.0.0.1:56360.
2026-04-17T11:18:53.772+0530 [DEBUG] [org.gradle.launcher.daemon.server.DaemonRegistryUpdater] Storing daemon stop event: stop command received
2026-04-17T11:18:53.773+0530 [DEBUG] [org.gradle.launcher.daemon.registry.PersistentDaemonRegistry] Storing daemon stop event with timestamp 1776404933772
2026-04-17T11:18:53.773+0530 [DEBUG] [org.gradle.cache.internal.DefaultFileLockManager] Waiting to acquire exclusive lock on daemon addresses registry.
2026-04-17T11:18:53.773+0530 [DEBUG] [org.gradle.cache.internal.DefaultFileLockManager] Lock acquired on daemon addresses registry.
2026-04-17T11:18:53.773+0530 [DEBUG] [org.gradle.cache.internal.DefaultFileLockManager] Releasing lock on daemon addresses registry.
2026-04-17T11:18:53.774+0530 [LIFECYCLE] [org.gradle.launcher.daemon.server.DaemonStateCoordinator] Daemon will be stopped at the end of the build stop command received
2026-04-17T11:18:53.774+0530 [DEBUG] [org.gradle.launcher.daemon.server.DaemonStateCoordinator] Marking daemon stopped due to stop command received. The daemon is not running a build
2026-04-17T11:18:53.774+0530 [DEBUG] [org.gradle.launcher.daemon.server.SynchronizedDispatchConnection] thread 388: dispatching Success[value=null]
2026-04-17T11:18:53.774+0530 [DEBUG] [org.gradle.launcher.daemon.server.DaemonStateCoordinator] daemon has stopped.
2026-04-17T11:18:53.774+0530 [DEBUG] [org.gradle.launcher.daemon.server.DefaultIncomingConnectionHandler] Finishing executing command: StopWhenIdle[id=63bb03ca-b570-403d-ad08-720e0ea2234a]
2026-04-17T11:18:53.774+0530 [DEBUG] [org.gradle.launcher.daemon.server.SynchronizedDispatchConnection] thread 389: received class org.gradle.launcher.daemon.protocol.Finished
2026-04-17T11:18:53.774+0530 [DEBUG] [org.gradle.launcher.daemon.server.DefaultDaemonConnection] thread 389: Received non-IO message from client: org.gradle.launcher.daemon.protocol.Finished@9e5788
2026-04-17T11:18:53.774+0530 [DEBUG] [org.gradle.launcher.daemon.server.DefaultIncomingConnectionHandler] Received finished message: org.gradle.launcher.daemon.protocol.Finished@9e5788
2026-04-17T11:18:53.774+0530 [DEBUG] [org.gradle.launcher.daemon.server.SynchronizedDispatchConnection] thread 388: stopping connection
2026-04-17T11:18:53.774+0530 [DEBUG] [org.gradle.internal.remote.internal.inet.SocketConnection] Discarding EOFException: java.io.EOFException
2026-04-17T11:18:53.774+0530 [DEBUG] [org.gradle.launcher.daemon.server.SynchronizedDispatchConnection] thread 389: received null
2026-04-17T11:18:53.774+0530 [DEBUG] [org.gradle.launcher.daemon.server.DefaultDaemonConnection] thread 389: Received end-of-input from client.
2026-04-17T11:18:53.774+0530 [DEBUG] [org.gradle.launcher.daemon.server.Daemon] stop() called on daemon
2026-04-17T11:18:53.774+0530 [INFO] [org.gradle.launcher.daemon.server.Daemon] Stop requested. Daemon is removing its presence from the registry...
2026-04-17T11:18:53.774+0530 [DEBUG] [org.gradle.launcher.daemon.server.DaemonRegistryUpdater] Removing our presence to clients, eg. removing this address from the registry: [fc206312-0373-4cf7-9a23-83a451f5e6d9 port:38301, addresses:[localhost/127.0.0.1]]
2026-04-17T11:18:53.774+0530 [DEBUG] [org.gradle.launcher.daemon.registry.PersistentDaemonRegistry] Removing daemon address: [fc206312-0373-4cf7-9a23-83a451f5e6d9 port:38301, addresses:[localhost/127.0.0.1]]
2026-04-17T11:18:53.775+0530 [DEBUG] [org.gradle.launcher.daemon.server.SynchronizedDispatchConnection] thread 388: stopping connection
2026-04-17T11:18:53.775+0530 [DEBUG] [org.gradle.cache.internal.DefaultFileLockManager] Waiting to acquire exclusive lock on daemon addresses registry.
2026-04-17T11:18:53.775+0530 [DEBUG] [org.gradle.cache.internal.DefaultFileLockManager] Lock acquired on daemon addresses registry.
2026-04-17T11:18:53.775+0530 [DEBUG] [org.gradle.cache.internal.DefaultFileLockManager] Releasing lock on daemon addresses registry.
2026-04-17T11:18:53.775+0530 [DEBUG] [org.gradle.launcher.daemon.server.DaemonRegistryUpdater] Address removed from registry.
2026-04-17T11:18:53.780+0530 [DEBUG] [org.gradle.cache.internal.DefaultCacheCleanupExecutor] jars (/home/intervest/Desktop/IIT/cloud/cw1/cc-cw-group-03/search_service/caches/jars-9) has last been fully cleaned up 613 hours ago
2026-04-17T11:18:53.780+0530 [DEBUG] [org.gradle.internal.operations.DefaultBuildOperationRunner] Build operation 'Clean up jars (/home/intervest/Desktop/IIT/cloud/cw1/cc-cw-group-03/search_service/caches/jars-9)' started
2026-04-17T11:18:53.781+0530 [INFO] [org.gradle.cache.internal.AbstractCacheCleanup] jars (/home/intervest/Desktop/IIT/cloud/cw1/cc-cw-group-03/search_service/caches/jars-9) cleanup deleted 0 files/directories.
2026-04-17T11:18:53.781+0530 [INFO] [org.gradle.cache.internal.LeastRecentlyUsedCacheCleanup] jars (/home/intervest/Desktop/IIT/cloud/cw1/cc-cw-group-03/search_service/caches/jars-9) removing files not accessed on or after Fri Apr 10 11:18:53 IST 2026.
2026-04-17T11:18:53.782+0530 [DEBUG] [org.gradle.cache.internal.LockOnDemandCrossProcessCacheAccess] Acquiring file lock for journal cache (/home/intervest/Desktop/IIT/cloud/cw1/cc-cw-group-03/search_service/caches/journal-1)
2026-04-17T11:18:53.782+0530 [DEBUG] [org.gradle.cache.internal.DefaultFileLockManager] Waiting to acquire exclusive lock on journal cache (/home/intervest/Desktop/IIT/cloud/cw1/cc-cw-group-03/search_service/caches/journal-1).
2026-04-17T11:18:53.782+0530 [DEBUG] [org.gradle.cache.internal.DefaultFileLockManager] The file lock for journal cache (/home/intervest/Desktop/IIT/cloud/cw1/cc-cw-group-03/search_service/caches/journal-1) is held by a different process (pid: 32380, lockId: -4971488751834312116). Pinged owner at port 49408
2026-04-17T11:18:53.783+0530 [DEBUG] [org.gradle.cache.internal.locklistener.DefaultFileLockContentionHandler] Process at port 49408 confirmed unlock request for lock with id -4971488751834312116.
2026-04-17T11:18:53.784+0530 [DEBUG] [org.gradle.cache.internal.locklistener.DefaultFileLockContentionHandler] Process at port 49408 confirmed lock release for lock with id -4971488751834312116.
2026-04-17T11:18:53.784+0530 [DEBUG] [org.gradle.cache.internal.locklistener.DefaultFileLockContentionHandler] Triggering lock release signal for lock with id -4971488751834312116.
2026-04-17T11:18:53.785+0530 [DEBUG] [org.gradle.cache.internal.DefaultFileLockManager] Lock acquired on journal cache (/home/intervest/Desktop/IIT/cloud/cw1/cc-cw-group-03/search_service/caches/journal-1).
2026-04-17T11:18:53.785+0530 [INFO] [org.gradle.cache.internal.InMemoryDecoratedCache] Invalidating in-memory cache of /home/intervest/Desktop/IIT/cloud/cw1/cc-cw-group-03/search_service/caches/journal-1/file-access.bin
2026-04-17T11:18:53.785+0530 [DEBUG] [org.gradle.cache.internal.btree.BTreePersistentIndexedCache] Opening cache file-access.bin (/home/intervest/Desktop/IIT/cloud/cw1/cc-cw-group-03/search_service/caches/journal-1/file-access.bin)
2026-04-17T11:18:53.789+0530 [INFO] [org.gradle.cache.internal.AbstractCacheCleanup] jars (/home/intervest/Desktop/IIT/cloud/cw1/cc-cw-group-03/search_service/caches/jars-9) cleanup deleted 0 files/directories.
2026-04-17T11:18:53.789+0530 [DEBUG] [org.gradle.internal.operations.DefaultBuildOperationRunner] Completing Build operation 'Clean up jars (/home/intervest/Desktop/IIT/cloud/cw1/cc-cw-group-03/search_service/caches/jars-9)'
2026-04-17T11:18:53.789+0530 [DEBUG] [org.gradle.internal.operations.DefaultBuildOperationRunner] Build operation 'Clean up jars (/home/intervest/Desktop/IIT/cloud/cw1/cc-cw-group-03/search_service/caches/jars-9)' completed
2026-04-17T11:18:53.789+0530 [DEBUG] [org.gradle.cache.internal.locklistener.DefaultFileLockCommunicator] Confirming unlock request to process at port 49408 for lock with id -1609344541859539719.
2026-04-17T11:18:53.789+0530 [DEBUG] [org.gradle.cache.internal.LockOnDemandCrossProcessCacheAccess] Lock on journal cache (/home/intervest/Desktop/IIT/cloud/cw1/cc-cw-group-03/search_service/caches/journal-1) requested by another process - lock is in use and will be released when operation completed.
2026-04-17T11:18:53.789+0530 [INFO] [org.gradle.cache.internal.DefaultCacheCleanupExecutor] jars (/home/intervest/Desktop/IIT/cloud/cw1/cc-cw-group-03/search_service/caches/jars-9) cleaned up in 0.009 secs.
2026-04-17T11:18:53.789+0530 [DEBUG] [org.gradle.cache.internal.DefaultCacheCoordinator] Cache jars (/home/intervest/Desktop/IIT/cloud/cw1/cc-cw-group-03/search_service/caches/jars-9) was closed 2 times.
2026-04-17T11:18:53.790+0530 [DEBUG] [org.gradle.cache.internal.LockOnDemandCrossProcessCacheAccess] Releasing file lock for file content cache (/home/intervest/Desktop/IIT/cloud/cw1/cc-cw-group-03/search_service/caches/9.3.1/fileContent)
2026-04-17T11:18:53.790+0530 [DEBUG] [org.gradle.cache.internal.DefaultFileLockManager] Releasing lock on file content cache (/home/intervest/Desktop/IIT/cloud/cw1/cc-cw-group-03/search_service/caches/9.3.1/fileContent).
2026-04-17T11:18:53.790+0530 [DEBUG] [org.gradle.internal.watch.vfs.impl.WatchingVirtualFileSystem] Closing VFS, dropping state
2026-04-17T11:18:53.791+0530 [DEBUG] [org.gradle.internal.watch.registry.impl.DefaultFileWatcherRegistry] Finished listening to file system change events
2026-04-17T11:18:53.791+0530 [DEBUG] [org.gradle.cache.internal.DefaultCacheCoordinator] Cache Generated Gradle JARs cache (/home/intervest/Desktop/IIT/cloud/cw1/cc-cw-group-03/search_service/caches/9.3.1/generated-gradle-jars) was closed 0 times.
2026-04-17T11:18:53.791+0530 [DEBUG] [org.gradle.cache.internal.DefaultCacheCleanupExecutor] artifact cache (/home/intervest/Desktop/IIT/cloud/cw1/cc-cw-group-03/search_service/caches/modules-2) has last been fully cleaned up 613 hours ago
2026-04-17T11:18:53.791+0530 [DEBUG] [org.gradle.internal.operations.DefaultBuildOperationRunner] Build operation 'Clean up artifact cache (/home/intervest/Desktop/IIT/cloud/cw1/cc-cw-group-03/search_service/caches/modules-2)' started
2026-04-17T11:18:53.792+0530 [INFO] [org.gradle.cache.internal.AbstractCacheCleanup] artifact cache (/home/intervest/Desktop/IIT/cloud/cw1/cc-cw-group-03/search_service/caches/modules-2) cleanup deleted 0 files/directories.
2026-04-17T11:18:53.792+0530 [INFO] [org.gradle.cache.internal.AbstractCacheCleanup] artifact cache (/home/intervest/Desktop/IIT/cloud/cw1/cc-cw-group-03/search_service/caches/modules-2) [subdir: /home/intervest/Desktop/IIT/cloud/cw1/cc-cw-group-03/search_service/caches/modules-2/resources-2.1] cleanup deleted 0 files/directories.
2026-04-17T11:18:53.793+0530 [INFO] [org.gradle.cache.internal.LeastRecentlyUsedCacheCleanup] artifact cache (/home/intervest/Desktop/IIT/cloud/cw1/cc-cw-group-03/search_service/caches/modules-2) [subdir: /home/intervest/Desktop/IIT/cloud/cw1/cc-cw-group-03/search_service/caches/modules-2/resources-2.1] removing files not accessed on or after Wed Mar 18 11:18:53 IST 2026.
2026-04-17T11:18:53.793+0530 [INFO] [org.gradle.cache.internal.AbstractCacheCleanup] artifact cache (/home/intervest/Desktop/IIT/cloud/cw1/cc-cw-group-03/search_service/caches/modules-2) [subdir: /home/intervest/Desktop/IIT/cloud/cw1/cc-cw-group-03/search_service/caches/modules-2/resources-2.1] cleanup deleted 0 files/directories.
2026-04-17T11:18:53.793+0530 [INFO] [org.gradle.cache.internal.AbstractCacheCleanup] artifact cache (/home/intervest/Desktop/IIT/cloud/cw1/cc-cw-group-03/search_service/caches/modules-2) [subdir: /home/intervest/Desktop/IIT/cloud/cw1/cc-cw-group-03/search_service/caches/modules-2/files-2.1] cleanup deleted 0 files/directories.
2026-04-17T11:18:53.793+0530 [INFO] [org.gradle.cache.internal.LeastRecentlyUsedCacheCleanup] artifact cache (/home/intervest/Desktop/IIT/cloud/cw1/cc-cw-group-03/search_service/caches/modules-2) [subdir: /home/intervest/Desktop/IIT/cloud/cw1/cc-cw-group-03/search_service/caches/modules-2/files-2.1] removing files not accessed on or after Wed Mar 18 11:18:53 IST 2026.
2026-04-17T11:18:53.868+0530 [INFO] [org.gradle.cache.internal.AbstractCacheCleanup] artifact cache (/home/intervest/Desktop/IIT/cloud/cw1/cc-cw-group-03/search_service/caches/modules-2) [subdir: /home/intervest/Desktop/IIT/cloud/cw1/cc-cw-group-03/search_service/caches/modules-2/files-2.1] cleanup deleted 167 files/directories.
2026-04-17T11:18:53.868+0530 [INFO] [org.gradle.cache.internal.AbstractCacheCleanup] artifact cache (/home/intervest/Desktop/IIT/cloud/cw1/cc-cw-group-03/search_service/caches/modules-2) [subdir: /home/intervest/Desktop/IIT/cloud/cw1/cc-cw-group-03/search_service/caches/modules-2/metadata-2.107] cleanup deleted 0 files/directories.
2026-04-17T11:18:53.868+0530 [INFO] [org.gradle.cache.internal.AbstractCacheCleanup] artifact cache (/home/intervest/Desktop/IIT/cloud/cw1/cc-cw-group-03/search_service/caches/modules-2) cleanup deleted 0 files/directories.
2026-04-17T11:18:53.868+0530 [DEBUG] [org.gradle.internal.operations.DefaultBuildOperationRunner] Completing Build operation 'Clean up artifact cache (/home/intervest/Desktop/IIT/cloud/cw1/cc-cw-group-03/search_service/caches/modules-2)'
2026-04-17T11:18:53.868+0530 [DEBUG] [org.gradle.internal.operations.DefaultBuildOperationRunner] Build operation 'Clean up artifact cache (/home/intervest/Desktop/IIT/cloud/cw1/cc-cw-group-03/search_service/caches/modules-2)' completed
2026-04-17T11:18:53.868+0530 [INFO] [org.gradle.cache.internal.DefaultCacheCleanupExecutor] artifact cache (/home/intervest/Desktop/IIT/cloud/cw1/cc-cw-group-03/search_service/caches/modules-2) cleaned up in 0.076 secs.
2026-04-17T11:18:53.868+0530 [DEBUG] [org.gradle.cache.internal.DefaultCacheCleanupExecutor] groovy-dsl (/home/intervest/Desktop/IIT/cloud/cw1/cc-cw-group-03/search_service/caches/9.3.1/groovy-dsl) has last been fully cleaned up 613 hours ago
2026-04-17T11:18:53.868+0530 [DEBUG] [org.gradle.internal.operations.DefaultBuildOperationRunner] Build operation 'Clean up groovy-dsl (/home/intervest/Desktop/IIT/cloud/cw1/cc-cw-group-03/search_service/caches/9.3.1/groovy-dsl)' started
2026-04-17T11:18:53.868+0530 [INFO] [org.gradle.cache.internal.LeastRecentlyUsedCacheCleanup] groovy-dsl (/home/intervest/Desktop/IIT/cloud/cw1/cc-cw-group-03/search_service/caches/9.3.1/groovy-dsl) removing files not accessed on or after Fri Apr 10 11:18:53 IST 2026.
2026-04-17T11:18:53.869+0530 [INFO] [org.gradle.cache.internal.AbstractCacheCleanup] groovy-dsl (/home/intervest/Desktop/IIT/cloud/cw1/cc-cw-group-03/search_service/caches/9.3.1/groovy-dsl) cleanup deleted 0 files/directories.
2026-04-17T11:18:53.869+0530 [DEBUG] [org.gradle.internal.operations.DefaultBuildOperationRunner] Completing Build operation 'Clean up groovy-dsl (/home/intervest/Desktop/IIT/cloud/cw1/cc-cw-group-03/search_service/caches/9.3.1/groovy-dsl)'
2026-04-17T11:18:53.869+0530 [DEBUG] [org.gradle.internal.operations.DefaultBuildOperationRunner] Build operation 'Clean up groovy-dsl (/home/intervest/Desktop/IIT/cloud/cw1/cc-cw-group-03/search_service/caches/9.3.1/groovy-dsl)' completed
2026-04-17T11:18:53.870+0530 [INFO] [org.gradle.cache.internal.DefaultCacheCleanupExecutor] groovy-dsl (/home/intervest/Desktop/IIT/cloud/cw1/cc-cw-group-03/search_service/caches/9.3.1/groovy-dsl) cleaned up in 0.001 secs.
2026-04-17T11:18:53.870+0530 [DEBUG] [org.gradle.cache.internal.DefaultCacheCoordinator] Cache groovy-dsl (/home/intervest/Desktop/IIT/cloud/cw1/cc-cw-group-03/search_service/caches/9.3.1/groovy-dsl) was closed 0 times.
2026-04-17T11:18:53.870+0530 [DEBUG] [org.gradle.cache.internal.DefaultCacheCleanupExecutor] Artifact transforms cache (/home/intervest/Desktop/IIT/cloud/cw1/cc-cw-group-03/search_service/caches/9.3.1/transforms) has last been fully cleaned up 613 hours ago
2026-04-17T11:18:53.870+0530 [DEBUG] [org.gradle.internal.operations.DefaultBuildOperationRunner] Build operation 'Clean up Artifact transforms cache (/home/intervest/Desktop/IIT/cloud/cw1/cc-cw-group-03/search_service/caches/9.3.1/transforms)' started
2026-04-17T11:18:53.870+0530 [INFO] [org.gradle.cache.internal.LeastRecentlyUsedCacheCleanup] Artifact transforms cache (/home/intervest/Desktop/IIT/cloud/cw1/cc-cw-group-03/search_service/caches/9.3.1/transforms) removing files not accessed on or after Fri Apr 10 11:18:53 IST 2026.
2026-04-17T11:18:53.876+0530 [INFO] [org.gradle.cache.internal.AbstractCacheCleanup] Artifact transforms cache (/home/intervest/Desktop/IIT/cloud/cw1/cc-cw-group-03/search_service/caches/9.3.1/transforms) cleanup deleted 0 files/directories.
2026-04-17T11:18:53.876+0530 [DEBUG] [org.gradle.internal.operations.DefaultBuildOperationRunner] Completing Build operation 'Clean up Artifact transforms cache (/home/intervest/Desktop/IIT/cloud/cw1/cc-cw-group-03/search_service/caches/9.3.1/transforms)'
2026-04-17T11:18:53.876+0530 [DEBUG] [org.gradle.internal.operations.DefaultBuildOperationRunner] Build operation 'Clean up Artifact transforms cache (/home/intervest/Desktop/IIT/cloud/cw1/cc-cw-group-03/search_service/caches/9.3.1/transforms)' completed
2026-04-17T11:18:53.876+0530 [INFO] [org.gradle.cache.internal.DefaultCacheCleanupExecutor] Artifact transforms cache (/home/intervest/Desktop/IIT/cloud/cw1/cc-cw-group-03/search_service/caches/9.3.1/transforms) cleaned up in 0.006 secs.
2026-04-17T11:18:53.877+0530 [DEBUG] [org.gradle.cache.internal.DefaultCacheCoordinator] Cache Artifact transforms cache (/home/intervest/Desktop/IIT/cloud/cw1/cc-cw-group-03/search_service/caches/9.3.1/transforms) was closed 0 times.
2026-04-17T11:18:53.877+0530 [DEBUG] [org.gradle.cache.internal.LockOnDemandCrossProcessCacheAccess] Releasing file lock for journal cache (/home/intervest/Desktop/IIT/cloud/cw1/cc-cw-group-03/search_service/caches/journal-1)
2026-04-17T11:18:53.877+0530 [DEBUG] [org.gradle.cache.internal.btree.BTreePersistentIndexedCache] Closing cache file-access.bin (/home/intervest/Desktop/IIT/cloud/cw1/cc-cw-group-03/search_service/caches/journal-1/file-access.bin)
2026-04-17T11:18:53.877+0530 [DEBUG] [org.gradle.cache.internal.DefaultFileLockManager] Releasing lock on journal cache (/home/intervest/Desktop/IIT/cloud/cw1/cc-cw-group-03/search_service/caches/journal-1).
2026-04-17T11:18:53.877+0530 [DEBUG] [org.gradle.cache.internal.locklistener.DefaultFileLockCommunicator] Confirming lock release to process at port 49408 for lock with id -1609344541859539719.
2026-04-17T11:18:53.877+0530 [DEBUG] [org.gradle.cache.internal.DefaultCacheCoordinator] Cache journal cache (/home/intervest/Desktop/IIT/cloud/cw1/cc-cw-group-03/search_service/caches/journal-1) was closed 3 times.
2026-04-17T11:18:53.877+0530 [DEBUG] [org.gradle.cache.internal.DefaultCacheCoordinator] Cache file hash cache (/home/intervest/Desktop/IIT/cloud/cw1/cc-cw-group-03/search_service/caches/9.3.1/fileHashes) was closed 2 times.
2026-04-17T11:18:53.878+0530 [DEBUG] [org.gradle.internal.operations.DefaultBuildOperationRunner] Build operation 'Deleting unused version-specific caches in /home/intervest/Desktop/IIT/cloud/cw1/cc-cw-group-03/search_service/caches' started
2026-04-17T11:18:53.878+0530 [DEBUG] [org.gradle.cache.internal.VersionSpecificCacheCleanupAction] Processed version-specific caches at /home/intervest/Desktop/IIT/cloud/cw1/cc-cw-group-03/search_service/caches for cleanup in 0.0 secs
2026-04-17T11:18:53.878+0530 [DEBUG] [org.gradle.internal.operations.DefaultBuildOperationRunner] Completing Build operation 'Deleting unused version-specific caches in /home/intervest/Desktop/IIT/cloud/cw1/cc-cw-group-03/search_service/caches'
2026-04-17T11:18:53.878+0530 [DEBUG] [org.gradle.internal.operations.DefaultBuildOperationRunner] Build operation 'Deleting unused version-specific caches in /home/intervest/Desktop/IIT/cloud/cw1/cc-cw-group-03/search_service/caches' completed
2026-04-17T11:18:53.879+0530 [DEBUG] [org.gradle.internal.operations.DefaultBuildOperationRunner] Build operation 'Deleting unused Gradle distributions in /home/intervest/Desktop/IIT/cloud/cw1/cc-cw-group-03/search_service/wrapper/dists' started
2026-04-17T11:18:53.880+0530 [DEBUG] [org.gradle.internal.operations.DefaultBuildOperationRunner] Completing Build operation 'Deleting unused Gradle distributions in /home/intervest/Desktop/IIT/cloud/cw1/cc-cw-group-03/search_service/wrapper/dists'
2026-04-17T11:18:53.881+0530 [DEBUG] [org.gradle.internal.operations.DefaultBuildOperationRunner] Build operation 'Deleting unused Gradle distributions in /home/intervest/Desktop/IIT/cloud/cw1/cc-cw-group-03/search_service/wrapper/dists' completed
2026-04-17T11:18:53.881+0530 [DEBUG] [org.gradle.launcher.daemon.server.Daemon] stop() called on daemon
2026-04-17T11:18:53.881+0530 [INFO] [org.gradle.launcher.daemon.server.Daemon] Stop requested. Daemon is removing its presence from the registry...
2026-04-17T11:18:53.881+0530 [DEBUG] [org.gradle.launcher.daemon.server.DaemonRegistryUpdater] Removing our presence to clients, eg. removing this address from the registry: [fc206312-0373-4cf7-9a23-83a451f5e6d9 port:38301, addresses:[localhost/127.0.0.1]]
2026-04-17T11:18:53.881+0530 [DEBUG] [org.gradle.launcher.daemon.registry.PersistentDaemonRegistry] Removing daemon address: [fc206312-0373-4cf7-9a23-83a451f5e6d9 port:38301, addresses:[localhost/127.0.0.1]]
2026-04-17T11:18:53.881+0530 [DEBUG] [org.gradle.cache.internal.DefaultFileLockManager] Waiting to acquire exclusive lock on daemon addresses registry.
2026-04-17T11:18:53.881+0530 [DEBUG] [org.gradle.cache.internal.DefaultFileLockManager] Lock acquired on daemon addresses registry.
2026-04-17T11:18:53.882+0530 [DEBUG] [org.gradle.cache.internal.DefaultFileLockManager] Releasing lock on daemon addresses registry.
2026-04-17T11:18:53.882+0530 [DEBUG] [org.gradle.launcher.daemon.server.DaemonRegistryUpdater] Address removed from registry.
2026-04-17T11:18:53.882+0530 [DEBUG] [org.gradle.cache.internal.locklistener.DefaultFileLockContentionHandler] File lock listener thread completed.
2026-04-17T11:18:53.884+0530 [DEBUG] [java.lang.Runtime] Runtime.exit() called with status: 0
java.lang.Throwable: Runtime.exit(0)
	at java.base/java.lang.Shutdown.logRuntimeExit(Shutdown.java:179)
	at java.base/java.lang.Shutdown.exit(Shutdown.java:160)
	at java.base/java.lang.Runtime.exit(Runtime.java:177)
	at java.base/java.lang.System.exit(System.java:1540)
	at org.gradle.launcher.bootstrap.ProcessCompleter.complete(ProcessCompleter.java:21)
	at org.gradle.launcher.bootstrap.EntryPoint.run(EntryPoint.java:62)
	at java.base/jdk.internal.reflect.DirectMethodHandleAccessor.invoke(DirectMethodHandleAccessor.java:104)
	at java.base/java.lang.reflect.Method.invoke(Method.java:565)
	at org.gradle.launcher.bootstrap.ProcessBootstrap.runNoExit(ProcessBootstrap.java:72)
	at org.gradle.launcher.bootstrap.ProcessBootstrap.run(ProcessBootstrap.java:39)
	at org.gradle.launcher.daemon.bootstrap.GradleDaemon.main(GradleDaemon.java:22)
Daemon vm is shutting down... The daemon has exited normally or was terminated in response to a user interrupt.
2026-04-17T11:18:53.885+0530 [DEBUG] [org.gradle.launcher.daemon.registry.PersistentDaemonRegistry] Removing daemon address: [fc206312-0373-4cf7-9a23-83a451f5e6d9 port:38301, addresses:[localhost/127.0.0.1]]
2026-04-17T11:18:53.885+0530 [DEBUG] [org.gradle.launcher.daemon.server.Daemon] VM shutdown hook was unable to remove the daemon address from the registry. It will be cleaned up later.
java.lang.IllegalStateException: Cannot start managing file contention because this handler has been closed.
	at org.gradle.cache.internal.locklistener.DefaultFileLockContentionHandler.assertNotStopped(DefaultFileLockContentionHandler.java:267)
	at org.gradle.cache.internal.locklistener.DefaultFileLockContentionHandler.reservePort(DefaultFileLockContentionHandler.java:312)
	at org.gradle.cache.internal.DefaultFileLockManager.lock(DefaultFileLockManager.java:124)
	at org.gradle.cache.internal.DefaultFileLockManager.lock(DefaultFileLockManager.java:106)
	at org.gradle.cache.internal.DefaultFileLockManager.lock(DefaultFileLockManager.java:101)
	at org.gradle.cache.internal.OnDemandFileAccess.updateFile(OnDemandFileAccess.java:51)
	at org.gradle.cache.internal.FileBackedObjectHolder.update(FileBackedObjectHolder.java:77)
	at org.gradle.cache.internal.FileIntegrityViolationSuppressingObjectHolderDecorator.lambda$update$0(FileIntegrityViolationSuppressingObjectHolderDecorator.java:48)
	at org.gradle.cache.internal.FileIntegrityViolationSuppressingObjectHolderDecorator.doUpdate(FileIntegrityViolationSuppressingObjectHolderDecorator.java:58)
	at org.gradle.cache.internal.FileIntegrityViolationSuppressingObjectHolderDecorator.update(FileIntegrityViolationSuppressingObjectHolderDecorator.java:48)
	at org.gradle.launcher.daemon.registry.PersistentDaemonRegistry.remove(PersistentDaemonRegistry.java:133)
	at org.gradle.launcher.daemon.server.Daemon$1.run(Daemon.java:133)
	at java.base/java.lang.Thread.run(Thread.java:1474)
